ACCIDENT_YEAR,COLLISION_DATE,COLLISION_TIME,MONTH,SEASON,24HOURS,DAY_OF_WEEK,INTERSECTION,WEATHER_1,STATE_HWY_IND,ROAD_SURFACE,ROAD_COND_1,LIGHTING,STWD_VEHTYPE_AT_FAULT,CHP_VEHTYPE_AT_FAULT,DIRECTION,PCF_VIOL_CATEGORY,TYPE_OF_COLLISION,PEDESTRIAN_ACCIDENT,BICYCLE_ACCIDENT,MOTORCYCLE_ACCIDENT,TRUCK_ACCIDENT,MVIW,TOW_AWAY,HIT_AND_RUN,CONTROL_DEVICE,NUMBER_INJURED,COUNT_PED_INJURED,COUNT_BICYCLIST_INJURED,COUNT_MC_INJURED,PCF_VIOLATION,PARTY_COUNT,POINT_Y,POINT_X,COLLISION_SEVERITY
2011,2011-05-26,1807,5,1,18,4,Y,A,N,A,H,A,A,01,,09,H,,Y,,,G,Y,N,D,1,0,1,0,21804.0,2,38.34601,-122.70996,3
2011,2011-06-10,1903,6,2,19,5,Y,A,N,A,H,A,A,01,,03,C,,,,,C,N,N,A,2,0,0,0,22350.0,2,38.62622,-122.87267,4
2011,2011-06-07,1216,6,2,12,2,Y,A,N,A,H,A,A,01,,09,D,,,,,C,Y,N,A,1,0,0,0,21453.0,2,38.34895,-122.72126,4
2011,2011-06-05,1256,6,2,12,7,N,B,N,A,H,A,A,01,W,03,C,,,,,C,Y,N,D,1,0,0,0,22350.0,2,38.34834599,-122.71027039,4
2011,2011-06-25,1550,6,2,15,6,N,A,Y,A,H,A,A,01,W,04,C,,,,,C,N,N,D,1,0,0,0,21703.0,2,38.15578558,-122.40877351,4
2011,2011-06-17,1459,6,2,14,5,N,A,Y,A,H,A,A,01,E,03,C,,,,,C,Y,N,A,2,0,0,0,22350.0,3,38.13426029,-122.47587275,4
2011,2011-06-17,1440,6,2,14,5,Y,A,Y,A,H,A,A,01,,07,B,,,Y,,C,Y,N,A,1,0,0,1,21658.0,2,38.13399501,-122.47632321,4
2011,2011-07-03,1611,7,2,16,7,N,A,N,A,H,A,-,- ,W,03,C,,,,,C,N,N,A,1,0,0,0,22350.0,2,38.54727502,-122.82280816,4
2011,2011-06-15,1420,6,2,14,3,N,A,Y,A,H,A,D,22,N,07,E,,,,,I,Y,N,D,2,0,0,0,21658.0,1,38.25235466,-122.63819804,4
2011,2011-06-28,1540,6,2,15,2,N,B,Y,B,D,A,-,- ,S,00,B,,,,Y,C,Y,N,D,2,0,0,0,,2,38.30065573,-122.7058471,4
2011,2011-06-28,1005,6,2,10,2,N,C,Y,B,H,A,G,25,N,04,C,,,,Y,C,Y,N,D,1,0,0,0,21703.0,3,38.21937452,-122.605721,4
2011,2011-06-19,1946,6,2,19,7,Y,A,N,A,H,A,A,01,,01,D,,,,,C,Y,N,D,2,0,0,0,23152.0,2,38.29996,-122.67453,2
2011,2011-06-20,840,6,2,8,1,N,A,Y,A,D,A,A,01,S,04,C,,,,,C,Y,N,D,1,0,0,0,21703.0,4,38.2908986,-122.69476302,4
2011,2011-06-20,1155,6,2,11,1,N,A,Y,A,D,A,A,01,S,04,C,,,,,C,Y,N,D,1,0,0,0,21703.0,4,38.2907189,-122.69449511,4
2011,2011-06-19,1148,6,2,11,7,N,A,Y,A,H,A,D,22,N,03,C,,,,,C,Y,N,D,1,0,0,0,22350.0,3,38.37685301,-122.7163872,4
2011,2011-07-01,846,7,2,8,5,N,A,N,A,H,A,D,22,W,03,C,,,,,C,Y,N,D,1,0,0,0,22350.0,2,38.23558101,-122.62817708,4
2011,2011-06-08,2038,6,2,20,3,N,A,N,A,H,C,A,01,S,08,A,,,,,E,Y,N,A,1,0,0,0,22107.0,4,38.527802,-122.780706,4
2011,2011-06-09,2219,6,2,22,4,Y,A,N,A,H,C,A,01,,12,D,,,,,C,Y,N,A,1,0,0,0,21453.0,2,38.54212,-122.79801,4
2011,2011-05-26,1105,5,1,11,4,N,A,N,A,H,A,A,07,E,04,C,,,,,C,N,F,D,1,0,0,0,21703.0,2,38.39797888,-122.8426917,4
2011,2011-04-29,1823,4,1,18,5,N,A,Y,A,H,A,L,04,E,09,D,,Y,,,G,N,N,A,1,0,1,0,21804.0,2,38.40511372,-122.82617353,4
2011,2011-06-13,1209,6,2,12,1,N,A,N,A,H,A,A,01,S,06,D,,,,,C,N,N,A,2,0,0,0,21755.0,2,38.23417,-122.59995,4
2011,2011-06-07,1240,6,2,12,2,N,A,N,A,H,A,A,01,S,03,C,,,,,C,N,N,A,1,0,0,0,22350.0,2,38.25614898,-122.63826834,4
2011,2011-06-03,1753,6,2,17,5,Y,B,N,B,H,A,A,01,,10,G,Y,,,,B,N,N,A,1,1,0,0,21950.0,2,38.23544,-122.64207,4
2011,2011-05-29,2050,5,1,20,7,N,A,Y,A,H,C,A,01,W,01,E,,,,,I,Y,N,D,1,0,0,0,23152.0,1,38.23650501,-122.61944325,3
2011,2011-06-21,926,6,2,9,2,Y,A,Y,A,H,A,-,- ,,12,D,,,,,C,Y,N,A,1,0,0,0,21453.0,2,38.34445501,-122.71285328,4
2011,2011-05-25,1030,5,1,10,3,N,C,Y,B,H,A,A,07,S,03,B,,,,,I,N,N,D,1,0,0,0,22350.0,1,38.50752502,-122.7707533,4
2011,2011-05-27,955,5,1,9,5,N,B,Y,B,H,A,A,01,N,03,C,,,,,C,,N,D,2,0,0,0,22350.0,2,38.33467202,-122.71272115,4
2011,2011-07-01,1517,7,2,15,5,N,A,N,A,H,A,A,01,E,03,C,,,,,C,N,N,A,1,0,0,0,22350.0,2,38.23601858,-122.64020613,4
2011,2011-06-09,1650,6,2,16,4,Y,A,Y,A,H,A,A,01,,- ,C,,,,,C,Y,N,A,1,0,0,0,,2,38.62289502,-122.87828333,4
2011,2011-06-19,2018,6,2,20,7,N,A,N,A,H,B,N,60,S,11,G,Y,,,,B,N,N,A,1,1,0,0,21954.0,2,38.27484858,-122.64543361,3
2011,2011-06-28,1654,6,2,16,2,N,B,Y,B,H,A,A,01,E,05,A,,,,,C,Y,N,D,1,0,0,0,21460.0,2,38.47495033,-122.91908677,4
2011,2011-06-10,1635,6,2,16,5,N,A,Y,A,H,A,A,01,N,03,C,,,,,C,Y,N,D,1,0,0,0,22350.0,2,38.3884368,-122.71633328,4
2011,2011-06-16,1625,6,2,16,4,Y,A,N,A,H,A,C,02,,03,E,,,Y,,I,Y,N,D,1,0,0,1,22350.0,1,38.39605,-122.86725,3
2011,2011-06-30,1422,6,2,14,4,N,A,Y,A,H,A,A,01,W,17,H,,Y,,,G,N,N,D,1,0,1,0,22517.0,2,38.47361843,-122.89241178,4
2011,2011-06-15,1750,6,2,17,3,N,A,N,A,H,A,A,01,S,03,C,,,,,C,Y,N,D,1,0,0,0,22350.0,3,38.28334295,-122.6864712,4
2011,2011-06-12,1645,6,2,16,7,N,A,Y,A,H,A,A,01,W,03,C,,,,,C,Y,N,D,2,0,0,0,22350.0,2,38.41217152,-122.79412199,4
2011,2011-06-10,1750,6,2,17,5,Y,A,N,A,H,A,A,01,,03,C,,,,,C,Y,N,D,2,0,0,0,22350.0,2,38.64876,-122.91041,4
2011,2011-06-10,1630,6,2,16,5,N,A,N,A,H,A,B,07,S,03,C,,,,,C,Y,N,D,2,0,0,0,22350.0,2,38.30920997,-122.73170666,4
2011,2011-06-08,1600,6,2,16,3,N,A,N,A,H,A,A,07,E,05,E,,,,,I,Y,N,D,1,0,0,0,21460.0,1,38.70992863,-122.96958203,3
2011,2011-06-20,1815,6,2,18,1,N,A,Y,A,H,A,C,02,E,03,F,,,Y,,A,Y,N,D,1,0,0,1,22350.0,1,38.64183101,-122.76437121,3
2011,2011-06-20,725,6,2,7,1,N,A,Y,A,H,A,A,01,N,08,E,,,,,I,Y,N,D,1,0,0,0,22107.0,1,38.19981154,-122.59843566,4
2011,2011-06-12,2315,6,2,23,7,N,A,N,A,H,D,A,01,N,03,E,,,,,I,Y,N,D,3,0,0,0,22350.0,1,38.62126857,-122.89426061,3
2011,2011-06-26,1243,6,2,12,7,Y,A,N,A,H,A,-,- ,,12,D,,,,,C,Y,N,A,2,0,0,0,22450.0,2,38.36726,-122.68388,4
2011,2011-07-01,1054,7,2,10,5,N,A,Y,A,H,A,A,01,N,03,C,,,,,C,Y,N,D,2,0,0,0,22350.0,3,38.2613407,-122.65460614,4
2011,2011-07-06,1944,7,2,19,3,Y,A,N,A,H,A,L,04,,05,D,,Y,,,G,N,N,D,1,0,1,0,21202.0,2,38.36269,-122.69347,3
2011,2011-07-14,810,7,2,8,4,Y,A,Y,A,H,A,L,04,,12,H,,Y,,,G,N,N,A,1,0,1,0,21453.0,2,38.29291291,-122.46796152,4
2011,2011-07-26,620,7,2,6,2,N,A,Y,A,H,B,A,07,W,05,B,,,,,C,Y,N,D,3,0,0,0,21460.0,2,38.26193502,-122.45838323,2
2011,2011-07-28,1040,7,2,10,4,N,A,Y,A,H,A,E,22,W,03,C,,,,,C,Y,N,D,1,0,0,0,22350.0,3,38.25091664,-122.49343948,4
2011,2011-07-09,1720,7,2,17,6,N,A,N,A,H,A,D,22,S,06,G,,Y,,,B,N,N,D,1,0,1,0,21750.0,2,38.28510266,-122.63792525,3
2011,2011-07-16,1055,7,2,10,6,N,A,Y,A,H,A,D,22,S,03,C,,,,,C,Y,N,D,2,0,0,0,22350.0,2,38.43928311,-122.71931364,4
2011,2011-06-28,941,6,2,9,2,N,C,N,B,H,A,A,01,N,08,E,,,,,I,Y,N,D,2,0,0,0,22107.0,2,38.49377398,-122.65641298,3
2011,2011-07-10,1149,7,2,11,7,N,A,Y,A,D,A,D,22,S,03,C,,,,,C,N,N,D,1,0,0,0,22350.0,2,38.30041758,-122.70564735,4
2011,2011-06-26,1620,6,2,16,7,N,A,Y,A,H,A,D,22,S,07,E,,,,,I,Y,N,D,1,0,0,0,21658.0,2,38.61973578,-122.87867721,3
2011,2011-06-27,1727,6,2,17,1,N,A,Y,A,H,A,I,09,S,03,C,,,,,C,N,N,D,1,0,0,0,22350.0,4,38.49054744,-122.74846744,4
2011,2011-07-08,1230,7,2,12,5,N,A,Y,A,H,A,D,22,S,03,C,,,,,C,N,N,D,4,0,0,0,22350.0,4,38.28779303,-122.69026816,4
2011,2011-07-11,1015,7,2,10,1,Y,B,N,A,H,A,A,01,,09,D,,,,,C,Y,N,D,1,0,0,0,21802.0,2,38.36328,-122.74138,3
2011,2011-06-30,1155,6,2,11,4,N,A,Y,A,H,A,E,22,S,03,C,,,,,C,Y,N,D,1,0,0,0,22350.0,3,38.35980914,-122.71305737,4
2011,2011-06-28,850,6,2,8,2,N,C,Y,B,H,A,A,01,S,03,C,,,,,C,Y,N,D,1,0,0,0,22350.0,2,38.22413782,-122.61255016,4
2011,2011-06-02,735,6,2,7,4,Y,A,N,A,H,A,A,01,,09,D,,,Y,,C,Y,N,A,1,0,0,1,21802.0,2,38.49212,-122.74208,2
2011,2011-06-11,2149,6,2,21,6,N,A,Y,-,H,D,-,- ,N,18,E,,,Y,,H,Y,N,D,1,0,0,1,,1,38.69988503,-122.89488335,2
2011,2011-06-28,808,6,2,8,2,N,C,Y,B,H,A,A,01,S,03,C,,,,,C,Y,N,D,2,0,0,0,22350.0,2,38.43576561,-122.7173917,3
2011,2011-06-22,1414,6,2,14,3,N,A,Y,A,H,A,-,- ,N,18,E,,,Y,,J,Y,N,D,2,0,0,2,,1,38.56937393,-122.83038708,3
2011,2011-06-22,1855,6,2,18,3,N,A,Y,A,H,A,A,01,W,03,C,,,,,C,Y,N,D,1,0,0,0,22350.0,2,38.14334822,-122.46084423,4
2011,2011-06-11,1500,6,2,15,6,N,A,N,A,H,A,C,02,N,08,F,,,Y,,A,N,N,D,1,0,0,1,22107.0,1,38.67539,-122.80838,4
2011,2011-06-26,1305,6,2,13,7,N,A,Y,A,H,A,-,- ,S,18,F,,,Y,,A,N,N,D,1,0,0,1,,1,38.68973756,-123.42654687,3
2011,2011-06-08,1145,6,2,11,3,N,A,Y,A,H,A,C,02,E,03,C,,,Y,,C,Y,N,D,1,0,0,1,22350.0,2,38.4713275,-122.88691862,4
2011,2011-06-28,1545,6,2,15,2,N,B,Y,B,H,A,A,01,S,08,E,,,,,I,Y,N,D,2,0,0,0,22107.0,1,38.32033196,-123.01334287,2
2011,2011-06-27,2120,6,2,21,1,N,A,Y,A,H,C,A,01,E,08,E,,,,,I,Y,N,D,1,0,0,0,22107.0,1,38.14325898,-122.46099369,3
2011,2011-06-21,1949,6,2,19,2,N,A,Y,A,H,A,-,- ,N,18,F,,,Y,,A,Y,N,D,1,0,0,1,,1,38.47611909,-122.73162905,4
2011,2011-06-16,1245,6,2,12,4,N,B,Y,A,H,A,A,01,N,07,E,,,,,I,Y,F,D,1,0,0,0,21658.0,2,38.45043354,-122.72598365,3
2011,2011-06-25,1020,6,2,10,6,Y,A,N,A,B,A,C,02,,03,E,,,Y,,A,N,N,D,1,0,0,1,22350.0,1,38.51576,-122.76948,3
2011,2011-06-20,925,6,2,9,1,N,A,Y,A,H,A,A,01,S,03,B,,,,,C,Y,N,D,2,0,0,0,22350.0,2,38.25916279,-122.650711,4
2011,2011-07-05,1504,7,2,15,2,N,A,Y,A,H,A,A,01,S,03,C,,,,,C,N,N,D,1,0,0,0,22350.0,3,38.38403124,-122.71635718,4
2011,2011-07-02,1825,7,2,18,6,N,A,N,A,B,A,C,02,E,08,F,,,Y,,A,N,N,D,1,0,0,1,22107.0,1,,,2
2011,2011-07-01,1505,7,2,15,5,N,A,N,A,H,A,A,01,S,03,C,,,,,C,Y,N,D,1,0,0,0,22350.0,2,38.32084348,-122.66682484,4
2011,2011-07-08,1225,7,2,12,5,N,A,Y,A,H,A,A,01,W,08,E,,,,,J,Y,N,D,4,0,0,0,22107.0,1,38.14835461,-122.45321553,3
2011,2011-07-04,1930,7,2,19,1,N,A,N,A,H,A,A,01,E,08,E,,,,,I,Y,N,D,1,0,0,0,22107.0,1,38.28364624,-122.70564496,4
2011,2011-07-09,1724,7,2,17,6,Y,A,N,A,H,A,N,60,,11,G,Y,,,,B,N,N,A,1,1,0,0,21950.0,2,38.33605,-122.68532,3
2011,2011-07-03,2152,7,2,21,7,N,A,N,A,H,C,A,07,W,01,A,,,,,E,Y,N,A,1,0,0,0,23152.0,3,38.62590379,-122.86761262,4
2011,2011-06-07,1525,6,2,15,2,N,A,Y,A,H,A,A,07,S,03,C,,,,,C,Y,N,D,1,0,0,0,22350.0,2,38.2461529,-122.43475298,4
2011,2011-06-29,855,6,2,8,3,N,B,Y,A,H,A,A,01,W,03,C,,,,,C,Y,N,D,1,0,0,0,22350.0,2,38.24504423,-122.44504661,4
2011,2011-06-29,1315,6,2,13,3,Y,A,Y,A,H,A,A,01,,03,C,,,,,C,Y,N,D,2,0,0,0,22350.0,3,38.33362594,-122.49092391,4
2011,2011-06-28,1635,6,2,16,2,N,B,Y,B,H,A,A,01,S,08,F,,,,,I,Y,N,D,1,0,0,0,22107.0,1,38.25259609,-122.40386814,4
2011,2011-07-01,1825,7,2,18,5,Y,A,Y,A,H,A,A,01,,09,D,,,,,C,Y,N,D,1,0,0,0,21802.0,2,38.24506502,-122.44486322,4
2011,2011-07-08,1539,7,2,15,5,Y,A,Y,A,H,A,A,01,,09,D,,,,,C,Y,N,A,2,0,0,0,21802.0,2,38.23134501,-122.58438324,3
2011,2011-07-04,2238,7,2,22,1,N,A,N,A,H,C,A,01,N,04,C,,,,,C,Y,N,D,3,0,0,0,21703.0,2,38.62952347,-122.87264454,4
2011,2011-07-13,1717,7,2,17,3,-,A,N,A,G,A,-,- ,,18,H,,Y,,,G,N,N,A,1,0,1,0,,1,38.63175674,-122.87292411,3
2011,2011-07-11,1322,7,2,13,1,N,A,N,A,H,A,A,01,W,21,C,,,,,C,N,N,A,1,0,0,0,22106.0,2,38.23413208,-122.60034246,4
2011,2011-07-11,1559,7,2,15,1,N,A,N,A,H,A,A,07,S,21,C,,,,,C,N,N,A,1,0,0,0,22106.0,2,38.24904607,-122.62563759,4
2011,2011-06-30,1345,6,2,13,4,N,A,N,A,H,A,A,01,S,08,B,,,,,C,N,N,D,1,0,0,0,22107.0,2,38.37623205,-122.72532302,4
2011,2011-06-09,850,6,2,8,4,N,B,Y,A,D,A,A,01,S,03,C,,,,,C,Y,N,D,1,0,0,0,22350.0,3,38.32890636,-122.71291327,4
2011,2011-05-18,1343,5,1,13,3,Y,A,Y,A,H,A,A,01,,08,B,,,,,C,N,N,A,1,0,0,0,22100.0,2,38.40184501,-122.8227733,4
2011,2011-06-08,1500,6,2,15,3,N,A,Y,A,H,A,A,01,,03,C,,,,,C,N,N,A,1,0,0,0,22350.0,2,38.40034778,-122.82214596,4
2011,2011-06-08,1000,6,2,10,3,Y,A,Y,A,H,A,A,07,,10,G,Y,,,,B,N,N,A,1,1,0,0,21950.0,2,38.40230501,-122.8222633,4
2011,2011-06-13,1536,6,2,15,1,N,A,N,A,H,A,L,04,E,09,H,,Y,,,G,N,N,A,1,0,1,0,21804.0,2,38.408526,-122.827379,3
2011,2011-06-12,1336,6,2,13,7,N,A,Y,A,H,A,A,07,W,03,C,,,,,C,Y,N,A,2,0,0,0,22350.0,3,38.40262714,-122.82054859,4
2011,2011-05-22,2151,5,1,21,7,N,B,N,A,H,C,-,99,N,03,C,,,,,C,N,M,A,1,0,0,0,22350.0,3,38.43064793,-122.7253421,4
2011,2011-06-22,710,6,2,7,3,N,B,Y,A,H,A,D,22,E,04,C,,,,,C,Y,N,A,1,0,0,0,21703.0,2,38.42771752,-122.76907842,4
2011,2011-05-25,1634,5,1,16,3,N,A,N,A,H,A,A,01,N,09,D,,,,,C,Y,N,A,2,0,0,0,21804.0,2,38.42417898,-122.70837425,4
2011,2011-05-26,931,5,1,9,4,N,B,Y,A,H,A,-,- ,E,18,C,,,,,C,N,N,D,3,0,0,0,,3,38.46485086,-122.65113888,4
2011,2011-06-25,1313,6,2,13,6,N,A,N,A,H,A,D,22,N,07,C,,,,,C,N,N,D,2,0,0,0,21658.0,3,38.42160706,-122.71354329,4
2011,2011-05-26,2107,5,1,21,4,N,A,N,A,H,C,-,- ,W,18,H,,,,,A,N,N,D,1,0,0,0,,1,38.44787831,-122.67546752,3
2011,2011-05-26,346,5,1,3,4,N,A,N,A,H,C,A,01,W,01,B,,,,,E,Y,M,D,1,0,0,0,23152.0,2,38.44089471,-122.67888483,3
2011,2011-06-26,1017,6,2,10,7,N,A,N,A,H,A,D,23,W,08,B,,Y,,,G,N,F,D,1,0,1,0,22107.0,2,38.45370992,-122.67285904,3
2011,2011-06-05,1242,6,2,12,7,Y,B,N,B,H,A,D,22,,10,G,Y,,,,B,N,N,D,1,1,0,0,21950.0,2,38.45046,-122.75134,4
2011,2011-07-03,756,7,2,7,7,Y,A,N,A,H,A,D,22,,09,D,,,,,C,Y,N,D,2,0,0,0,21802.0,2,38.46323,-122.67581,3
2011,2011-06-30,1706,6,2,17,4,N,A,N,A,H,A,F,56,S,08,D,,,,Y,C,Y,N,D,1,0,0,0,22107.0,2,38.42419008,-122.71354329,4
2011,2011-05-06,1,5,1,0,5,N,A,N,A,H,C,-,- ,E,18,H,,,,,A,N,N,D,1,0,0,0,,1,38.45028,-122.727107,2
2011,2011-06-07,1544,6,2,15,2,Y,A,N,A,H,A,A,01,,12,D,,,,,C,Y,N,A,1,0,0,0,21453.0,2,38.45311,-122.70813,3
2011,2011-07-01,1622,7,2,16,5,Y,A,Y,A,H,A,-,- ,,12,D,,,,,C,Y,N,A,1,0,0,0,21453.0,2,38.43499502,-122.71679329,3
2011,2011-05-11,1438,5,1,14,3,N,A,Y,A,H,A,-,- ,E,18,C,,,,,C,N,N,A,1,0,0,0,,2,38.44900043,-122.68837682,4
2011,2011-06-07,1702,6,2,17,2,N,A,N,A,H,A,D,22,S,03,C,,,,,C,N,N,A,2,0,0,0,22350.0,3,38.4320194,-122.74187851,4
2011,2011-05-16,1129,5,1,11,1,Y,C,N,B,H,A,D,22,,03,C,,,,,C,N,M,A,1,0,0,0,22350.0,2,38.47469,-122.72872,4
2011,2011-06-27,2243,6,2,22,1,N,A,N,A,H,D,-,- ,E,18,F,,,,,A,Y,N,A,1,0,0,0,,1,38.45041571,-122.68597415,4
2011,2011-06-29,1238,6,2,12,3,Y,A,N,A,H,A,D,22,,09,A,,,,,-,Y,N,A,2,0,0,0,21801.0,2,38.47247,-122.7307,4
2011,2011-05-18,1053,5,1,10,3,Y,B,N,A,H,A,A,08,,09,D,,,,,C,Y,N,A,1,0,0,0,21802.0,2,38.44873,-122.72775,4
2011,2011-06-28,2143,6,2,21,2,Y,A,N,A,H,C,A,01,,03,C,,,,,C,N,N,A,2,0,0,0,22350.0,2,38.47553,-122.73064,4
2011,2011-06-05,1941,6,2,19,7,Y,B,N,A,H,A,D,22,,05,B,,,,,C,Y,N,D,1,0,0,0,21460.0,3,38.45331,-122.71576,4
2011,2011-06-06,1537,6,2,15,1,Y,A,N,A,H,A,D,22,,03,C,,,,,C,N,N,A,1,0,0,0,22350.0,2,38.45019,-122.69266,4
2011,2011-05-07,1745,5,1,17,6,Y,B,N,A,H,A,N,60,,11,D,Y,,,,B,N,N,A,1,1,0,0,21954.0,2,38.4563,-122.70932,3
2011,2011-05-12,1647,5,1,16,4,N,A,N,A,H,A,A,07,N,03,C,,,,,C,Y,N,A,1,0,0,0,22350.0,2,38.41858013,-122.74026597,4
2011,2011-06-08,716,6,2,7,3,N,B,Y,A,H,A,-,- ,E,18,E,,,,,I,Y,N,D,1,0,0,0,,1,38.46483443,-122.66087941,4
2011,2011-07-09,1139,7,2,11,6,N,A,N,A,H,A,N,60,W,11,G,Y,,,,B,N,N,D,1,1,0,0,21954.0,2,38.47450881,-122.75244272,4
2011,2011-07-24,1155,7,2,11,7,N,A,Y,A,D,A,A,07,S,03,C,,,,Y,C,Y,N,D,1,0,0,0,22350.0,2,38.32988552,-122.71290383,4
2011,2011-07-14,1935,7,2,19,4,N,A,Y,A,H,A,D,22,S,03,C,,,,,C,Y,N,D,2,0,0,0,22350.0,3,38.47385625,-122.73069133,4
2011,2011-07-13,1334,7,2,13,3,Y,A,Y,A,H,A,A,01,,05,B,,,,Y,C,Y,N,D,2,0,0,0,21460.0,2,38.47392939,-122.9062238,4
2011,2011-07-14,755,7,2,7,4,N,A,Y,A,H,A,D,22,N,04,C,,,,,C,Y,N,D,3,0,0,0,21703.0,3,38.42548759,-122.7148914,4
2011,2011-07-20,750,7,2,7,3,N,A,Y,A,H,A,D,22,E,03,C,,,,,C,N,N,A,2,0,0,0,22350.0,3,38.43667686,-122.85753226,4
2011,2011-07-14,847,7,2,8,4,N,B,Y,A,D,A,D,22,N,03,C,,,,,C,N,N,D,2,0,0,0,22350.0,5,38.35666512,-122.71306026,4
2011,2011-06-28,1205,6,2,12,2,N,C,Y,B,H,A,A,01,W,03,B,,,,Y,C,N,N,D,1,0,0,0,22350.0,3,38.43702576,-122.68779949,4
2011,2011-07-17,1630,7,2,16,7,N,A,N,A,H,A,D,22,E,08,E,,,,,I,Y,N,D,1,0,0,0,22107.0,1,38.27075877,-122.69711387,4
2011,2011-08-01,1150,8,2,11,1,N,A,Y,A,C,A,D,22,N,03,C,,,,,C,N,N,D,1,0,0,0,22350.0,4,38.28870501,-122.69182327,4
2011,2011-06-29,1715,6,2,17,3,N,A,N,A,H,A,A,01,N,09,B,,,,,C,Y,N,D,1,0,0,0,21804.0,2,38.78521852,-123.013496,4
2011,2011-06-25,1130,6,2,11,6,N,A,N,A,H,A,A,01,N,03,C,,,,,C,Y,N,D,1,0,0,0,22350.0,2,38.27270608,-122.43881677,3
2011,2011-07-12,1220,7,2,12,2,N,A,N,A,H,A,L,04,W,08,B,,Y,,,G,N,N,A,1,0,1,0,22107.0,2,38.2901656,-122.43977692,3
2011,2011-07-07,1825,7,2,18,4,N,A,Y,A,H,A,C,02,W,03,B,,,Y,,C,Y,N,D,1,0,0,1,22350.0,3,38.14855241,-122.4529361,2
2011,2011-07-06,1835,7,2,18,3,N,A,Y,A,H,A,A,01,E,03,C,,,,,C,N,N,D,1,0,0,0,22350.0,4,38.13920276,-122.46768364,4
2011,2011-07-22,1431,7,2,14,5,N,A,Y,A,H,A,D,22,S,09,B,,,,,C,N,N,A,1,0,0,0,21804.0,2,38.3885461,-122.81462647,3
2011,2011-07-11,1730,7,2,17,1,N,A,N,A,H,A,L,04,W,08,H,,Y,,,G,N,N,D,1,0,1,0,22107.0,1,38.31976067,-122.48311749,3
2011,2011-07-17,1915,7,2,19,7,Y,A,N,A,H,A,A,01,,08,E,,,,,I,Y,N,A,1,0,0,0,22107.0,1,38.31447,-122.48352,4
2011,2011-07-12,1720,7,2,17,2,N,A,N,A,H,A,-,- ,S,05,H,,Y,,,G,N,N,D,1,0,1,0,21650.0,2,38.31719388,-122.44838215,2
2011,2011-07-21,206,7,2,2,4,N,A,N,A,H,C,D,22,W,01,E,,,,,I,Y,N,A,1,0,0,0,23152.0,1,,,3
2011,2011-04-21,1717,4,1,17,4,N,A,N,A,H,A,-,- ,W,08,D,,,,,C,Y,N,A,1,0,0,0,22101.0,2,38.43765411,-122.71793342,4
2011,2011-04-22,1031,4,1,10,5,N,A,N,A,H,A,A,07,W,22,A,,,,,I,Y,N,D,1,0,0,0,,1,38.4420027,-122.69683586,4
2011,2011-08-10,909,8,2,9,3,N,A,N,A,H,A,-,- ,N,03,D,,,,Y,C,Y,N,A,1,0,0,0,22350.0,2,38.2691727,-122.67056582,4
2011,2011-07-17,2100,7,2,21,7,N,A,Y,A,H,D,A,07,S,01,B,,,,,C,Y,N,D,5,0,0,0,23152.0,2,38.60438659,-122.86924021,4
2011,2011-07-11,1320,7,2,13,1,N,B,Y,A,H,A,C,02,N,05,F,,,Y,,A,N,N,D,1,0,0,1,21650.0,1,38.34375815,-123.05167429,3
2011,2011-07-31,1700,7,2,17,7,Y,A,N,A,H,A,A,01,,03,C,,,,,C,Y,N,D,1,0,0,0,22350.0,2,38.25531,-122.585013,3
2011,2011-07-21,1740,7,2,17,4,N,A,Y,A,H,A,A,08,S,03,C,,,,,C,Y,N,D,2,0,0,0,22350.0,3,38.23354285,-122.61796397,3
2011,2011-07-30,320,7,2,3,6,N,A,Y,A,H,C,A,01,N,08,E,,,,,I,Y,N,D,1,0,0,0,22107.0,1,38.19489739,-122.59965093,3
2011,2011-07-19,940,7,2,9,2,N,A,N,A,H,A,A,01,W,09,D,,,,,C,N,N,A,1,0,0,0,21804.0,2,38.40793596,-122.94911305,4
2011,2011-07-20,1155,7,2,11,3,N,A,Y,A,H,A,A,01,N,03,C,,,,,C,Y,N,A,1,0,0,0,22350.0,3,38.44950502,-122.72607329,4
2011,2011-07-20,1141,7,2,11,3,N,A,N,A,H,A,A,01,S,09,B,,,,,C,Y,N,D,1,0,0,0,21804.0,2,38.40089514,-122.71855328,4
2011,2011-07-13,1125,7,2,11,3,N,A,Y,A,C,A,C,02,S,03,C,,,Y,,C,Y,N,D,1,0,0,1,22350.0,2,38.37670957,-122.71638517,2
2011,2011-07-14,1955,7,2,19,4,N,A,N,A,B,A,A,07,E,03,E,,,,,I,Y,N,D,1,0,0,0,22350.0,1,38.26882864,-122.60901511,4
2011,2011-07-15,1936,7,2,19,5,N,A,N,A,H,A,A,01,W,01,D,,,,,C,Y,N,D,1,0,0,0,23152.0,2,38.416598,-122.938058,3
2011,2011-07-23,1650,7,2,16,6,Y,A,N,A,H,A,A,01,,09,D,,,,,C,Y,N,A,2,0,0,0,21802.0,2,38.41645,-122.9344,4
2011,2011-07-24,1820,7,2,18,7,N,A,Y,A,H,A,A,07,S,03,C,,,,,C,Y,N,D,2,0,0,0,22350.0,2,38.3296409,-122.71290691,4
2011,2011-07-28,1320,7,2,13,4,N,A,N,A,H,A,A,07,W,08,E,,,,,I,Y,N,D,1,0,0,0,22107.0,1,38.4325851,-122.68709924,4
2011,2011-07-27,1605,7,2,16,3,N,A,N,A,H,A,A,07,E,08,F,,,,,A,Y,N,D,3,0,0,0,22107.0,1,38.44445996,-122.90302388,3
2011,2011-07-17,645,7,2,6,7,N,B,Y,A,H,A,A,01,S,08,E,,,,,I,Y,N,D,1,0,0,0,22107.0,1,38.22977848,-122.61629498,4
2011,2011-07-24,2240,7,2,22,7,N,A,N,A,H,D,A,01,N,09,D,,,,,C,Y,N,D,1,0,0,0,21804.0,2,38.29102392,-122.66647326,4