ACCIDENT_YEAR,COLLISION_DATE,COLLISION_TIME,MONTH,SEASON,24HOURS,DAY_OF_WEEK,INTERSECTION,WEATHER_1,STATE_HWY_IND,ROAD_SURFACE,ROAD_COND_1,LIGHTING,STWD_VEHTYPE_AT_FAULT,CHP_VEHTYPE_AT_FAULT,DIRECTION,PCF_VIOL_CATEGORY,TYPE_OF_COLLISION,PEDESTRIAN_ACCIDENT,BICYCLE_ACCIDENT,MOTORCYCLE_ACCIDENT,TRUCK_ACCIDENT,MVIW,TOW_AWAY,HIT_AND_RUN,CONTROL_DEVICE,NUMBER_INJURED,COUNT_PED_INJURED,COUNT_BICYCLIST_INJURED,COUNT_MC_INJURED,PCF_VIOLATION,PARTY_COUNT,POINT_Y,POINT_X,COLLISION_SEVERITY
2012,2012-01-16,849,1,4,8,1,N,A,N,A,H,A,L,04,S,05,D,,Y,,,G,N,N,A,1,0,1,0,21202.0,2,38.45121038,-122.75129569,3
2012,2012-01-17,850,1,4,8,2,Y,A,N,A,H,A,-,- ,,00,G,Y,,,,B,N,M,A,1,1,0,0,,2,38.45022488,-122.71756325,4
2012,2012-02-01,650,2,4,6,3,Y,C,N,B,H,C,A,01,,09,A,,,,,C,Y,N,A,1,0,0,0,21801.0,3,38.25662493,-122.61927319,4
2012,2012-01-27,846,1,4,8,5,N,A,Y,A,H,A,D,22,W,03,C,,,,,C,N,N,A,1,0,0,0,22350.0,2,38.23671501,-122.61982325,4
2011,2011-12-20,1808,12,4,18,2,Y,A,N,A,H,D,A,01,,09,A,,,Y,,C,Y,N,D,1,0,0,1,21801.0,2,38.45906,-122.63303,4
2011,2011-12-19,1706,12,4,17,1,Y,A,N,A,H,A,A,01,,09,D,,,,,C,Y,N,A,2,0,0,0,21801.0,2,38.43418,-122.72622,3
2011,2011-12-21,1541,12,4,15,3,N,A,N,A,H,A,L,04,W,12,D,,Y,,,G,N,N,A,1,0,1,0,21453.0,2,38.44198367,-122.67354005,3
2011,2011-12-21,1347,12,4,13,3,N,A,N,A,H,A,A,01,S,10,G,Y,,,,B,N,N,D,1,1,0,0,21950.0,2,38.43799027,-122.71948977,4
2011,2011-12-11,1848,12,4,18,7,Y,B,N,A,H,C,A,01,,09,A,,,,,C,Y,N,A,2,0,0,0,21801.0,2,38.42582,-122.70248,4
2011,2011-12-17,2034,12,4,20,6,N,A,N,A,H,C,-,- ,E,00,E,,Y,,,J,N,N,D,1,0,1,0,,1,38.46915223,-122.74326688,3
2011,2011-12-15,2029,12,4,20,4,N,A,N,A,H,C,A,01,S,03,C,,,,,C,N,N,A,1,0,0,0,22350.0,2,38.44622443,-122.68807399,4
2011,2011-12-14,1243,12,4,12,3,N,A,N,A,H,A,A,01,W,09,C,,Y,,,G,N,N,A,1,0,1,0,21802.0,2,38.43758502,-122.67917313,4
2011,2011-12-14,2343,12,4,23,3,Y,B,N,A,H,C,A,01,,09,D,,,,,C,Y,N,A,2,0,0,0,21801.0,2,38.44284,-122.7017,4
2011,2011-12-12,1815,12,4,18,1,Y,A,N,A,H,C,A,01,,09,D,,Y,,,G,N,N,A,1,0,1,0,21802.0,2,38.41433,-122.72239,4
2011,2011-12-09,1859,12,4,18,5,N,A,N,A,H,C,A,07,N,03,C,,,,,C,Y,N,A,4,0,0,0,22350.0,4,38.43792132,-122.68736176,4
2011,2011-12-06,1031,12,4,10,2,N,A,N,A,H,A,A,01,S,08,B,,,Y,,C,Y,N,D,1,0,0,1,22107.0,2,38.44547943,-122.71771329,3
2011,2011-12-14,1908,12,4,19,3,N,A,N,A,H,C,A,01,E,01,E,,,,,I,Y,N,D,2,0,0,0,23152.0,1,38.430881,-122.69391,3
2011,2011-12-06,1247,12,4,12,2,N,A,N,A,H,A,A,01,W,08,E,,,,,I,Y,N,A,1,0,0,0,22107.0,1,38.44848047,-122.67326976,3
2011,2011-12-10,304,12,4,3,6,Y,A,N,A,H,C,A,07,,01,C,,,,,E,Y,M,A,1,0,0,0,23140.0,2,38.44772,-122.75975,4
2011,2011-12-28,1829,12,4,18,3,Y,A,N,A,H,C,A,01,,12,D,,Y,,,G,N,N,A,1,0,1,0,21453.0,2,38.42477,-122.76894,3
2011,2011-12-17,1727,12,4,17,6,Y,A,N,A,H,C,L,04,,09,D,,Y,,,G,N,N,A,1,0,1,0,21804.0,2,38.4405,-122.7097,4
2011,2011-12-28,1347,12,4,13,3,Y,B,N,A,H,A,A,08,,12,D,,,,,C,N,N,A,1,0,0,0,21453.0,2,38.47991,-122.65686,4
2011,2011-12-25,1625,12,4,16,7,N,A,Y,A,H,A,-,- ,E,18,A,,,,,C,Y,N,D,2,0,0,0,,2,38.46254502,-122.66857328,4
2011,2011-12-25,2111,12,4,21,7,Y,A,N,A,H,C,A,01,,12,D,,,,,C,Y,N,A,2,0,0,0,21453.0,3,38.4427,-122.70674,4
2011,2011-12-28,1142,12,4,11,3,Y,A,N,A,H,A,A,01,,09,D,,,,,D,Y,N,A,1,0,0,0,21801.0,2,38.45247,-122.76442,4
2011,2011-12-31,1244,12,4,12,6,N,A,N,A,G,A,A,01,N,09,D,,,,,C,Y,N,D,1,0,0,0,21801.0,2,38.43165318,-122.72569952,3
2011,2011-12-18,1759,12,4,17,7,Y,A,N,A,H,C,A,01,,09,D,,,,,C,N,M,A,2,0,0,0,21804.0,3,38.45255,-122.75131,4
2011,2011-12-30,1449,12,4,14,5,N,A,N,A,H,A,A,01,W,09,D,,,,,C,N,N,D,1,0,0,0,21804.0,2,38.46082866,-122.718199,3
2011,2011-12-28,1302,12,4,13,3,N,A,N,A,H,A,A,07,E,09,D,,,,,C,Y,N,D,2,0,0,0,21804.0,2,38.47971111,-122.73704507,2
2011,2011-12-21,2339,12,4,23,3,-,A,N,A,H,C,A,01,W,08,E,,,,,I,,N,D,1,0,0,0,22107.0,1,38.42863502,-122.65015562,4
2011,2011-12-06,1904,12,4,19,2,N,A,N,A,H,E,N,60,W,11,G,Y,,,,B,N,N,A,2,2,0,0,21954.0,4,38.43403448,-122.72696042,3
2011,2011-12-23,1615,12,4,16,5,Y,A,N,A,H,A,A,01,,10,G,Y,,,,B,N,N,D,1,1,0,0,21950.0,2,38.4588,-122.7172,4
2011,2011-12-19,2205,12,4,22,1,N,A,N,A,H,C,A,01,E,03,C,,,,,C,Y,N,D,3,0,0,0,22350.0,2,38.483506,-122.691002,3
2011,2011-12-24,1216,12,4,12,6,N,A,N,A,H,A,A,01,W,03,E,,,,,I,Y,N,A,1,0,0,0,22350.0,1,38.46713502,-122.762881,3
2011,2011-12-22,1108,12,4,11,4,Y,A,N,A,H,A,L,04,,12,D,,Y,,,G,N,N,A,1,0,1,0,21453.0,2,38.44273,-122.71569,3
2011,2011-12-19,1917,12,4,19,1,Y,A,N,A,H,C,-,- ,,12,D,,,,,C,Y,N,A,2,0,0,0,21453.0,2,38.43311,-122.70438,4
2011,2011-12-18,1831,12,4,18,7,Y,A,N,A,H,C,A,01,,12,D,,,,,C,Y,N,A,1,0,0,0,21453.0,2,38.43914,-122.71885,4
2011,2011-12-11,1443,12,4,14,7,Y,A,N,A,H,A,C,02,,12,D,,,Y,,C,N,N,A,2,0,0,2,21453.0,2,38.43234,-122.70443,2
2011,2011-12-21,156,12,4,1,3,N,A,N,A,H,C,A,01,E,08,E,,,,,I,Y,N,D,1,0,0,0,22107.0,1,38.42636603,-122.74781705,3
2011,2011-12-21,1554,12,4,15,3,N,A,N,A,H,A,A,01,,09,A,,,,,C,Y,N,D,1,0,0,0,21801.0,2,38.43947,-122.72222,4
2011,2011-12-19,1831,12,4,18,1,Y,B,N,A,H,C,A,01,,09,D,,,,,C,Y,N,A,1,0,0,0,21800.0,2,38.46946,-122.75628,4
2012,2012-01-09,1708,1,4,17,1,Y,A,N,A,H,A,-,- ,,03,C,,,,,C,Y,N,A,2,0,0,0,22350.0,2,38.34836489,-122.71690321,4
2012,2012-01-14,1504,1,4,15,6,N,A,N,A,H,A,-,- ,N,09,D,,,,,C,Y,N,D,2,0,0,0,21804.0,2,38.34878519,-122.71691273,4
2012,2012-01-17,1222,1,4,12,2,N,A,N,A,H,A,B,01,N,03,C,,,,,C,N,N,A,1,0,0,0,22350.0,2,38.2492914,-122.62605736,4
2012,2012-01-18,1107,1,4,11,3,Y,B,N,A,H,A,A,01,,09,A,,,,,C,Y,N,A,1,0,0,0,21801.0,2,38.26516497,-122.63440328,4
2012,2012-01-13,1701,1,4,17,5,Y,A,N,A,H,A,L,04,,12,D,,Y,,,G,N,N,A,1,0,1,0,22450.0,2,38.2278649,-122.65010329,4
2011,2011-11-14,956,11,3,9,1,N,A,N,A,H,A,C,03,E,08,E,,,Y,,I,N,N,A,1,0,0,1,22107.0,1,,,3
2011,2011-12-29,1505,12,4,15,4,Y,A,Y,A,H,A,A,01,,09,D,,,,,C,N,N,A,2,0,0,0,21804.0,2,38.40108501,-122.8224433,4
2011,2011-12-16,1413,12,4,14,5,N,A,Y,A,H,A,N,60,S,03,G,Y,,,,B,N,F,A,1,1,0,0,22350.0,2,38.47769864,-123.02527073,4
2011,2011-12-07,1400,12,4,14,3,Y,A,Y,A,H,A,A,01,,09,D,,,,,C,Y,N,A,2,0,0,0,21804.0,2,38.40525429,-122.8281134,4
2012,2012-01-04,1621,1,4,16,3,Y,A,N,A,H,A,A,01,,09,D,,,,,C,N,N,A,1,0,0,0,21802.0,2,38.2359249,-122.64053323,4
2012,2012-01-06,1507,1,4,15,5,N,A,N,A,H,A,A,01,S,03,C,,,,,C,Y,N,A,1,0,0,0,22350.0,2,38.23726089,-122.62406091,4
2012,2012-02-06,745,2,4,7,1,N,B,Y,A,H,A,A,01,N,03,C,,,,,C,Y,N,D,2,0,0,0,22350.0,2,38.39674072,-122.71601573,4
2012,2012-02-07,835,2,4,8,2,N,C,Y,B,H,A,D,22,E,04,C,,,,,C,N,N,D,2,0,0,0,21703.0,2,38.43113541,-122.71096811,4
2012,2012-02-07,1258,2,4,12,2,N,B,N,B,H,A,F,26,E,03,E,,,,Y,I,Y,N,D,2,0,0,0,22350.0,1,38.50574479,-122.95779581,3
2012,2012-01-08,827,1,4,8,7,N,A,N,A,H,A,D,22,E,08,E,,,,,I,Y,N,D,1,0,0,0,22107.0,1,38.31337941,-122.86686832,4
2012,2012-01-17,1750,1,4,17,2,N,A,Y,A,H,C,D,22,S,03,C,,,,,C,Y,N,D,1,0,0,0,22350.0,5,38.46731972,-122.72791028,4
2012,2012-02-01,1751,2,4,17,3,N,A,N,A,H,C,D,22,,03,C,,,,,C,Y,N,A,2,0,0,0,22350.0,2,,,4
2012,2012-02-04,1902,2,4,19,6,Y,A,N,A,H,C,D,22,,09,A,,,,,C,N,N,A,2,0,0,0,21801.0,2,38.25662493,-122.61927319,4
2012,2012-01-06,1215,1,4,12,5,N,A,N,A,H,A,A,07,N,03,C,,,,,C,Y,N,D,1,0,0,0,22350.0,2,38.35841696,-122.52543236,4
2012,2012-02-06,1802,2,4,18,1,N,A,N,A,H,D,A,01,E,08,A,,,,,I,Y,N,D,4,0,0,0,22107.0,2,38.50929988,-122.92248636,3
2012,2012-01-29,1755,1,4,17,7,N,A,Y,A,H,D,A,01,E,01,B,,,,,C,Y,N,D,1,0,0,0,23152.0,4,38.23718206,-122.50746862,3
2012,2012-02-16,1535,2,4,15,4,N,A,Y,A,H,A,D,23,E,21,B,,,,,C,Y,N,D,1,0,0,0,22106.0,2,38.24995618,-122.47485351,4
2011,2011-03-05,700,3,1,7,6,N,A,N,A,H,A,A,01,W,01,E,,,,,I,Y,N,D,1,0,0,0,23152.0,1,38.49835559,-122.94143034,3
2012,2012-01-18,2255,1,4,22,3,N,A,N,A,H,D,A,07,S,08,E,,,,,J,Y,N,D,1,0,0,0,22107.0,1,,,4
2012,2012-01-19,705,1,4,7,4,N,B,Y,B,H,C,A,07,N,08,E,,,,,J,Y,N,D,1,0,0,0,22107.0,1,38.5091554,-122.77313189,4
2012,2012-01-29,1145,1,4,11,7,N,A,Y,A,H,A,A,01,W,03,C,,,,,C,Y,N,D,2,0,0,0,22350.0,3,38.41199501,-122.7944033,4
2012,2012-01-22,1019,1,4,10,7,N,C,Y,B,G,A,A,01,W,04,C,,,,,C,Y,N,D,1,0,0,0,21703.0,2,38.41189974,-122.7945517,4
2012,2012-01-21,855,1,4,8,6,N,B,Y,B,H,A,A,01,S,03,C,,,,,C,Y,N,D,3,0,0,0,22350.0,2,38.42276554,-122.71511508,3
2012,2012-02-02,1648,2,4,16,4,Y,A,N,A,H,A,A,01,,09,D,,,,,C,Y,N,A,1,0,0,0,21802.0,2,38.23157489,-122.63455328,4
2012,2012-02-05,625,2,4,6,7,Y,A,N,A,H,C,A,01,,09,A,,,,,C,Y,N,A,2,0,0,0,21801.0,2,38.25258493,-122.62278329,3
2012,2012-02-25,1930,2,4,19,6,Y,A,N,A,H,C,A,01,,09,D,,,,,C,N,N,A,1,0,0,0,21801.0,2,38.22843487,-122.62636317,4
2012,2012-01-26,1240,1,4,12,4,N,A,Y,A,H,A,A,01,N,08,E,,,,,I,Y,N,D,1,0,0,0,22107.0,1,38.37378036,-122.71541002,4
2012,2012-01-25,1430,1,4,14,3,N,A,N,A,H,A,A,07,S,08,E,,,,,I,Y,N,D,1,0,0,0,22107.0,1,38.74102074,-122.98593095,4
2012,2012-02-03,1225,2,4,12,5,N,A,Y,A,H,A,A,01,S,03,E,,,,,I,Y,N,D,1,0,0,0,22350.0,1,38.45582228,-122.72611075,4
2012,2012-02-09,1710,2,4,17,4,N,A,Y,A,H,A,A,01,N,03,C,,,,,C,N,N,D,2,0,0,0,22350.0,3,38.48283234,-122.73761107,4
2012,2012-02-08,1646,2,4,16,3,Y,A,N,A,H,A,A,01,,03,C,,,,,C,Y,N,D,2,0,0,0,22350.0,2,38.23610489,-122.61338322,3
2012,2012-02-12,1535,2,4,15,7,Y,B,N,A,H,A,A,01,,09,D,,,,,C,N,N,A,1,0,0,0,21802.0,2,38.25969488,-122.62476317,4
2012,2012-01-13,1515,1,4,15,5,N,A,N,A,H,B,C,02,E,03,F,,,Y,,A,Y,N,D,1,0,0,1,22350.0,1,38.38017197,-122.89642234,2
2012,2012-01-26,1605,1,4,16,4,Y,A,N,A,H,A,A,07,,12,D,,,,,C,Y,N,A,1,0,0,0,21453.0,2,38.50018498,-122.74061334,4
2012,2012-02-05,1755,2,4,17,7,N,A,Y,A,H,D,A,07,W,07,B,,,,,C,N,N,D,1,0,0,0,21658.0,2,38.14804014,-122.45361129,4
2011,2011-12-15,1220,12,4,12,4,N,A,Y,A,H,A,A,07,N,03,C,,,,,C,N,M,D,2,0,0,0,22350.0,2,38.42232905,-122.71544106,4
2012,2012-01-19,1630,1,4,16,4,Y,C,Y,B,H,C,-,- ,,00,B,,,,,C,Y,N,A,1,0,0,0,,2,38.34445501,-122.71285328,4
2012,2012-01-20,742,1,4,7,5,N,C,N,B,H,A,-,- ,E,08,B,,,,,C,N,N,D,2,0,0,0,22107.0,2,38.33440554,-122.6879343,4
2012,2012-01-20,1519,1,4,15,5,N,B,N,B,H,A,A,01,N,03,C,,,,,C,Y,N,D,1,0,0,0,22350.0,4,38.35480611,-122.68576592,4
2012,2012-01-11,1215,1,4,12,3,N,A,N,A,H,A,A,01,W,09,C,,,,,C,Y,N,D,2,0,0,0,21804.0,2,38.23924475,-122.60444718,3
2012,2012-01-20,1552,1,4,15,5,N,C,N,B,G,A,A,01,S,03,E,,,,,I,Y,N,D,1,0,0,0,22350.0,1,38.2639736,-122.65212739,3
2012,2012-01-10,1707,1,4,17,2,N,A,N,A,H,C,A,01,W,03,C,,,,,C,N,M,D,1,0,0,0,22350.0,2,38.2357153,-122.64128078,4
2012,2012-01-09,1743,1,4,17,1,Y,A,Y,A,H,C,L,04,,05,H,,Y,,,G,N,N,A,1,0,1,0,21650.0,2,38.24786501,-122.62985325,4
2012,2012-01-15,1500,1,4,15,7,N,A,Y,A,H,A,A,01,S,03,C,,,,,C,Y,N,D,1,0,0,0,22350.0,2,38.49601736,-122.75587277,4
2012,2012-01-04,1020,1,4,10,3,N,A,Y,A,H,A,A,08,S,07,E,,,,,I,N,N,D,1,0,0,0,21658.0,1,38.45304005,-122.72619867,4
2012,2012-01-14,1040,1,4,10,6,N,A,N,A,H,A,A,01,W,08,C,,,,,E,Y,N,D,1,0,0,0,22107.0,2,38.31679804,-123.02835611,4
2012,2012-01-11,1010,1,4,10,3,N,A,Y,A,H,A,C,02,E,03,C,,,Y,,D,Y,N,A,1,0,0,1,22350.0,2,38.43554063,-122.57839453,3
2012,2012-01-12,1450,1,4,14,4,N,A,N,A,H,A,-,- ,S,18,H,,Y,,,H,N,N,D,1,0,1,0,,1,38.49720436,-122.99057728,2
2012,2012-01-18,1740,1,4,17,3,N,B,Y,A,H,D,A,07,W,04,C,,,,,C,N,N,D,2,0,0,0,21703.0,2,38.43513722,-122.69178807,4
2012,2012-01-11,1820,1,4,18,3,N,A,Y,A,H,D,A,01,W,03,C,,,,,C,Y,N,D,1,0,0,0,22350.0,3,38.45118606,-122.86799952,4
2012,2012-01-09,1740,1,4,17,1,N,A,Y,A,H,D,A,01,N,04,C,,,,,C,N,N,D,1,0,0,0,21703.0,2,38.42222671,-122.71546442,4
2012,2012-01-13,2255,1,4,22,5,N,A,N,A,H,D,A,01,E,01,D,,,,,C,Y,N,D,3,0,0,0,23153.0,2,38.25759674,-122.7659391,2
2012,2012-01-06,1617,1,4,16,5,Y,A,N,A,H,A,A,01,,10,G,Y,,,,B,N,N,D,1,1,0,0,21950.0,2,38.22740485,-122.66367326,4
2012,2012-01-13,1536,1,4,15,5,N,A,N,A,H,A,A,07,W,01,C,,,,,C,N,F,D,1,0,0,0,23152.0,2,38.38715455,-122.73548596,4
2012,2012-01-08,610,1,4,6,7,N,A,N,A,H,D,A,01,S,05,A,,,,,C,Y,N,D,2,0,0,0,21460.0,2,,,3
2012,2012-01-13,30,1,4,0,5,N,A,N,A,H,D,A,07,N,08,E,,,,,J,Y,N,D,1,0,0,0,22107.0,1,38.37256435,-122.6675952,3
2012,2012-01-15,1704,1,4,17,7,N,A,N,A,H,B,A,01,W,04,C,,,,,C,Y,N,D,1,0,0,0,21703.0,2,38.40199216,-122.64022317,4
2012,2012-01-04,1730,1,4,17,3,N,A,Y,A,H,D,A,01,N,01,A,,,,,C,Y,N,D,2,0,0,0,23152.0,2,38.32233469,-123.03647191,2
2012,2012-01-01,330,1,4,3,7,N,A,N,A,H,D,A,01,W,01,E,,,,,I,N,N,D,1,0,0,0,23152.0,1,38.260666,-122.751119,4
2012,2012-01-25,1430,1,4,14,3,N,A,N,A,H,A,A,01,W,10,G,Y,,,,B,N,N,A,1,1,0,0,21950.0,2,38.43790497,-122.80132129,3
2011,2011-12-15,1550,12,4,15,4,Y,A,Y,A,H,-,A,01,,08,E,,,,,I,Y,N,D,1,0,0,0,22107.0,1,38.38311512,-122.51662437,4
2012,2012-01-16,325,1,4,3,1,N,A,Y,A,H,C,A,01,E,01,E,,,,,I,Y,N,D,2,0,0,0,23153.0,1,38.43161502,-122.73699329,3
2012,2012-01-20,2320,1,4,23,5,N,B,N,B,H,C,A,01,S,01,F,,,,,I,Y,N,D,2,0,0,0,23152.0,1,38.3687879,-122.62361193,3
2012,2012-01-07,1128,1,4,11,6,N,A,N,A,H,A,C,02,W,01,D,,,Y,,C,Y,N,D,2,0,0,1,23152.0,2,,,2
2012,2012-01-16,1320,1,4,13,1,N,A,N,A,H,A,A,08,W,08,E,,,,,A,Y,N,D,2,0,0,0,22107.0,1,,,4
2012,2012-01-18,1440,1,4,14,3,N,A,Y,A,H,A,A,01,N,08,E,,,,,I,Y,N,D,2,0,0,0,22107.0,2,38.28602162,-122.68832938,3
2012,2012-01-20,1330,1,4,13,5,N,B,Y,B,H,A,A,07,N,03,C,,,,,C,N,N,D,2,0,0,0,22350.0,2,38.45229092,-122.72621603,4
2012,2012-01-25,1020,1,4,10,3,N,B,Y,A,D,A,M,47,S,03,C,,,,,C,Y,N,D,1,0,0,0,22350.0,2,38.32669496,-122.71288481,4
2012,2012-01-26,1640,1,4,16,4,N,A,Y,A,H,A,A,07,S,03,C,,,,,C,N,N,D,1,0,0,0,22350.0,3,38.4412744,-122.72097245,4
2012,2012-01-28,2218,1,4,22,6,Y,A,N,A,H,C,A,01,,01,D,,,,,C,Y,N,A,1,0,0,0,23152.0,2,38.24728488,-122.6224333,4
2012,2012-02-04,940,2,4,9,6,N,A,Y,A,H,A,D,22,E,03,C,,,,,C,Y,F,D,4,0,0,0,22350.0,4,38.15285451,-122.4424929,3
2012,2012-02-03,1144,2,4,11,5,Y,A,Y,A,H,A,A,01,,06,B,,,,,C,N,N,A,1,0,0,0,21755.0,2,38.27088501,-122.66865326,4
2012,2012-02-08,1000,2,4,10,3,N,A,Y,A,H,A,A,01,S,08,A,,,,,C,Y,N,D,2,0,0,0,22105.0,3,38.20841089,-122.4533439,3
2012,2012-02-03,805,2,4,8,5,Y,A,Y,A,H,A,A,01,,09,D,,,,,C,N,N,D,1,0,0,0,21804.0,2,38.28504856,-122.45895511,4
2012,2012-02-04,2257,2,4,22,6,Y,A,N,A,H,C,A,01,,01,D,,Y,,,G,N,N,A,1,0,1,0,23153.0,2,38.23607494,-122.60256317,4
2012,2012-02-01,1330,2,4,13,3,N,A,N,A,H,A,A,01,W,03,C,,,,,C,Y,N,A,1,0,0,0,22350.0,5,38.34853702,-122.70656342,4
2012,2012-02-11,2138,2,4,21,6,N,A,Y,A,H,D,A,01,W,01,D,,,,,C,Y,N,A,1,0,0,0,23152.0,2,38.43956633,-122.58890014,4
2012,2012-02-11,1340,2,4,13,6,N,B,Y,A,H,A,A,01,S,03,D,,,,,C,Y,N,D,1,0,0,0,22350.0,2,38.34426549,-122.712849,4
2012,2012-02-10,1557,2,4,15,5,N,B,N,B,H,C,A,01,W,09,D,,,,,C,Y,N,D,2,0,0,0,21801.0,2,38.51113904,-122.77141619,4
2012,2012-02-09,1633,2,4,16,4,N,A,Y,A,H,A,A,01,S,03,C,,,,,C,Y,N,D,1,0,0,0,22350.0,2,38.43955297,-122.7197748,4
2012,2012-02-09,1700,2,4,17,4,N,A,Y,A,H,A,A,01,S,08,E,,,,,I,Y,N,D,1,0,0,0,22107.0,1,38.21069836,-122.60091287,3
2012,2012-02-05,1045,2,4,10,7,N,A,N,A,H,A,C,02,E,08,F,,,Y,,A,Y,N,D,1,0,0,1,22107.0,1,38.18721333,-122.65728475,2
2012,2012-02-03,1830,2,4,18,5,N,-,Y,A,D,C,C,02,N,01,F,,,Y,,A,Y,N,D,1,0,0,1,23152.0,1,38.35259797,-122.71303382,2
2012,2012-02-14,1540,2,4,15,2,N,A,Y,A,H,A,A,07,N,08,F,,,,,A,Y,N,D,1,0,0,0,22107.0,1,38.40017499,-123.09316334,3
2012,2012-01-22,1532,1,4,15,7,N,B,Y,B,H,A,D,22,N,03,F,,,,,A,Y,N,D,1,0,0,0,22350.0,1,38.66422065,-122.87606788,4
2012,2012-02-08,1355,2,4,13,3,N,A,N,A,H,A,A,01,N,08,A,,,,,E,Y,N,D,1,0,0,0,22107.0,3,38.66670541,-122.86325339,3
2012,2012-01-20,2119,1,4,21,5,N,C,N,B,-,C,A,01,W,03,C,,,,,C,Y,N,D,2,0,0,0,22350.0,3,38.23770927,-122.63636625,4
2012,2012-01-26,1357,1,4,13,4,Y,A,N,A,H,A,A,01,,09,D,,,,,C,N,N,A,1,0,0,0,21802.0,2,38.25938496,-122.64403317,4
2012,2012-01-13,2250,1,4,22,5,N,A,N,A,H,D,N,60,S,11,G,Y,,,,B,N,N,D,1,1,0,0,21954.0,2,38.29071482,-122.48843471,3
2012,2012-01-12,1507,1,4,15,4,Y,A,N,A,H,A,-,- ,,03,C,,,,,C,Y,N,A,1,0,0,0,22350.0,3,38.40184488,-122.82491328,4
2012,2012-02-15,745,2,4,7,3,N,A,Y,A,H,A,D,22,W,21,C,,,,,C,N,N,A,2,0,0,0,22106.0,2,38.23610877,-122.52675073,4
2012,2012-02-16,1259,2,4,12,4,N,A,N,A,H,A,D,22,W,03,C,,,,,C,N,N,D,1,0,0,0,22350.0,2,38.25599738,-122.67840229,4
2012,2012-02-07,825,2,4,8,2,N,B,N,A,H,A,-,- ,N,18,B,,,,Y,C,Y,N,D,1,0,0,0,,3,38.29999098,-122.66647542,4
2012,2012-02-12,855,2,4,8,7,N,E,Y,A,H,A,D,22,W,01,D,,,,,C,Y,F,D,2,0,0,0,23152.0,2,38.23128227,-122.53131028,2
2012,2012-02-10,615,2,4,6,5,N,B,Y,A,H,D,D,22,S,04,C,,,,,C,N,M,D,2,0,0,0,21703.0,4,38.20310496,-122.59833107,4
2012,2012-02-13,805,2,4,8,1,N,B,N,B,H,A,A,01,W,03,C,,,,,C,Y,N,D,1,0,0,0,22350.0,2,38.62745519,-122.88344404,4
2012,2012-01-18,1320,1,4,13,3,N,B,N,A,H,A,D,22,W,04,C,,,,,C,Y,N,D,1,0,0,0,21703.0,3,38.49911257,-122.74322024,4
2012,2012-02-15,845,2,4,8,3,N,A,Y,A,H,A,D,22,S,04,C,,,,,C,Y,N,D,1,0,0,0,21703.0,2,38.47922586,-122.73338632,4
2012,2012-01-30,1350,1,4,13,1,Y,A,Y,A,H,A,A,07,,09,A,,,,,C,Y,N,A,2,0,0,0,21453.0,2,38.29461557,-122.47582355,4
2012,2012-01-27,25,1,4,0,5,N,E,Y,B,H,D,A,01,E,08,E,,,,,I,Y,N,D,1,0,0,0,22107.0,1,38.24762284,-122.41206048,4
2012,2012-02-13,1405,2,4,14,1,N,B,N,A,H,A,A,01,S,08,E,,,,,I,Y,N,D,2,0,0,0,22107.0,1,38.29594011,-122.70663436,4
2012,2012-01-08,1747,1,4,17,7,Y,A,N,A,H,C,D,72,,06,G,Y,,,,B,N,N,D,1,1,0,0,21951.0,2,38.79850493,-123.01804331,2
2012,2012-02-17,1649,2,4,16,5,N,A,N,A,H,A,D,22,E,01,E,,,,,J,Y,N,D,1,0,0,0,23152.0,1,38.62237481,-122.85314449,4
2012,2012-02-18,1828,2,4,18,6,N,A,N,A,H,A,A,01,N,08,D,,,,,C,N,N,A,1,0,0,0,22107.0,2,38.61011269,-122.87051122,4
2012,2012-03-02,1453,3,1,14,5,N,A,N,A,H,A,D,22,W,21,G,Y,,,,B,N,N,D,1,1,0,0,22106.0,2,38.55875508,-122.80890452,2
2012,2012-02-11,144,2,4,1,6,N,B,N,B,H,C,-,- ,E,01,H,,,,,I,Y,N,D,2,0,0,0,23152.0,2,38.34477377,-122.72199359,3
2012,2012-02-12,1306,2,4,13,7,Y,A,N,A,H,A,A,01,,04,C,,,,,C,N,N,D,2,0,0,0,21703.0,2,38.33146487,-122.69799324,4
2012,2012-02-11,1955,2,4,19,6,N,A,Y,A,H,D,D,22,E,01,D,,,,,C,Y,M,D,1,0,0,0,23152.0,2,38.69420503,-122.88563334,4
2012,2012-02-25,2210,2,4,22,6,N,A,Y,A,H,C,A,01,N,03,C,,,,,C,Y,N,D,1,0,0,0,22350.0,3,38.44229496,-122.72136279,3
2012,2012-02-21,835,2,4,8,2,N,A,Y,A,H,A,A,07,E,03,C,,,,,C,Y,N,D,4,0,0,0,22350.0,4,38.38717012,-122.52003355,3
2012,2012-03-01,1154,3,1,11,4,N,C,Y,B,H,A,A,01,S,04,C,,,,,C,N,N,D,1,0,0,0,21703.0,2,38.45590502,-122.72594329,4
2012,2012-03-03,943,3,1,9,6,N,A,N,A,H,A,A,01,N,08,C,,,,,E,Y,N,D,1,0,0,0,22107.0,2,38.35309565,-122.69537033,3
2012,2012-03-03,2011,3,1,20,6,Y,A,N,A,H,C,D,22,,12,D,,,,,C,N,N,A,1,0,0,0,22450.0,2,38.22908496,-122.63605324,4
2012,2012-01-13,1850,1,4,18,5,N,A,Y,A,H,D,A,01,W,03,C,,,,,C,Y,N,D,3,0,0,0,22350.0,2,38.15005428,-122.45086604,4
2012,2012-02-28,1631,2,4,16,2,N,B,Y,A,H,A,D,22,S,03,C,,,,,C,N,N,D,1,0,0,0,22350.0,2,38.41033799,-122.71594533,4
2012,2012-03-10,753,3,1,7,6,Y,A,N,A,H,A,D,22,,03,C,,,,,C,N,N,A,1,0,0,0,22350.0,2,38.32970485,-122.69672318,4