ACCIDENT_YEAR,COLLISION_DATE,COLLISION_TIME,MONTH,SEASON,24HOURS,DAY_OF_WEEK,INTERSECTION,WEATHER_1,STATE_HWY_IND,ROAD_SURFACE,ROAD_COND_1,LIGHTING,STWD_VEHTYPE_AT_FAULT,CHP_VEHTYPE_AT_FAULT,DIRECTION,PCF_VIOL_CATEGORY,TYPE_OF_COLLISION,PEDESTRIAN_ACCIDENT,BICYCLE_ACCIDENT,MOTORCYCLE_ACCIDENT,TRUCK_ACCIDENT,MVIW,TOW_AWAY,HIT_AND_RUN,CONTROL_DEVICE,NUMBER_INJURED,COUNT_PED_INJURED,COUNT_BICYCLIST_INJURED,COUNT_MC_INJURED,PCF_VIOLATION,PARTY_COUNT,POINT_Y,POINT_X,COLLISION_SEVERITY
2012,2012-12-17,1955,12,4,19,1,N,A,N,A,H,C,L,04,N,05,D,,Y,,,G,N,N,D,1,0,1,0,21650.0,2,38.39508091,-122.71354641,4
2013,2013-01-14,824,1,4,8,1,Y,A,N,A,H,A,A,07,,03,C,,,,,C,Y,N,A,1,0,0,0,22350.0,2,38.397575,-122.8468033,4
2013,2013-01-12,1445,1,4,14,6,Y,A,Y,A,H,A,A,01,,08,D,,,Y,,C,N,N,A,1,0,0,1,22107.0,2,38.403165,-122.8231533,4
2013,2013-01-23,1346,1,4,13,3,N,C,Y,B,H,A,A,01,W,10,G,Y,,,,B,N,N,A,1,1,0,0,21950.0,2,38.4023304,-122.8221205,4
2012,2012-12-31,2040,12,4,20,1,N,A,N,A,H,D,-,99,N,03,C,,,,,C,N,M,A,1,0,0,0,22350.0,2,38.34605836,-122.66691445,4
2013,2013-01-03,1718,1,4,17,4,N,A,N,A,H,C,A,01,N,05,D,,,,,C,Y,N,D,3,0,0,0,21460.0,2,38.3113324,-122.7352058,3
2013,2013-01-09,810,1,4,8,3,N,B,N,B,H,A,A,07,E,08,E,,,,,I,Y,N,D,1,0,0,0,22107.0,1,38.3980647,-122.6154742,3
2013,2013-01-10,840,1,4,8,4,N,A,Y,A,H,A,A,01,S,03,C,,,,,C,Y,N,D,2,0,0,0,22350.0,2,38.3191429,-122.7142934,4
2013,2013-01-08,805,1,4,8,2,N,A,Y,A,H,A,A,01,E,07,E,,,,,I,N,F,D,1,0,0,0,21658.0,2,38.431345,-122.710006,4
2013,2013-01-01,1545,1,4,15,2,N,A,N,A,H,A,A,08,W,01,F,,,,,A,Y,N,D,1,0,0,0,23152.0,1,,,3
2013,2013-01-03,1300,1,4,13,4,N,A,Y,A,H,A,C,02,W,08,F,,,Y,,A,Y,N,D,1,0,0,1,22107.0,1,38.4761319,-122.9530567,4
2012,2012-12-08,916,12,4,9,6,N,A,Y,A,H,A,C,02,W,03,F,,,Y,,A,N,N,D,1,0,0,1,22350.0,1,38.43595983,-122.6900446,3
2012,2012-12-21,1433,12,4,14,5,N,B,Y,B,H,A,A,01,W,04,C,,,,,C,Y,N,A,1,0,0,0,21703.0,2,38.15049959,-122.45011974,4
2012,2012-12-17,1900,12,4,19,1,N,A,N,A,H,C,A,01,N,21,D,,Y,,,G,N,M,D,1,0,1,0,22106.0,2,38.41609733,-122.72724976,3
2012,2012-12-16,1946,12,4,19,7,Y,C,N,B,H,C,A,01,,12,D,,,,,C,Y,M,A,3,0,0,0,21453.0,3,38.43410497,-122.72662327,4
2012,2012-12-15,1652,12,4,16,6,Y,C,N,B,H,A,A,01,,09,D,,,,,C,Y,N,A,1,0,0,0,21453.0,2,38.42901,-122.76938,4
2012,2012-12-20,1134,12,4,11,4,Y,B,N,A,H,A,A,01,,03,C,,,,,C,N,N,D,1,0,0,0,22350.0,2,38.46007495,-122.72287331,4
2012,2012-12-19,807,12,4,8,3,N,A,N,A,H,A,N,60,E,11,G,Y,,,,B,N,N,A,1,1,0,0,21950.0,2,38.44778441,-122.71467939,2
2012,2012-12-07,1051,12,4,10,5,N,A,N,A,H,A,L,04,S,05,A,,Y,,,C,N,N,D,1,0,1,0,21460.0,2,38.45826362,-122.7326112,4
2012,2012-12-21,1817,12,4,18,5,N,A,N,B,H,C,A,01,W,05,A,,,,,C,Y,N,A,1,0,0,0,21460.0,2,38.41647567,-122.70439807,4
2012,2012-12-21,1020,12,4,10,5,N,C,N,B,H,A,A,07,N,08,C,,,,,C,Y,N,A,1,0,0,0,22102.0,2,38.42554969,-122.71352594,4
2012,2012-12-20,1923,12,4,19,4,Y,C,N,B,H,C,A,01,,10,G,Y,,,,B,N,N,A,1,1,0,0,21950.0,2,38.44284494,-122.70171331,4
2012,2012-12-05,1913,12,4,19,3,Y,B,N,B,H,D,A,01,,10,G,Y,,,,B,N,N,D,1,1,0,0,21950.0,2,38.44149493,-122.73990325,4
2012,2012-12-05,2005,12,4,20,3,Y,B,N,B,H,C,A,01,,12,D,,,,,C,Y,N,A,2,0,0,0,21453.0,2,38.43656494,-122.7201133,4
2012,2012-12-27,1018,12,4,10,4,N,A,N,A,H,A,A,01,S,03,C,,,,,C,Y,N,A,1,0,0,0,22350.0,2,,,4
2012,2012-12-30,1400,12,4,14,7,Y,A,N,A,H,A,A,01,,03,C,,,,,C,Y,N,A,1,0,0,0,22350.0,2,38.41327491,-122.7042932,4
2012,2012-12-26,1802,12,4,18,3,N,A,N,A,H,C,N,60,W,11,G,Y,,,,B,N,N,D,1,1,0,0,21954.0,2,38.43608358,-122.72127084,3
2012,2012-12-27,1632,12,4,16,4,N,A,N,A,H,A,C,02,N,03,F,,,Y,,A,N,N,D,1,0,0,1,22350.0,1,38.40191141,-122.71733658,4
2012,2012-12-28,2025,12,4,20,5,N,C,N,B,H,C,A,07,E,03,C,,,,,C,N,M,A,2,0,0,0,22350.0,3,38.45995498,-122.7282636,4
2012,2012-12-30,1220,12,4,12,7,N,A,Y,A,H,A,A,01,N,03,C,,,,,C,N,M,A,1,0,0,0,22350.0,2,38.42767501,-122.7692233,4
2012,2012-12-31,708,12,4,7,1,N,A,N,C,G,A,-,- ,W,18,E,,,,,I,Y,N,D,1,0,0,0,,1,38.41839725,-122.6647158,3
2012,2012-12-14,739,12,4,7,5,N,B,N,A,H,A,-,- ,S,21,C,,,,,C,Y,N,D,1,0,0,0,22106.0,2,38.41200915,-122.74135325,4
2012,2012-12-08,1358,12,4,13,6,Y,B,N,A,H,A,C,02,,09,B,,,Y,,C,N,N,A,1,0,0,1,21801.0,2,38.43756495,-122.6816632,3
2012,2012-12-26,1101,12,4,11,3,N,A,Y,A,H,A,A,01,N,03,C,,,,,C,N,N,D,1,0,0,0,22350.0,2,38.41497502,-122.71620329,4
2012,2012-12-05,1350,12,4,13,3,N,B,N,B,H,A,-,- ,N,00,H,,Y,,,-,N,N,D,1,0,1,0,,1,38.23994898,-122.63950058,4
2012,2012-12-06,1241,12,4,12,4,Y,B,N,A,H,A,A,08,,12,D,,,,,C,Y,N,A,1,0,0,0,21453.0,2,38.26894492,-122.67061322,4
2012,2012-12-05,1739,12,4,17,3,N,A,N,B,H,C,A,01,E,03,C,,,,,C,N,N,A,1,0,0,0,22350.0,3,38.23827136,-122.63586605,4
2012,2012-12-26,2023,12,4,20,3,Y,A,N,A,H,C,A,01,,12,D,,,,,C,N,N,A,1,0,0,0,21453.0,2,38.43059493,-122.72532334,4
2012,2012-10-11,914,10,3,9,4,N,B,Y,A,H,A,A,07,S,08,F,,,,,A,Y,N,D,1,0,0,0,22107.0,1,38.57350741,-123.33211946,3
2012,2012-10-13,1435,10,3,14,6,N,A,Y,A,H,A,C,02,N,08,F,,,Y,,A,Y,N,D,1,0,0,1,22107.0,1,38.41554499,-123.09995334,3
2012,2012-10-17,1155,10,3,11,3,N,A,N,A,H,A,C,02,N,08,F,,,Y,,A,Y,N,D,1,0,0,1,22107.0,1,38.42063189,-122.9526719,3
2012,2012-10-18,2200,10,3,22,4,N,A,N,A,H,D,A,01,W,05,A,,,,,C,Y,N,A,2,0,0,0,21460.0,2,38.55436259,-122.65676709,4
2012,2012-10-24,1755,10,3,17,3,N,A,Y,A,H,A,A,01,N,04,C,,,,,C,Y,N,D,1,0,0,0,21703.0,2,38.46369161,-122.72668809,4
2012,2012-10-24,1830,10,3,18,3,N,B,N,B,H,B,A,01,S,08,E,,,,,I,Y,N,D,1,0,0,0,22107.0,1,38.51781593,-123.07934765,4
2012,2012-10-16,1613,10,3,16,2,N,A,Y,A,H,A,A,01,W,08,E,,,,,I,Y,N,D,2,0,0,0,22107.0,1,38.34467708,-122.49839282,3
2012,2012-11-04,1826,11,3,18,7,N,B,N,A,H,C,A,01,E,03,E,,,,,I,N,M,D,1,0,0,0,22350.0,1,38.43576568,-122.7553562,4
2012,2012-10-29,1710,10,3,17,1,N,A,Y,A,H,A,A,01,S,03,C,,,,,C,Y,N,D,2,0,0,0,22350.0,2,38.44188587,-122.72140826,4
2012,2012-10-31,1406,10,3,14,3,N,C,N,B,H,A,A,01,S,03,C,,,,,C,N,N,D,1,0,0,0,22350.0,2,38.48789555,-122.77012724,4
2012,2012-10-25,1715,10,3,17,4,N,A,Y,A,H,A,A,01,N,03,C,,,,,C,Y,N,D,2,0,0,0,22350.0,2,38.50132849,-122.76335182,3
2012,2012-10-17,1630,10,3,16,3,N,A,Y,A,H,A,A,01,S,03,C,,,,,C,Y,N,D,2,0,0,0,22350.0,3,38.62270491,-122.87829724,4
2012,2012-10-28,2340,10,3,23,7,N,E,Y,B,D,C,A,01,S,01,A,,,,,C,Y,N,D,2,0,0,0,23152.0,2,38.24611789,-122.62653224,4
2012,2012-10-28,115,10,3,1,7,N,A,N,A,H,D,A,07,N,08,E,,,,,I,Y,N,D,1,0,0,0,22107.0,1,,,3
2012,2012-10-29,1750,10,3,17,1,N,A,Y,A,H,A,C,02,N,03,C,,,Y,,C,Y,N,D,1,0,0,1,22350.0,2,38.46369161,-122.72668809,3
2012,2012-10-31,1400,10,3,14,3,Y,B,Y,B,H,A,A,01,,09,A,,,,,C,Y,N,A,3,0,0,0,21801.0,2,38.42561501,-122.84826331,4
2012,2012-10-31,1815,10,3,18,3,N,B,Y,B,H,D,A,01,S,04,C,,,,,C,N,N,D,1,0,0,0,21703.0,2,38.40439801,-122.7159848,4
2012,2012-12-27,1617,12,4,16,4,Y,B,N,A,H,A,-,- ,,00,H,,Y,,,-,N,N,D,1,0,1,0,,1,38.24562497,-122.60366329,3
2012,2012-12-29,2010,12,4,20,6,Y,A,Y,A,H,A,A,01,,09,D,,,,,C,Y,N,D,2,0,0,0,21802.0,2,38.36521501,-122.78126329,4
2012,2012-12-23,1130,12,4,11,7,N,B,Y,B,H,A,A,01,N,08,E,,,,,I,Y,N,D,1,0,0,0,22107.0,1,38.76263809,-122.98655925,4
2012,2012-12-20,830,12,4,8,4,N,B,N,A,H,A,A,07,E,03,A,,,,,E,Y,N,D,1,0,0,0,22350.0,2,38.50070589,-122.7572343,4
2012,2012-12-30,1340,12,4,13,7,N,A,Y,A,H,A,A,01,N,09,D,,,,,C,Y,N,D,2,0,0,0,21801.0,2,38.34437343,-123.05212913,4
2012,2012-12-30,1433,12,4,14,7,N,A,Y,A,H,A,A,01,N,03,C,,,,,C,Y,N,D,1,0,0,0,22350.0,2,38.43102502,-122.71176329,4
2012,2012-12-30,1240,12,4,12,7,Y,A,Y,A,H,A,A,01,,09,D,,,,,C,Y,N,D,1,0,0,0,21802.0,2,38.4940065,-123.01124648,4
2012,2012-12-12,1503,12,4,15,3,N,A,Y,A,H,A,A,01,S,10,G,Y,,,,B,N,N,A,1,1,0,0,21950.0,2,38.40145501,-122.8238433,4
2012,2012-12-18,1552,12,4,15,2,N,A,Y,A,H,A,A,07,E,03,C,,,,,C,N,N,A,2,0,0,0,22350.0,3,38.40305614,-122.8182092,4
2012,2012-09-16,1518,9,3,15,7,N,A,Y,A,H,A,A,01,N,03,C,,,,,C,N,N,A,1,0,0,0,22350.0,3,38.39017026,-122.81607363,3
2012,2012-09-19,1324,9,3,13,3,N,A,Y,A,H,A,A,07,S,09,D,,,,,C,Y,N,A,2,0,0,0,21804.0,2,38.40064501,-122.8222533,3
2012,2012-09-30,2150,9,3,21,7,N,A,N,A,H,D,A,01,N,01,C,,,,,C,Y,N,D,2,0,0,0,23152.0,2,38.25674701,-122.58756099,3
2013,2013-02-04,1430,2,4,14,1,N,A,Y,A,H,A,A,08,S,03,C,,,,,C,Y,N,D,2,0,0,0,22350.0,2,38.2454918,-122.4688326,4
2013,2013-02-07,820,2,4,8,4,N,B,Y,B,H,A,A,07,S,03,E,,,,,I,Y,N,D,1,0,0,0,22350.0,1,38.2342785,-122.4607901,4
2012,2012-09-28,1300,9,3,13,5,N,A,Y,A,H,A,A,01,S,08,E,,,,,I,Y,N,D,1,0,0,0,22107.0,1,38.60610103,-122.8714868,4
2012,2012-09-27,1815,9,3,18,4,N,A,Y,A,H,A,A,01,S,03,C,,,,,C,Y,N,D,1,0,0,0,22350.0,2,38.45964502,-122.72633329,4
2012,2012-09-06,1405,9,3,14,4,N,B,N,A,H,A,A,01,N,08,E,,,,,I,Y,N,D,2,0,0,0,22107.0,1,38.32290078,-122.66672857,4
2012,2012-09-20,1615,9,3,16,4,N,A,N,A,H,A,A,01,E,03,C,,,,,C,N,N,A,1,0,0,0,22350.0,2,38.49654498,-122.76995849,4
2012,2012-09-23,1450,9,3,14,7,N,A,Y,A,H,A,A,01,N,08,E,,,,,I,Y,N,D,1,0,0,0,22107.0,1,38.43284448,-122.71592432,3
2012,2012-09-21,1341,9,3,13,5,N,A,N,A,H,A,A,01,N,03,C,,,,,C,N,N,A,2,0,0,0,22350.0,3,38.61150487,-122.87327326,4
2012,2012-09-25,1715,9,3,17,2,N,A,Y,A,H,A,A,01,N,08,E,,,,,I,Y,N,A,1,0,0,0,22107.0,1,38.60599478,-122.87157786,4
2012,2012-10-21,1650,10,3,16,7,N,A,Y,A,H,A,A,01,N,03,C,,,,,C,N,N,D,1,0,0,0,22350.0,2,38.22672266,-122.61460701,4
2012,2012-09-15,1650,9,3,16,6,N,A,Y,A,H,A,C,02,S,01,C,,,Y,,C,Y,N,D,2,0,0,2,23152.0,2,38.62637674,-122.87976454,3
2012,2012-11-29,2007,11,3,20,4,N,B,N,B,H,C,A,07,N,10,G,Y,,,,B,N,F,A,1,1,0,0,21950.0,2,38.23335219,-122.63919208,4
2012,2012-10-09,700,10,3,7,2,Y,B,N,A,H,A,A,01,,10,G,Y,,,,B,N,N,A,1,1,0,0,21950.0,2,38.24247494,-122.60476325,4
2012,2012-10-03,1450,10,3,14,3,N,A,Y,A,H,A,A,01,N,03,C,,,,,C,N,N,D,2,0,0,0,22350.0,3,38.45585749,-122.62769484,4
2012,2012-11-01,2224,11,3,22,4,N,B,N,B,H,D,A,01,W,03,A,,,,,C,Y,N,D,2,0,0,0,22350.0,2,38.38887485,-122.8884761,4
2012,2012-10-13,2050,10,3,20,6,N,A,N,A,H,D,A,01,S,01,E,,,,,I,Y,N,D,1,0,0,0,23152.0,1,38.64083108,-122.90241193,3
2012,2012-10-13,2025,10,3,20,6,Y,A,N,A,H,D,A,01,,01,E,,,,,I,Y,N,A,1,0,0,0,23152.0,1,38.38706492,-122.83512334,3
2012,2012-10-11,920,10,3,9,4,N,B,Y,A,H,A,A,01,W,08,E,,,,,I,Y,N,D,1,0,0,0,22107.0,1,38.47504438,-122.91921844,4
2012,2012-10-18,1425,10,3,14,4,N,A,N,A,H,A,A,01,W,01,E,,,,,I,Y,N,D,1,0,0,0,23152.0,1,38.2650418,-122.74007749,3
2012,2012-10-12,825,10,3,8,5,N,A,N,A,H,A,A,01,S,21,C,,,,,C,N,N,A,1,0,0,0,22106.0,2,38.23684143,-122.63385124,4
2013,2013-01-06,2050,1,4,20,7,N,A,N,B,-,C,A,01,N,03,D,,,,,C,Y,N,D,2,0,0,0,22350.0,2,38.3366164,-122.7121188,4
2013,2013-01-02,2129,1,4,21,3,N,A,N,A,H,C,L,04,E,17,D,,Y,Y,,B,N,N,D,1,0,1,0,21208.0,2,38.330872,-122.694025,3
2013,2013-01-04,1830,1,4,18,5,N,A,Y,A,H,D,A,01,W,03,C,,,,,C,N,N,D,2,0,0,0,22350.0,3,38.1460598,-122.4563924,4
2013,2013-01-26,1212,1,4,12,6,-,A,N,A,A,A,A,01,,09,D,,Y,,,G,N,N,D,1,0,1,0,21801.0,2,,,4
2013,2013-01-27,1912,1,4,19,7,Y,A,N,A,H,C,A,07,,09,D,,,,,C,N,N,A,3,0,0,0,21801.0,2,38.2466,-122.64523,4
2013,2013-01-02,1020,1,4,10,3,N,A,Y,A,H,A,A,01,N,04,C,,,,,C,Y,M,D,1,0,0,0,21703.0,4,38.2109702,-122.6010363,4
2013,2013-01-02,420,1,4,4,3,N,F,N,C,H,C,A,01,N,03,E,,,,,I,Y,N,D,1,0,0,0,22350.0,1,38.5966986,-122.776349,4
2013,2013-01-02,215,1,4,2,3,N,B,N,A,H,D,A,01,W,01,E,,,,,I,Y,N,D,1,0,0,0,23152.0,1,,,3
2013,2013-03-05,2214,3,1,22,2,N,B,N,B,H,C,A,01,N,01,C,,,,,C,Y,N,A,1,0,0,0,23152.0,2,38.231362,-122.6487362,4
2013,2013-01-13,1849,1,4,18,7,Y,A,N,A,H,C,-,- ,,03,C,,,,,C,Y,N,A,1,0,0,0,22350.0,2,38.2857849,-122.4692131,4
2013,2013-01-07,2005,1,4,20,1,N,A,Y,A,H,D,-,- ,S,18,E,,,,,I,Y,N,D,3,0,0,0,,1,38.298036,-122.7036499,2
2013,2013-01-11,800,1,4,8,5,N,B,Y,A,H,A,A,08,S,21,C,,,,,C,N,N,A,1,0,0,0,22106.0,2,38.509545,-122.7732333,4
2013,2013-01-12,1840,1,4,18,6,Y,B,N,A,H,D,A,01,,05,D,,,,,C,Y,N,D,1,0,0,0,21460.0,2,38.51759,-122.72061,4
2013,2013-01-13,1815,1,4,18,7,N,A,Y,A,H,C,A,01,W,01,E,,,,,I,Y,N,D,1,0,0,0,23152.0,1,38.3333051,-122.7288927,3
2013,2013-01-15,1725,1,4,17,2,N,A,Y,A,H,D,A,01,W,05,A,,,,,C,Y,N,D,2,0,0,0,21460.0,2,38.3485847,-122.7621865,3
2013,2013-01-16,15,1,4,0,3,N,A,Y,A,H,C,A,01,S,03,C,,,,,C,Y,N,D,1,0,0,0,22350.0,3,38.3250605,-122.7127106,4
2013,2013-01-19,715,1,4,7,6,N,A,N,A,H,A,A,01,S,05,A,,,,,C,Y,N,D,1,0,0,0,21460.0,2,38.486213,-122.6599734,4
2013,2013-01-16,2045,1,4,20,3,N,A,N,C,G,D,A,01,N,08,A,,,,,C,Y,N,D,2,0,0,0,22107.0,3,,,4
2013,2013-01-23,1725,1,4,17,3,N,B,Y,B,H,D,A,01,N,03,C,,,,,C,N,N,D,1,0,0,0,22350.0,2,38.4818243,-122.7362172,4
2013,2013-01-19,710,1,4,7,6,Y,A,N,A,H,C,A,01,,01,D,,,,,C,N,N,A,1,0,0,0,23153.0,2,38.2420049,-122.6325432,4
2013,2013-01-15,1251,1,4,12,2,N,A,N,A,H,A,A,08,S,03,C,,,,,C,Y,N,A,1,0,0,0,22350.0,3,38.2739664,-122.6664101,4
2013,2013-01-27,1523,1,4,15,7,N,A,Y,A,H,A,A,07,E,03,C,,,,,C,N,N,D,2,0,0,0,22350.0,2,38.1526154,-122.444263,4
2013,2013-01-03,1512,1,4,15,4,N,A,N,A,H,A,A,01,W,03,C,,,,,C,Y,N,D,1,0,0,0,22350.0,2,38.4299993,-122.7278848,4
2013,2013-01-04,1048,1,4,10,5,N,A,Y,A,H,A,A,01,E,21,C,,,,,C,N,N,A,1,0,0,0,22106.0,2,38.236225,-122.5266732,4
2013,2013-02-24,1013,2,4,10,7,N,A,N,A,H,A,A,01,E,09,D,,,,,C,N,N,D,1,0,0,0,21804.0,2,38.2332246,-122.6364345,4
2013,2013-01-14,1928,1,4,19,1,Y,A,N,A,G,C,A,01,,10,G,Y,,,,B,N,F,D,1,1,0,0,21950.0,3,,,3
2013,2013-01-14,757,1,4,7,1,N,A,N,A,H,A,A,01,N,03,C,,,,,C,Y,N,D,1,0,0,0,22350.0,2,38.3430778,-122.6950963,4
2013,2013-01-16,2115,1,4,21,3,N,A,N,A,H,D,A,07,N,08,E,,,,,I,Y,N,D,1,0,0,0,22107.0,1,,,4
2013,2013-01-07,940,1,4,9,1,Y,A,N,A,H,A,A,07,,09,D,,,,,C,N,N,A,1,0,0,0,21800.0,2,38.2353349,-122.6224932,4
2013,2013-01-01,126,1,4,1,2,Y,E,N,D,H,C,A,01,,03,E,,,,,I,Y,M,A,2,0,0,0,22350.0,1,38.22729,-122.6179,3
2013,2013-01-14,807,1,4,8,1,Y,A,N,A,H,A,A,01,,09,D,,,,,C,Y,N,A,1,0,0,0,21801.0,2,38.2380449,-122.6360633,3
2013,2013-03-06,1612,3,1,16,3,N,A,N,A,H,A,A,01,N,09,D,,,,,C,N,N,A,1,0,0,0,21804.0,2,38.3490453,-122.7095821,4
2013,2013-02-23,250,2,4,2,6,N,A,Y,A,H,D,A,07,E,01,A,,,,,C,Y,N,D,2,0,0,0,23152.0,2,38.6425526,-122.7528123,3
2013,2013-02-08,1551,2,4,15,5,Y,A,N,A,H,A,A,01,,03,C,,,,,C,Y,N,A,2,0,0,0,22350.0,2,38.456515,-122.7362732,4
2013,2013-02-16,1337,2,4,13,6,N,A,N,A,H,A,F,26,N,08,D,,,Y,Y,C,Y,N,D,1,0,0,1,22103.0,2,38.4377017,-122.7559027,3
2013,2013-02-11,1401,2,4,14,1,N,A,N,A,H,A,F,26,N,21,C,,,,Y,C,N,N,D,1,0,0,0,22106.0,2,38.4145897,-122.7175153,4
2013,2013-02-15,1713,2,4,17,5,Y,A,N,A,H,A,D,22,,03,C,,,,,C,Y,N,D,1,0,0,0,22350.0,2,38.446335,-122.7026732,4
2013,2013-02-20,829,2,4,8,3,Y,B,N,A,H,A,D,22,,09,D,,,,,C,Y,N,A,2,0,0,0,21453.0,2,38.4746949,-122.7287333,3
2013,2013-02-20,1848,2,4,18,3,Y,A,N,A,H,C,A,07,,09,A,,,,,C,Y,N,A,1,0,0,0,21801.0,2,38.4305949,-122.7253233,4
2013,2013-02-21,1421,2,4,14,4,Y,A,N,A,H,A,A,01,,09,A,,,,,C,Y,N,A,2,0,0,0,21801.0,2,38.441605,-122.7289833,4
2013,2013-02-22,641,2,4,6,5,Y,A,N,A,H,A,D,22,,09,D,,Y,,,G,N,N,A,1,0,1,0,21804.0,2,38.4730249,-122.7697632,4
2013,2013-02-20,1631,2,4,16,3,Y,A,N,A,H,A,D,22,,12,D,,,,,C,N,N,A,1,0,0,0,21453.0,2,38.4434949,-122.6990733,4
2013,2013-02-18,1410,2,4,14,1,Y,A,N,A,H,A,A,01,,09,D,,,,,C,N,N,D,2,0,0,0,21801.0,2,38.479725,-122.7454632,3
2013,2013-02-20,1312,2,4,13,3,N,A,N,A,H,A,A,07,S,09,D,,,,,C,Y,N,D,2,0,0,0,21804.0,2,38.4517185,-122.751307,4
2013,2013-02-15,1612,2,4,16,5,N,A,N,A,H,A,D,22,W,03,C,,,,,C,N,N,A,1,0,0,0,22350.0,2,38.459975,-122.7336041,4
2013,2013-02-02,1054,2,4,10,6,N,B,N,A,H,A,D,22,S,03,C,,,,,C,N,N,A,2,0,0,0,22350.0,2,38.47297,-122.7697627,4
2013,2013-02-22,1455,2,4,14,5,N,A,Y,A,H,A,A,01,S,21,C,,,,,C,N,N,D,1,0,0,0,22106.0,2,38.458685,-122.6742633,4
2013,2013-03-03,1738,3,1,17,7,Y,A,N,A,H,A,D,22,,01,E,,,,,I,Y,M,D,1,0,0,0,23152.0,1,38.4314049,-122.7134432,4
2013,2013-02-22,1434,2,4,14,5,N,A,N,A,H,A,A,01,E,09,C,,,,,C,N,N,D,1,0,0,0,21804.0,2,38.4612421,-122.7164931,4
2013,2013-02-25,1736,2,4,17,1,N,A,N,A,H,A,A,01,S,03,C,,,,,C,N,N,D,1,0,0,0,22350.0,2,38.4364604,-122.742721,4
2013,2013-03-25,813,3,1,8,1,N,A,Y,A,H,A,D,22,W,04,C,,,,,C,N,N,D,1,0,0,0,21703.0,2,38.4530476,-122.6813933,4
2013,2013-03-16,1124,3,1,11,6,Y,A,Y,A,H,A,A,01,,12,D,,,,,C,Y,N,A,1,0,0,0,21453.0,2,38.463735,-122.7265333,4
2013,2013-03-19,1336,3,1,13,2,Y,B,Y,B,H,A,A,01,,03,C,,,,,C,Y,N,A,2,0,0,0,22350.0,2,38.448585,-122.7255333,3
2013,2013-03-16,1809,3,1,18,6,Y,A,N,A,H,A,D,22,,03,C,,,,,C,N,N,A,3,0,0,0,22350.0,2,38.4376949,-122.7178632,4
2013,2013-03-23,813,3,1,8,6,Y,A,Y,A,H,A,A,01,,12,D,,,,,C,Y,N,A,1,0,0,0,21453.0,2,38.4623039,-122.6429855,4
2013,2013-02-23,1333,2,4,13,6,Y,A,N,A,H,A,A,07,,17,D,,,,,C,Y,N,D,2,0,0,0,21657.0,3,38.4327749,-122.7059232,4
2013,2013-03-08,1523,3,1,15,5,N,A,N,A,H,A,A,01,W,03,C,,,,,C,Y,N,D,2,0,0,0,22350.0,3,38.4766687,-122.6699482,4
2013,2013-03-13,1040,3,1,10,3,Y,A,N,A,H,A,D,22,,12,D,,,,,C,Y,N,A,2,0,0,0,21453.0,2,38.441605,-122.7289833,4
2013,2013-03-11,312,3,1,3,1,N,A,N,A,H,C,D,22,S,08,E,,,,,I,Y,N,D,1,0,0,0,22107.0,1,38.4659703,-122.7326622,3
2013,2013-03-17,823,3,1,8,7,Y,A,Y,A,H,A,A,01,,08,B,,,,,C,Y,N,A,1,0,0,0,22107.0,2,38.458685,-122.6742633,4
2013,2013-03-15,2118,3,1,21,5,N,B,N,A,H,C,-,- ,S,18,H,,,,,A,N,N,A,1,0,0,0,,1,38.4415477,-122.7273094,3
2013,2013-03-16,1158,3,1,11,6,Y,A,N,A,H,A,A,01,,09,D,,,,,C,Y,N,A,1,0,0,0,21802.0,2,38.47685,-122.74707,4
2013,2013-03-15,1148,3,1,11,5,N,A,N,A,H,A,A,01,N,03,C,,,,,C,Y,N,D,1,0,0,0,22350.0,3,38.2364907,-122.6416649,4
2013,2013-01-29,1010,1,4,10,2,N,A,Y,A,H,A,A,01,E,03,C,,,,,C,Y,N,D,2,0,0,0,22350.0,3,38.1348842,-122.4752746,4
2013,2013-01-24,713,1,4,7,4,N,B,N,A,H,A,A,01,W,01,C,,,,,C,N,F,D,1,0,0,0,23152.0,2,38.3239349,-122.7265831,3
2013,2013-01-27,1705,1,4,17,7,N,A,N,A,H,A,A,07,W,01,F,,,,,A,Y,N,D,2,0,0,0,23152.0,1,38.2761573,-122.4775991,2
2013,2013-01-27,1445,1,4,14,7,N,A,N,A,H,A,A,01,W,08,E,,,,,I,Y,N,D,2,0,0,0,22107.0,1,38.4911625,-122.7933999,3
2013,2013-01-27,1355,1,4,13,7,N,A,N,A,H,A,A,01,E,08,F,,,,,A,Y,N,D,2,0,0,0,22107.0,1,38.3411788,-122.6448534,3
2013,2013-01-26,1410,1,4,14,6,N,A,N,A,H,A,A,01,E,09,D,,,Y,,C,N,N,D,1,0,0,1,21801.0,2,38.4240901,-122.8218836,3
2013,2013-01-26,230,1,4,2,6,N,A,N,A,H,D,A,01,S,08,E,,,,,I,Y,N,D,1,0,0,0,22107.0,1,38.1730369,-122.5225953,3
2013,2013-01-25,1625,1,4,16,5,N,A,Y,A,H,A,A,01,S,03,C,,,,,C,Y,N,D,2,0,0,0,22350.0,3,38.4686961,-122.7287199,4
2013,2013-01-24,2132,1,4,21,4,Y,A,N,A,H,C,A,01,,09,D,,,,,C,N,N,A,1,0,0,0,21803.0,2,38.2436149,-122.6354032,4
2013,2013-01-21,1621,1,4,16,1,N,A,Y,A,H,A,A,01,E,03,C,,,,,C,N,N,-,1,0,0,0,22350.0,2,38.2928601,-122.4674309,4
2013,2013-01-23,1725,1,4,17,3,N,C,Y,B,H,D,A,01,E,08,F,,,,,A,Y,N,D,1,0,0,0,22107.0,1,38.4821408,-123.0087852,4
2013,2013-01-23,1410,1,4,14,3,N,C,Y,B,H,A,A,01,S,03,E,,,,,I,Y,N,D,1,0,0,0,22350.0,1,38.298036,-122.7036499,3
2013,2013-01-21,1745,1,4,17,1,N,A,N,A,H,A,A,07,E,03,C,,,,,C,Y,N,A,1,0,0,0,22350.0,2,38.4379355,-122.7973535,4