ACCIDENT_YEAR,COLLISION_DATE,COLLISION_TIME,MONTH,SEASON,24HOURS,DAY_OF_WEEK,INTERSECTION,WEATHER_1,STATE_HWY_IND,ROAD_SURFACE,ROAD_COND_1,LIGHTING,STWD_VEHTYPE_AT_FAULT,CHP_VEHTYPE_AT_FAULT,DIRECTION,PCF_VIOL_CATEGORY,TYPE_OF_COLLISION,PEDESTRIAN_ACCIDENT,BICYCLE_ACCIDENT,MOTORCYCLE_ACCIDENT,TRUCK_ACCIDENT,MVIW,TOW_AWAY,HIT_AND_RUN,CONTROL_DEVICE,NUMBER_INJURED,COUNT_PED_INJURED,COUNT_BICYCLIST_INJURED,COUNT_MC_INJURED,PCF_VIOLATION,PARTY_COUNT,POINT_Y,POINT_X,COLLISION_SEVERITY
2013,2013-03-23,1230,3,1,12,6,N,A,Y,A,H,A,C,02,N,03,F,,,Y,,A,Y,N,D,1,0,0,1,22350.0,1,38.5590889,-123.3102872,4
2013,2013-03-22,135,3,1,1,5,N,A,Y,A,H,C,-,- ,S,18,E,,,,,I,Y,M,D,2,0,0,0,,1,38.3637096,-122.7128042,2
2013,2013-03-20,1250,3,1,12,3,N,B,Y,B,H,A,A,01,E,07,E,,,,,I,N,N,D,1,0,0,0,21658.0,1,38.4329627,-122.7201447,4
2013,2013-03-21,2055,3,1,20,4,N,A,Y,A,H,D,A,07,N,01,E,,,,,I,Y,N,D,1,0,0,0,23152.0,1,38.713007,-123.4519173,4
2013,2013-03-17,1137,3,1,11,7,Y,A,N,A,H,A,L,04,,05,-,,Y,,,G,N,N,-,1,0,1,0,21650.0,2,38.3483649,-122.7169032,4
2013,2013-03-15,1710,3,1,17,5,N,A,Y,A,H,A,A,08,N,08,E,,,,,I,Y,N,D,3,0,0,0,22107.0,1,38.6013053,-122.8646888,3
2013,2013-03-20,600,3,1,6,3,N,C,Y,B,H,D,A,07,S,03,E,,,,,I,Y,N,D,1,0,0,0,22350.0,1,38.2117462,-122.4551173,3
2013,2013-04-01,1335,4,1,13,1,N,B,N,B,H,A,D,22,S,09,D,,,,,C,N,N,D,1,0,0,0,21804.0,2,38.2784491,-122.6814777,3
2013,2013-03-28,1312,3,1,13,4,N,B,N,B,H,A,D,22,N,08,F,,,,,A,Y,N,D,1,0,0,0,22107.0,1,38.4918772,-122.6580522,3
2013,2013-03-29,1535,3,1,15,5,N,B,Y,A,H,A,A,08,N,07,B,,,,,C,Y,N,D,2,0,0,0,21658.0,2,38.5166687,-122.7815572,4
2013,2013-03-14,1800,3,1,18,4,N,A,N,A,H,A,O,05,S,03,F,,,Y,,A,Y,N,A,1,0,0,1,22350.0,1,38.4935505,-122.7700632,2
2013,2013-03-11,330,3,1,3,1,N,E,N,A,H,D,C,02,E,03,B,,,Y,,C,Y,N,D,1,0,0,1,22350.0,2,38.2652163,-122.7356729,4
2013,2013-03-10,1306,3,1,13,7,N,A,Y,A,H,A,A,01,E,03,C,,,,,C,Y,N,D,1,0,0,0,22350.0,2,38.4054404,-122.8105236,4
2013,2013-03-10,709,3,1,7,7,N,A,N,A,H,E,A,01,S,03,G,Y,,,,B,N,N,A,1,1,0,0,22350.0,2,38.3943448,-122.7135536,2
2013,2013-03-16,1255,3,1,12,6,N,A,N,A,H,A,A,07,W,01,E,,,,,I,Y,N,D,1,0,0,0,23152.0,1,38.4084903,-122.644003,3
2013,2013-03-09,1650,3,1,16,6,N,A,Y,A,H,A,D,22,N,03,C,,,,,C,Y,N,D,2,0,0,0,22350.0,3,38.2375455,-122.4573808,3
2013,2013-03-20,712,3,1,7,3,N,C,Y,B,H,A,A,01,S,03,C,,,,,C,Y,N,D,4,0,0,0,22350.0,3,38.209489,-122.4544309,4
2013,2013-03-06,1425,3,1,14,3,N,A,N,A,H,A,A,01,N,09,D,,,,,C,Y,N,D,2,0,0,0,21801.0,2,38.4609699,-122.728398,4
2013,2013-03-17,419,3,1,4,7,N,A,N,A,H,C,A,01,N,01,A,,,,,I,Y,N,D,1,0,0,0,23152.0,1,38.2521725,-122.6112549,3
2013,2013-03-21,1802,3,1,18,4,N,A,N,A,H,A,A,01,W,01,E,,,,,I,Y,N,D,1,0,0,0,23152.0,1,38.4567975,-122.6858553,3
2013,2013-03-18,1602,3,1,16,1,Y,A,N,A,H,A,L,04,,12,D,,Y,,,G,N,N,A,1,0,1,0,22450.0,2,38.4511049,-122.6918133,3
2013,2013-03-24,244,3,1,2,7,N,A,N,A,H,E,A,01,E,01,E,,,,,I,Y,N,D,3,0,0,0,23153.0,1,38.4143364,-122.722351,3
2013,2013-03-19,1933,3,1,19,2,N,B,N,B,H,D,A,01,S,03,F,,,,,-,Y,N,D,1,0,0,0,22350.0,1,38.4111753,-122.7042844,4
2013,2013-03-22,1710,3,1,17,5,N,A,N,A,H,A,A,07,S,09,D,,,,,C,Y,N,D,1,0,0,0,21801.0,2,38.4523776,-122.7513216,4
2013,2013-03-22,1720,3,1,17,5,N,A,N,A,H,A,A,01,N,01,D,,,Y,,C,N,N,D,1,0,0,1,23152.0,2,38.2690631,-122.6711322,3
2013,2013-03-19,1858,3,1,18,2,N,C,N,B,H,B,A,01,S,03,E,,,,,I,Y,N,A,1,0,0,0,22350.0,1,,,3
2013,2013-03-12,1319,3,1,13,2,N,A,N,A,H,A,-,- ,,00,D,,,,,C,Y,N,A,3,0,0,0,,2,38.4268649,-122.7412433,4
2013,2013-03-12,1744,3,1,17,2,N,A,N,A,H,A,L,04,E,05,H,,Y,,,G,N,M,A,1,0,1,0,21650.0,2,38.449605,-122.7513024,3
2013,2013-03-08,1949,3,1,19,5,N,A,N,A,H,C,A,01,W,08,E,,,,,I,Y,N,D,1,0,0,0,22107.0,1,38.4567145,-122.7025245,4
2013,2013-03-12,1726,3,1,17,2,Y,A,N,A,H,A,A,01,,03,C,,,,,C,N,N,A,1,0,0,0,22350.0,3,38.455445,-122.7379332,4
2013,2013-03-12,1444,3,1,14,2,Y,A,N,A,H,A,A,01,,09,D,,,,,C,Y,N,D,1,0,0,0,21801.0,2,38.441605,-122.7289833,4
2013,2013-03-14,1523,3,1,15,4,Y,A,N,A,H,A,A,07,,09,D,,,,,C,Y,N,D,2,0,0,0,21801.0,2,38.4417649,-122.6852332,3
2013,2013-03-08,1533,3,1,15,5,Y,A,N,A,H,A,A,07,,09,D,,,,,C,Y,N,D,1,0,0,0,21801.0,2,38.41308,-122.74099,4
2013,2013-03-13,1747,3,1,17,3,N,A,N,A,H,A,A,01,E,10,G,Y,,,,B,N,N,D,1,1,0,0,21954.0,2,38.44314,-122.659797,4
2013,2013-03-15,1402,3,1,14,5,N,A,N,A,H,A,-,- ,N,03,C,,,,,C,N,N,D,1,0,0,0,22350.0,2,38.4453386,-122.7512733,4
2013,2013-03-10,307,3,1,3,7,Y,A,N,A,H,C,A,01,,01,A,,,,,C,N,N,A,1,0,0,0,23152.0,2,38.4427349,-122.7157033,4
2013,2013-03-04,1416,3,1,14,1,Y,A,N,A,H,A,A,01,,09,D,,,,,C,Y,N,A,3,0,0,0,21801.0,2,38.42594,-122.75336,4
2013,2013-03-03,2009,3,1,20,7,Y,A,N,A,H,C,A,01,,12,D,,,,,C,Y,N,A,3,0,0,0,21453.0,2,38.4427049,-122.7067533,3
2013,2013-03-03,720,3,1,7,7,N,B,Y,A,H,A,A,01,E,08,E,,,,,I,Y,N,D,1,0,0,0,22107.0,1,38.4617923,-122.6419684,2
2013,2013-03-14,2102,3,1,21,4,Y,A,N,A,H,C,A,07,,09,D,,,,,C,Y,N,D,2,0,0,0,21802.0,2,38.4133549,-122.7350632,4
2013,2013-03-17,918,3,1,9,7,Y,A,N,A,H,A,A,01,,12,D,,,,,C,Y,N,A,1,0,0,0,21453.0,2,38.4444849,-122.6877833,4
2013,2013-03-01,40,3,1,0,5,Y,A,N,A,H,C,A,01,,01,A,,,,,C,N,M,D,1,0,0,0,23152.0,2,,,4
2013,2013-03-04,1344,3,1,13,1,N,B,N,A,H,A,-,- ,W,18,E,,,,,I,Y,N,D,1,0,0,0,,1,38.45312,-122.708632,3
2013,2013-03-04,1341,3,1,13,1,N,B,N,A,H,A,A,01,N,09,D,,,Y,,C,N,N,D,1,0,0,1,21801.0,2,38.4423301,-122.6738195,4
2013,2013-03-03,1407,3,1,14,7,Y,A,N,A,H,A,A,07,,12,A,,,,,C,Y,N,A,1,0,0,0,21453.0,2,38.4458549,-122.7266232,4
2013,2013-03-02,1549,3,1,15,6,Y,B,N,A,H,A,A,07,,12,D,,,,,C,Y,N,A,2,0,0,0,21453.0,2,38.4398949,-122.7193533,2
2013,2013-03-02,1629,3,1,16,6,Y,A,Y,A,H,A,A,01,,- ,D,,,,,C,Y,N,A,3,0,0,0,,2,38.454485,-122.6809033,4
2013,2013-03-01,655,3,1,6,5,Y,A,N,A,H,A,-,- ,,12,D,,,,,C,Y,N,A,2,0,0,0,21453.0,2,38.4404449,-122.7140033,4
2013,2013-03-02,345,3,1,3,6,N,B,N,A,H,D,A,01,S,01,E,,,,,I,Y,N,D,1,0,0,0,23152.0,1,,,3
2013,2013-03-15,1825,3,1,18,5,N,A,N,A,H,A,A,01,W,08,E,,,,,I,Y,N,D,1,0,0,0,22107.0,1,38.3142798,-122.679599,4
2013,2013-03-15,1645,3,1,16,5,N,B,N,A,H,A,C,02,W,05,F,,,Y,,A,Y,N,D,1,0,0,1,21460.0,1,,,2
2013,2013-03-13,1710,3,1,17,3,N,A,Y,A,H,A,A,01,W,08,E,,,,,I,Y,N,D,1,0,0,0,22107.0,1,38.4872581,-122.9620446,2
2013,2013-03-11,1245,3,1,12,1,N,A,Y,A,H,A,A,01,N,07,F,,,,,C,N,N,D,1,0,0,0,21658.0,2,38.2250768,-122.6134958,3
2013,2013-02-27,1356,2,4,13,3,N,A,N,A,H,A,A,01,S,03,C,,,,,C,Y,N,A,2,0,0,0,22350.0,2,38.4297443,-122.7113372,4
2013,2013-02-22,13,2,4,0,5,N,B,N,A,H,C,A,01,S,01,A,,,,,C,Y,F,D,3,0,0,0,23152.0,2,38.4857513,-122.7071438,3
2013,2013-02-13,841,2,4,8,3,N,A,N,A,H,A,A,01,W,04,C,,,,,C,N,N,D,1,0,0,0,21703.0,2,38.445235,-122.751824,4
2013,2013-02-20,1427,2,4,14,3,N,A,N,A,H,A,L,04,N,05,D,,Y,,,G,N,N,D,1,0,1,0,21650.0,2,38.4618764,-122.7284092,4
2013,2013-02-17,31,2,4,0,7,N,A,N,A,H,C,-,- ,N,18,E,,,,,I,Y,N,D,1,0,0,0,,1,38.4464761,-122.7696333,4
2013,2013-02-16,1917,2,4,19,6,N,A,N,A,H,C,A,01,N,09,A,,,,,C,Y,N,D,1,0,0,0,21801.0,2,38.4670601,-122.7205471,4
2013,2013-02-16,2242,2,4,22,6,Y,A,N,A,H,C,A,01,,09,A,,,,,C,N,N,A,4,0,0,0,21453.0,2,38.415185,-122.7135532,4
2013,2013-02-26,854,2,4,8,2,N,A,N,A,H,A,A,01,W,03,C,,,,,C,N,N,D,1,0,0,0,22350.0,2,38.4373501,-122.6830179,4
2013,2013-02-26,953,2,4,9,2,Y,A,Y,A,H,A,A,01,,09,C,,,Y,,C,N,N,A,1,0,0,1,21453.0,2,38.455905,-122.7259433,4
2013,2013-02-26,1232,2,4,12,2,N,A,Y,A,H,A,A,01,E,03,C,,,,,C,N,N,A,2,0,0,0,22350.0,3,38.467295,-122.7281033,4
2013,2013-02-25,1202,2,4,12,1,Y,A,N,A,H,A,A,01,,09,D,,,,,C,N,N,D,1,0,0,0,21802.0,2,38.4071149,-122.7413832,4
2013,2013-02-22,1402,2,4,14,5,N,A,N,A,H,A,A,01,E,09,D,,,,,C,N,N,D,2,0,0,0,21801.0,2,38.467125,-122.753793,4
2013,2013-02-27,821,2,4,8,3,Y,A,N,A,H,A,A,01,,12,D,,,,,C,Y,N,A,1,0,0,0,21453.0,2,38.441095,-122.7145032,4
2013,2013-02-27,1527,2,4,15,3,N,A,N,A,H,A,-,- ,E,03,C,,,,Y,C,Y,N,D,2,0,0,0,22350.0,3,38.4751963,-122.6623203,4
2013,2013-02-27,1042,2,4,10,3,N,A,N,A,H,A,A,01,W,03,C,,,,,C,N,F,D,1,0,0,0,22350.0,2,38.4571845,-122.6713376,4
2013,2013-02-26,2009,2,4,20,2,N,A,N,A,H,B,A,01,N,08,D,,Y,,,G,N,F,D,1,0,1,0,22107.0,2,38.445991,-122.7304433,3
2013,2013-02-28,1407,2,4,14,4,N,A,N,A,H,A,A,08,S,09,D,,,Y,,C,Y,N,D,1,0,0,1,21801.0,2,38.4200815,-122.7135606,4
2013,2013-02-27,943,2,4,9,3,N,A,N,A,H,A,A,01,E,03,C,,,,,C,N,N,A,1,0,0,0,22350.0,2,38.4599747,-122.7326224,4
2013,2013-02-23,1328,2,4,13,6,N,A,N,A,H,A,A,01,E,07,C,,,,,C,N,N,A,2,0,0,0,21658.0,3,38.4599517,-122.7276732,4
2013,2013-02-07,2049,2,4,20,4,N,B,N,A,H,C,L,04,W,05,D,,Y,,,G,N,N,D,1,0,1,0,21650.0,2,38.4303964,-122.7261222,4
2013,2013-02-17,1958,2,4,19,7,Y,A,N,A,H,C,A,07,,09,G,Y,,,,B,N,M,A,1,1,0,0,21453.0,2,38.4599749,-122.7403233,4
2013,2013-02-13,2250,2,4,22,3,Y,A,N,A,H,C,A,01,,09,D,,,,,C,Y,N,D,2,0,0,0,21802.0,2,38.4531749,-122.7106632,4
2013,2013-02-28,1550,2,4,15,4,N,A,Y,A,H,A,-,- ,N,03,C,,,,,C,N,N,A,1,0,0,0,22350.0,2,38.429625,-122.7458133,4
2013,2013-02-27,1337,2,4,13,3,N,B,N,A,H,A,A,01,S,03,C,,,,,C,N,N,D,2,0,0,0,22350.0,2,38.4151163,-122.7135533,4
2013,2013-02-06,736,2,4,7,3,Y,A,N,A,H,A,A,07,,10,G,Y,,,,B,N,N,A,1,1,0,0,21950.0,2,38.4671349,-122.7627132,3
2013,2013-02-15,1653,2,4,16,5,Y,A,N,A,H,A,-,- ,,18,E,,,Y,,I,N,N,D,1,0,0,1,,1,38.4648449,-122.6997633,3
2013,2013-02-09,1125,2,4,11,6,Y,A,N,A,H,A,A,01,,12,D,,,,,C,Y,N,A,2,0,0,0,21453.0,2,38.4380249,-122.7703232,4
2013,2013-02-14,1708,2,4,17,4,N,A,N,A,H,B,N,60,W,11,G,Y,,,,B,N,N,D,1,1,0,0,21954.0,2,38.4150765,-122.7139672,3
2013,2013-02-11,823,2,4,8,1,N,A,N,A,-,A,A,01,W,03,C,,,,,C,N,N,D,2,0,0,0,22350.0,2,38.4525221,-122.7520116,4
2013,2013-02-10,1222,2,4,12,7,N,A,N,A,H,A,A,01,E,21,E,,,,,I,Y,N,D,1,0,0,0,22106.0,1,38.465435,-122.7261687,4
2013,2013-02-07,2043,2,4,20,4,N,B,N,A,H,C,A,01,S,09,D,,Y,,,G,N,M,A,1,0,1,0,21804.0,2,38.4205484,-122.713554,4
2013,2013-02-07,1749,2,4,17,4,Y,B,N,B,H,C,A,07,,09,A,,,,,C,Y,N,A,1,0,0,0,21801.0,2,38.4403649,-122.7028432,4
2013,2013-02-28,2205,2,4,22,4,N,A,N,A,H,C,A,01,S,08,E,,,,,I,Y,N,D,1,0,0,0,22107.0,1,38.4567526,-122.7521101,4
2013,2013-02-09,159,2,4,1,6,N,A,N,A,H,C,A,01,N,08,E,,,,,I,Y,M,A,1,0,0,0,22107.0,1,38.4341492,-122.7266423,4
2013,2013-03-07,2159,3,1,21,4,Y,A,N,A,H,C,A,01,,03,G,Y,,,,B,N,N,D,1,1,0,0,22350.0,3,38.3626949,-122.6934832,2
2013,2013-03-22,1617,3,1,16,5,N,A,N,A,H,A,L,04,W,05,D,,Y,,,G,N,N,D,1,0,1,0,21650.0,2,38.3494645,-122.6958522,4
2013,2013-04-04,1550,4,1,15,4,N,B,N,B,H,A,D,22,S,03,C,,,,,C,Y,N,D,1,0,0,0,22350.0,2,38.3941003,-122.7135559,4
2013,2013-04-03,800,4,1,8,3,N,A,Y,A,H,A,D,22,W,03,C,,,,,C,Y,N,D,2,0,0,0,22350.0,4,38.509545,-122.7732333,4
2013,2013-03-26,1531,3,1,15,2,N,A,N,A,H,A,D,22,W,12,D,,,,,C,Y,N,A,1,0,0,0,21453.0,2,38.3484226,-122.7104396,4
2013,2013-03-26,1133,3,1,11,2,N,B,Y,A,H,A,A,07,W,03,C,,,,,C,Y,N,D,1,0,0,0,22350.0,3,38.3074934,-122.4782477,4
2012,2012-12-22,27,12,4,0,6,N,C,N,B,H,C,A,01,E,08,C,,,,,E,Y,N,D,1,0,0,0,22107.0,2,38.474451,-122.7569521,4
2013,2013-04-09,1530,4,1,15,2,N,A,N,A,H,A,D,22,E,05,B,,,,,C,N,N,D,1,0,0,0,21460.0,2,38.3867452,-122.5656211,3
2013,2013-04-08,820,4,1,8,1,N,A,N,A,H,A,D,22,E,03,C,,,,,C,Y,N,D,1,0,0,0,22350.0,3,38.4963646,-122.7599168,4
2013,2013-04-08,1703,4,1,17,1,N,A,Y,A,H,A,C,02,N,03,B,,,Y,,C,Y,N,D,1,0,0,1,22350.0,4,38.236656,-122.6195263,4
2013,2013-04-08,1715,4,1,17,1,N,A,N,A,H,A,A,01,W,03,C,,,,,C,Y,N,D,1,0,0,0,22350.0,2,,,4
2013,2013-04-06,1810,4,1,18,6,N,A,Y,A,H,A,A,07,E,08,E,,,,,I,Y,N,D,2,0,0,0,22107.0,1,38.4752386,-123.0183703,3
2013,2013-04-08,1722,4,1,17,1,N,A,Y,A,H,A,N,60,W,11,G,Y,,,,B,N,N,D,1,1,0,0,21950.0,2,38.3495463,-122.7630672,3
2013,2013-04-05,2015,4,1,20,5,N,A,Y,A,H,D,N,60,E,11,G,Y,,,,B,N,N,D,1,1,0,0,21954.0,2,38.3774012,-122.7955386,3
2013,2013-03-29,1750,3,1,17,5,N,B,N,A,H,A,A,01,E,01,E,,,,,I,Y,N,D,1,0,0,0,23152.0,1,,,3
2013,2013-03-30,1830,3,1,18,6,N,B,Y,A,H,A,A,01,N,07,E,,,,,I,Y,N,D,1,0,0,0,21658.0,2,38.6042789,-122.8690849,4
2013,2013-03-30,2130,3,1,21,6,N,C,Y,B,H,C,A,01,E,03,C,,,,,C,N,N,D,1,0,0,0,22350.0,2,38.7899271,-123.0170792,4
2013,2013-03-29,815,3,1,8,5,N,B,Y,A,H,A,A,01,W,03,C,,,,,C,N,F,D,2,0,0,0,22350.0,4,38.4372923,-122.6874182,4
2013,2013-04-02,1443,4,1,14,2,N,A,N,A,H,A,C,02,W,08,F,,,Y,,A,Y,N,D,1,0,0,1,22107.0,1,38.7108393,-122.9246969,3
2013,2013-04-16,1135,4,1,11,2,N,A,Y,A,H,A,A,01,E,03,C,,,,,C,N,N,D,2,0,0,0,22350.0,2,38.323552,-122.487566,4
2013,2013-04-01,1815,4,1,18,1,N,B,N,A,H,A,L,04,N,09,D,,Y,,,G,N,N,D,1,0,1,0,21804.0,2,38.2378658,-122.6304657,3
2013,2013-03-26,926,3,1,9,2,N,A,Y,A,H,A,C,02,E,03,C,,,Y,,C,N,N,A,1,0,0,1,22350.0,2,38.245695,-122.6254732,3
2013,2013-04-15,1845,4,1,18,1,Y,A,N,A,H,A,A,07,,03,C,,,,,C,Y,N,D,2,0,0,0,22350.0,3,38.3100449,-122.6907432,4
2013,2013-04-15,1325,4,1,13,1,N,A,N,A,H,A,D,22,S,05,B,,,,,C,Y,N,D,1,0,0,0,21460.0,2,38.4615822,-122.8161382,4
2013,2013-04-15,1645,4,1,16,1,N,A,Y,A,H,A,D,22,S,03,C,,,,,C,Y,N,D,1,0,0,0,22350.0,2,38.5061609,-122.7694056,4
2013,2013-04-09,1340,4,1,13,2,N,A,N,A,H,A,D,22,W,03,C,,,,,C,Y,N,D,1,0,0,0,22350.0,2,,,4
2013,2013-04-11,700,4,1,7,4,N,A,Y,A,H,A,D,22,S,04,C,,,,,C,N,N,D,1,0,0,0,21703.0,2,38.2344879,-122.6186647,4
2013,2013-04-15,1450,4,1,14,1,N,A,N,A,H,A,A,01,W,08,E,,,,,I,Y,N,D,3,0,0,0,22107.0,1,38.510858,-122.848094,2
2013,2013-04-13,1305,4,1,13,6,N,A,N,A,H,A,A,01,S,03,C,,,,,C,N,N,D,2,0,0,0,22350.0,2,38.4792668,-122.8948634,4
2013,2013-04-12,1700,4,1,17,5,N,A,Y,A,H,A,A,01,S,03,B,,,,,C,N,N,D,1,0,0,0,22350.0,2,38.2619888,-122.6557579,4
2013,2013-04-16,1505,4,1,15,2,N,A,Y,A,H,A,C,02,N,08,F,,,Y,,A,N,N,D,1,0,0,1,22107.0,1,38.430825,-122.7115333,3
2013,2013-04-08,905,4,1,9,1,N,A,Y,A,H,A,A,01,E,08,E,,,,,I,Y,N,D,1,0,0,0,22107.0,1,38.4288261,-122.7601052,4
2013,2013-04-15,1650,4,1,16,1,N,A,N,A,H,A,D,22,E,03,C,,,,,C,Y,N,D,1,0,0,0,22350.0,3,38.4122393,-122.8894915,4
2013,2013-04-09,2028,4,1,20,2,N,A,N,A,H,D,N,60,E,11,G,Y,,,,B,N,N,D,1,1,0,0,21954.0,2,38.525705,-122.7737646,2
2013,2013-03-22,1250,3,1,12,5,Y,B,N,A,H,A,A,01,,08,D,,Y,,,G,N,N,A,1,0,1,0,22107.0,2,38.3343249,-122.6880533,3
2013,2013-04-03,1506,4,1,15,3,N,A,N,A,-,A,A,01,N,03,C,,,,,C,N,N,A,2,0,0,0,22350.0,2,38.3400403,-122.7094972,4
2013,2013-03-28,2120,3,1,21,4,N,A,N,A,H,D,D,22,N,08,G,Y,,,,B,N,F,D,1,1,0,0,22107.0,2,38.321762,-122.5028545,4
2013,2013-03-27,1110,3,1,11,3,N,B,Y,A,H,A,A,07,W,03,C,,,,,C,N,N,A,2,0,0,0,22350.0,3,38.2543034,-122.4785477,4
2013,2013-04-15,1056,4,1,10,1,N,A,N,A,H,A,A,01,E,09,D,,,,Y,C,Y,N,D,1,0,0,0,21801.0,2,,,3
2013,2013-04-15,741,4,1,7,1,N,A,N,A,H,A,D,22,S,06,D,Y,,,,B,N,N,A,2,2,0,0,21951.0,3,38.2428869,-122.644171,4
2013,2013-04-13,2250,4,1,22,6,N,A,N,A,H,C,D,22,E,09,D,,Y,,,G,N,N,D,1,0,1,0,21801.0,2,38.2365247,-122.6385325,3
2013,2013-04-12,1506,4,1,15,5,N,A,N,A,H,A,D,22,W,03,C,,,,,C,Y,N,D,2,0,0,0,22350.0,4,38.244895,-122.6460535,3
2013,2013-04-11,1912,4,1,19,4,Y,A,N,A,H,B,D,22,,09,D,,,,,C,N,N,A,2,0,0,0,21802.0,2,38.2359249,-122.6405332,4
2013,2013-04-15,200,4,1,2,1,N,A,Y,A,H,C,D,22,E,01,E,,,,,I,Y,N,D,2,0,0,0,23152.0,1,38.4214804,-122.7780713,2
2013,2013-04-19,1345,4,1,13,5,N,A,Y,A,H,A,F,26,S,08,E,,,,Y,J,Y,N,D,2,0,0,0,22107.0,1,38.7077657,-122.9114983,3
2013,2013-04-15,1610,4,1,16,1,N,A,Y,A,H,A,C,02,S,03,C,,,Y,,C,Y,N,D,1,0,0,1,22350.0,2,38.4685783,-122.7286681,3
2013,2013-04-23,1635,4,1,16,2,N,A,N,A,H,A,A,01,E,03,C,,,,,C,N,N,D,1,0,0,0,22350.0,2,38.511105,-122.7883136,4
2013,2013-04-12,630,4,1,6,5,N,A,N,A,H,A,D,22,S,21,B,,,,,C,N,N,D,1,0,0,0,22106.0,2,38.3316397,-122.7386793,4
2013,2013-04-15,1710,4,1,17,1,N,A,N,A,H,A,D,22,E,01,E,,,,,I,Y,N,D,1,0,0,0,23152.0,1,38.3845013,-122.5516465,3
2013,2013-04-22,1544,4,1,15,1,N,A,Y,A,H,A,A,01,E,03,C,,,,,C,Y,N,D,2,0,0,0,22350.0,2,38.3568639,-122.7683687,3
2013,2013-04-17,925,4,1,9,3,N,A,Y,A,H,A,C,02,S,03,D,,,Y,Y,C,Y,N,D,1,0,0,1,22350.0,2,38.496465,-122.7565133,3
2013,2013-04-03,1406,4,1,14,3,Y,A,N,A,H,A,A,07,,00,C,,,,,C,N,N,A,1,0,0,0,23103.0,2,38.5400749,-122.7935633,4
2013,2013-04-02,2154,4,1,21,2,Y,A,N,A,H,C,A,08,,12,A,,,,,C,Y,N,A,3,0,0,0,21453.0,2,38.5257449,-122.7857333,3
2013,2013-04-02,1521,4,1,15,2,N,A,N,A,H,A,A,01,N,03,C,,,,,C,Y,N,D,2,0,0,0,22350.0,2,38.2617063,-122.6370334,4
2013,2013-04-06,1820,4,1,18,6,Y,A,N,A,H,A,L,04,,05,B,,Y,,,G,N,N,D,1,0,1,0,21650.0,2,38.2476949,-122.6049633,3
2013,2013-04-10,1452,4,1,14,3,N,A,N,A,H,A,A,07,W,03,C,,,,,C,N,N,A,1,0,0,0,22350.0,2,38.2491411,-122.6258931,3
2013,2013-04-11,1701,4,1,17,4,N,A,N,A,H,A,A,01,W,08,E,,,,,I,Y,N,D,1,0,0,0,22107.0,1,38.2204755,-122.6475593,3
2013,2013-04-24,1119,4,1,11,3,Y,A,Y,A,H,A,A,01,,12,D,,,,,C,Y,N,A,1,0,0,0,21453.0,2,38.354205,-122.7130433,4
2012,2012-04-19,1313,4,1,13,4,N,A,N,A,H,A,A,01,E,03,C,,,,,C,Y,N,A,1,0,0,0,22350.0,3,38.34854497,-122.70596356,3
2013,2013-04-22,1948,4,1,19,1,Y,A,N,A,H,B,D,22,,01,D,,,,,C,Y,N,A,2,0,0,0,23153.0,2,38.2525849,-122.6227833,3
2013,2013-04-29,1856,4,1,18,1,N,A,N,A,H,A,-,- ,S,03,C,,,,,C,Y,N,A,3,0,0,0,22350.0,4,38.2754498,-122.6689816,4
2013,2013-04-19,1245,4,1,12,5,N,A,Y,A,H,A,D,22,S,08,E,,,,,J,Y,N,D,1,0,0,0,22107.0,1,38.7105661,-122.9160177,2
2013,2013-04-05,808,4,1,8,5,N,B,N,B,H,A,A,01,E,21,H,,Y,,,G,N,N,D,1,0,1,0,22106.0,2,38.615835,-122.8690467,3
2013,2013-04-09,1449,4,1,14,2,N,A,N,A,H,A,A,07,W,03,C,,,,,C,Y,N,A,2,0,0,0,22350.0,3,,,3
2013,2013-04-05,900,4,1,9,5,N,A,N,A,H,A,A,01,W,03,C,,,,,C,Y,N,D,2,0,0,0,22350.0,2,38.2388852,-122.6353312,4
2013,2013-04-03,1345,4,1,13,3,N,A,N,A,H,A,A,01,S,05,A,,,,,C,Y,N,D,2,0,0,0,21460.0,2,38.2700251,-122.4912756,4
2013,2013-04-04,745,4,1,7,4,N,B,Y,B,H,A,A,08,W,03,C,,,,,C,Y,N,D,1,0,0,0,22350.0,3,38.3114767,-122.4802448,4
2013,2013-04-16,1115,4,1,11,2,N,A,Y,A,H,A,A,01,W,03,C,,,,,C,Y,N,D,3,0,0,0,22350.0,3,38.244655,-122.4484932,4
2013,2013-04-02,1230,4,1,12,2,N,A,N,A,H,A,A,01,N,03,C,,,,,C,N,N,D,1,0,0,0,22350.0,2,38.5134553,-122.7989374,4
2013,2013-04-03,1530,4,1,15,3,N,A,Y,A,H,A,A,01,W,03,C,,,,,C,Y,N,D,1,0,0,0,22350.0,2,38.3577653,-122.7693442,4
2013,2013-04-04,1545,4,1,15,4,N,B,Y,B,H,A,A,01,E,03,C,,,,,C,Y,N,D,2,0,0,0,22350.0,2,38.4205622,-122.5524392,4
2013,2013-04-04,750,4,1,7,4,N,B,Y,A,H,A,A,01,E,09,D,,,,,C,N,N,D,1,0,0,0,21804.0,2,38.7085734,-122.901203,4
2013,2013-03-23,2330,3,1,23,6,N,A,Y,A,H,D,A,01,N,08,A,,,,,C,N,N,D,3,0,0,0,22107.0,2,38.2478623,-122.4116876,3
2013,2013-03-27,2329,3,1,23,3,N,A,N,A,H,D,A,01,S,01,E,,,,,J,Y,N,A,1,0,0,0,23152.0,1,38.6433206,-122.8717092,3
2013,2013-03-23,1629,3,1,16,6,N,A,N,A,H,A,L,04,S,01,H,,Y,,,A,N,N,D,1,0,1,0,21200.0,2,38.2665083,-122.6566809,3
2013,2013-03-31,2305,3,1,23,7,N,B,N,B,H,D,A,01,S,01,E,,,,,I,Y,N,D,1,0,0,0,23152.0,1,38.2900184,-122.4889793,3
2013,2013-03-25,1750,3,1,17,1,Y,A,N,A,H,A,A,01,,12,D,,,,,C,Y,N,A,1,0,0,0,22450.0,2,38.5949749,-122.8529134,4