ACCIDENT_YEAR,COLLISION_DATE,COLLISION_TIME,MONTH,SEASON,24HOURS,DAY_OF_WEEK,INTERSECTION,WEATHER_1,STATE_HWY_IND,ROAD_SURFACE,ROAD_COND_1,LIGHTING,STWD_VEHTYPE_AT_FAULT,CHP_VEHTYPE_AT_FAULT,DIRECTION,PCF_VIOL_CATEGORY,TYPE_OF_COLLISION,PEDESTRIAN_ACCIDENT,BICYCLE_ACCIDENT,MOTORCYCLE_ACCIDENT,TRUCK_ACCIDENT,MVIW,TOW_AWAY,HIT_AND_RUN,CONTROL_DEVICE,NUMBER_INJURED,COUNT_PED_INJURED,COUNT_BICYCLIST_INJURED,COUNT_MC_INJURED,PCF_VIOLATION,PARTY_COUNT,POINT_Y,POINT_X,COLLISION_SEVERITY
2013,2013-05-26,1522,5,1,15,7,N,A,N,A,H,A,D,22,W,03,C,,,,,C,N,N,A,1,0,0,0,22350.0,2,38.470365,-122.7229584,4
2013,2013-05-20,1452,5,1,14,1,N,A,Y,A,H,A,F,26,S,03,C,,,,Y,C,N,N,A,1,0,0,0,22350.0,2,38.4450447,-122.6878795,4
2013,2013-05-17,1407,5,1,14,5,Y,A,Y,A,H,A,A,01,,08,D,,,,,C,Y,N,A,2,0,0,0,22101.0,2,38.434405,-122.6953433,4
2013,2013-05-22,543,5,1,5,3,Y,A,N,A,H,B,-,- ,,12,D,,,,Y,C,Y,N,A,1,0,0,0,21453.0,2,38.42901,-122.76938,2
2013,2013-05-15,1815,5,1,18,3,N,A,N,A,H,A,D,22,W,03,C,,,,,C,Y,N,D,2,0,0,0,22350.0,4,38.4380995,-122.6756399,4
2013,2013-05-14,647,5,1,6,2,N,A,N,A,H,A,D,22,E,09,D,,,,,C,Y,N,D,2,0,0,0,21801.0,2,38.4410782,-122.6672836,3
2013,2013-05-06,950,5,1,9,1,Y,B,N,A,H,A,D,23,,12,D,,,,,C,Y,N,A,2,0,0,0,21453.0,2,38.416475,-122.7042932,3
2013,2013-05-17,1200,5,1,12,5,Y,A,N,A,H,A,D,22,,12,D,,,Y,,C,N,N,A,1,0,0,1,21453.0,2,38.45984,-122.72838,4
2013,2013-05-20,1423,5,1,14,1,N,A,N,A,H,A,D,22,W,21,G,Y,,,,B,N,N,D,1,1,0,0,22106.0,2,38.426229,-122.690476,2
2013,2013-05-17,1515,5,1,15,5,N,A,N,A,H,A,D,22,W,09,D,,,,,C,N,N,A,2,0,0,0,21804.0,2,38.452535,-122.7697232,4
2013,2013-05-22,1910,5,1,19,3,N,A,N,A,H,A,D,22,W,03,C,,,,,C,N,N,D,1,0,0,0,22350.0,2,38.4768654,-122.7471783,4
2013,2013-05-22,1150,5,1,11,3,Y,A,N,A,H,A,D,22,,08,D,,,,,C,Y,N,D,1,0,0,0,22100.0,2,38.4252649,-122.7624332,3
2013,2013-07-09,1159,7,2,11,2,N,A,N,A,H,A,L,04,N,09,D,,Y,,,G,N,N,D,1,0,0,0,21804.0,3,38.3502154,-122.7095993,4
2013,2013-07-12,1228,7,2,12,5,N,A,N,A,D,A,A,01,S,09,D,,,,,C,Y,N,A,3,0,0,0,21804.0,2,38.3555849,-122.7135633,4
2013,2013-07-20,1046,7,2,10,6,Y,A,N,A,H,A,A,01,,01,D,,,,,C,Y,N,A,1,0,0,0,23153.0,2,38.2525849,-122.6227833,4
2013,2013-07-18,1125,7,2,11,4,N,A,N,A,H,A,A,01,E,06,D,,,,,C,Y,N,D,2,0,0,0,21750.0,2,38.5057448,-122.9577958,3
2013,2013-07-19,1650,7,2,16,5,Y,A,Y,A,H,A,A,01,,09,D,,,,,C,Y,N,A,1,0,0,0,21802.0,2,38.4840981,-123.0129758,4
2013,2013-07-07,1925,7,2,19,7,N,A,Y,A,H,A,D,22,W,03,C,,,,,C,Y,N,D,1,0,0,0,22350.0,2,38.3961004,-122.5345263,3
2013,2013-07-10,2105,7,2,21,3,N,A,N,A,H,D,D,22,S,01,E,,,,,I,Y,N,D,2,0,0,0,23152.0,1,,,3
2013,2013-07-08,1750,7,2,17,1,N,A,N,A,H,A,A,07,W,03,C,,,,,C,N,M,D,1,0,0,0,22350.0,2,38.496555,-122.773853,4
2013,2013-07-14,250,7,2,2,7,N,A,N,A,H,D,D,22,W,08,E,,,,,I,Y,N,D,2,0,0,0,22107.0,1,38.3888749,-122.8884761,2
2013,2013-07-06,250,7,2,2,6,N,A,N,A,H,D,A,01,N,08,E,,,,,I,Y,N,D,1,0,0,0,22107.0,1,,,4
2013,2013-07-03,1540,7,2,15,3,N,A,Y,A,H,A,A,01,N,08,E,,,,,I,Y,N,D,1,0,0,0,22107.0,1,38.5015101,-122.7632338,3
2013,2013-07-17,1515,7,2,15,3,N,A,N,A,H,A,A,08,W,03,C,,,,,C,Y,N,D,1,0,0,0,22350.0,3,38.4961651,-122.7567319,4
2013,2013-07-01,2006,7,2,20,1,Y,A,N,A,H,B,C,02,,03,D,,,Y,,C,Y,N,D,2,0,0,1,22350.0,2,38.2415749,-122.5924632,2
2013,2013-07-08,30,7,2,0,1,N,A,Y,A,H,D,A,01,W,05,A,,,,,C,Y,N,D,5,0,0,0,21460.0,2,,,3
2013,2013-07-08,749,7,2,7,1,Y,A,N,A,H,A,A,01,,09,D,,,,,C,N,N,A,1,0,0,0,21802.0,2,38.259385,-122.6440332,3
2013,2013-07-17,1640,7,2,16,3,N,A,Y,A,H,A,A,01,E,03,C,,,,,C,N,N,D,2,0,0,0,22350.0,2,38.433515,-122.7220933,4
2013,2013-07-13,1803,7,2,18,6,Y,A,N,A,H,A,A,01,,09,E,,,,,I,Y,N,A,1,0,0,0,21802.0,2,38.244665,-122.6178033,3
2013,2013-07-17,1600,7,2,16,3,N,A,Y,A,H,A,A,07,S,03,C,,,,,C,N,N,D,1,0,0,0,22350.0,2,38.2164385,-122.6035129,4
2013,2013-07-04,2500,7,2,25,4,Y,A,N,A,H,C,A,01,,10,G,Y,,,,B,N,F,D,1,1,0,0,21950.0,2,38.2349449,-122.6355233,3
2013,2013-07-07,1906,7,2,19,7,N,A,Y,A,H,A,C,02,W,03,F,,,Y,,A,Y,N,D,1,0,0,1,22350.0,2,38.6455645,-122.7772722,3
2013,2013-07-07,1220,7,2,12,7,N,B,Y,A,H,A,A,01,N,09,B,,,Y,,C,Y,N,D,1,0,0,1,21801.0,2,38.5955418,-123.3461024,2
2013,2013-07-10,1902,7,2,19,3,N,A,N,A,H,A,A,01,E,08,E,,,,,I,Y,N,D,1,0,0,0,22107.0,1,38.4897315,-122.8031901,4
2013,2013-07-17,850,7,2,8,3,N,A,Y,A,H,A,A,01,E,03,C,,,,,C,Y,N,A,1,0,0,0,22350.0,3,38.4451979,-122.6048272,4
2013,2013-07-15,1630,7,2,16,1,N,A,Y,A,H,A,A,01,E,03,C,,,,,C,,N,D,2,0,0,0,22350.0,2,38.4532385,-122.6221618,4
2013,2013-07-12,1150,7,2,11,5,N,A,N,A,H,A,C,02,N,03,F,,,Y,,A,N,N,D,1,0,0,1,22350.0,1,,,3
2013,2013-07-11,1520,7,2,15,4,N,A,N,A,H,A,A,01,E,03,C,,,,,C,Y,N,D,2,0,0,0,22350.0,2,38.2971627,-122.6594684,4
2012,2012-07-11,2154,7,2,21,3,N,A,Y,A,H,C,A,01,E,10,G,Y,,,,B,N,F,D,1,1,0,0,21950.0,2,38.50196496,-123.00028591,3
2013,2013-07-13,1604,7,2,16,6,N,A,Y,A,A,A,L,04,S,03,F,,Y,,,A,N,N,D,1,0,1,0,22350.0,1,38.3833342,-122.9349167,3
2013,2013-06-07,856,6,2,8,5,N,A,N,A,H,A,A,01,W,03,C,,,,,C,Y,N,A,1,0,0,0,22350.0,2,38.3982028,-122.839505,3
2013,2013-06-15,1618,6,2,16,6,N,A,N,A,H,A,A,01,W,03,C,,,,,C,Y,N,A,1,0,0,0,22350.0,3,38.402022,-122.8243744,4
2013,2013-06-07,824,6,2,8,5,Y,A,Y,A,H,A,A,01,,08,D,,,,,C,Y,N,A,1,0,0,0,22107.0,2,38.401845,-122.8227733,4
2013,2013-05-28,125,5,1,1,2,Y,C,Y,B,H,C,A,01,,03,E,,,,,I,N,N,A,1,0,0,0,22350.0,1,38.405445,-122.8365033,3
2013,2013-05-12,1055,5,1,10,7,N,A,Y,A,H,A,A,08,E,03,C,,,,,C,Y,N,A,3,0,0,0,22350.0,3,38.4030226,-122.818388,4
2013,2013-05-16,1453,5,1,14,4,N,A,Y,A,H,A,A,01,E,08,D,,Y,,,G,N,N,A,1,0,1,0,22107.0,2,38.405249,-122.8287046,3
2013,2013-05-02,745,5,1,7,4,Y,A,N,A,H,A,-,- ,,18,G,Y,,,,B,N,N,A,1,1,0,0,,2,38.3988849,-122.8348633,2
2013,2013-07-20,1600,7,2,16,6,N,A,Y,A,H,A,D,22,S,05,A,,,,,C,Y,N,D,2,0,0,0,21460.0,3,38.4300408,-123.1084495,4
2013,2013-07-23,1600,7,2,16,2,N,A,Y,A,H,A,A,01,S,03,C,,,,,C,N,N,D,1,0,0,0,22350.0,3,38.2165604,-122.6035698,4
2013,2013-07-17,720,7,2,7,3,N,A,N,A,H,A,D,22,E,08,E,,,,,I,Y,N,D,1,0,0,0,22107.0,1,38.3871577,-122.7316679,3
2013,2013-07-30,1530,7,2,15,2,N,A,Y,A,H,A,D,22,W,03,C,,,,,C,Y,N,D,1,0,0,0,22350.0,2,38.3588788,-122.7710966,4
2013,2013-07-28,119,7,2,1,7,N,E,N,A,H,D,D,22,S,08,E,,,,,I,Y,N,D,1,0,0,0,22107.0,1,38.20898346,-122.64687717,4
2013,2013-07-29,1140,7,2,11,1,Y,B,N,A,H,A,D,22,,03,C,,,,,C,N,N,D,1,0,0,0,22350.0,2,38.626435,-122.8799832,4
2012,2012-03-27,1311,3,1,13,2,N,C,N,B,H,A,A,01,N,07,D,,,,,C,N,M,A,1,0,0,0,21658.0,2,,,4
2013,2013-06-02,722,6,2,7,7,N,A,N,A,H,B,A,01,W,08,E,,,,,I,Y,N,D,1,0,0,0,22107.0,1,38.4375105,-122.760383,3
2013,2013-06-04,1442,6,2,14,2,Y,B,N,A,H,A,A,01,,09,D,,,,,C,Y,N,A,2,0,0,0,21801.0,2,38.4434949,-122.6990733,3
2013,2013-06-24,1359,6,2,13,1,N,B,N,B,H,A,A,01,E,03,C,,,,,C,N,N,D,2,0,0,0,22350.0,2,38.4456958,-122.7197249,3
2013,2013-06-01,1542,6,2,15,6,Y,A,N,A,H,A,A,01,,08,A,,,,,I,Y,N,D,2,0,0,0,22107.0,1,38.4508349,-122.6963032,4
2013,2013-06-20,1010,6,2,10,4,Y,A,N,A,H,A,C,02,,03,E,,,Y,,I,N,N,D,1,0,0,1,22350.0,1,38.4121449,-122.7370033,2
2013,2013-06-13,1335,6,2,13,4,Y,A,N,A,H,A,A,01,,03,C,,,,,C,N,N,A,2,0,0,0,22350.0,2,38.42117,-122.71355,4
2013,2013-06-28,1550,6,2,15,5,N,A,N,A,H,A,A,01,S,09,F,,,Y,,A,N,N,D,1,0,0,1,21801.0,2,38.4208231,-122.7135533,3
2013,2013-06-14,1922,6,2,19,5,N,A,N,A,H,A,A,01,S,09,D,,,Y,,C,N,N,D,1,0,0,1,21804.0,2,38.4125429,-122.7167286,4
2013,2013-06-23,1154,6,2,11,7,Y,B,N,A,H,A,A,01,,12,D,,,,,C,Y,N,A,2,0,0,0,21453.0,2,38.4288749,-122.6770332,3
2013,2013-06-13,1945,6,2,19,4,Y,A,N,A,H,A,A,07,,08,A,,,,,A,N,M,A,1,0,0,0,22107.0,2,38.414215,-122.7293133,3
2013,2013-06-22,1356,6,2,13,6,Y,A,N,A,H,A,C,02,,09,D,,,Y,,C,N,N,A,1,0,0,1,21453.0,2,38.470375,-122.7229233,4
2013,2013-06-08,1200,6,2,12,6,N,A,N,A,H,A,A,01,S,03,C,,,,,C,Y,N,D,1,0,0,0,22350.0,3,38.4444419,-122.6876542,4
2013,2013-06-20,1329,6,2,13,4,Y,A,Y,A,H,A,A,07,,08,D,,,,,C,Y,N,A,1,0,0,0,22101.0,2,38.434405,-122.6953433,4
2013,2013-06-12,1622,6,2,16,3,N,A,N,A,H,A,A,01,S,04,C,,,,,C,N,N,D,1,0,0,0,21703.0,2,38.4296972,-122.7113732,4
2013,2013-06-20,1643,6,2,16,4,Y,A,N,A,H,A,A,07,,03,C,,,,,C,Y,N,D,3,0,0,0,22350.0,2,38.4299149,-122.7476432,4
2013,2013-06-11,1433,6,2,14,2,Y,A,N,A,H,A,A,01,,12,D,,,,,C,Y,N,A,1,0,0,0,21453.0,2,38.4457749,-122.7225732,3
2013,2013-06-17,1855,6,2,18,1,N,A,Y,A,H,A,C,02,E,03,F,,,Y,,A,N,N,D,1,0,0,1,22350.0,1,38.4497246,-122.6882145,3
2013,2013-06-04,2127,6,2,21,2,N,A,N,A,H,C,A,01,S,08,E,,,,,I,N,N,D,1,0,0,0,22107.0,1,38.444115,-122.661664,4
2013,2013-06-30,1220,6,2,12,7,Y,A,N,A,H,A,L,04,,12,D,,Y,,,G,N,N,A,1,0,1,0,22450.0,2,38.469525,-122.7627533,4
2013,2013-06-21,1523,6,2,15,5,N,A,N,A,H,A,A,01,W,03,C,,,,,C,N,N,A,1,0,0,0,22350.0,2,38.4548836,-122.6722202,4
2013,2013-06-13,1550,6,2,15,4,N,A,Y,A,H,A,A,01,N,08,E,,,,,I,Y,N,D,1,0,0,0,22107.0,1,38.4472306,-122.6881463,4
2013,2013-06-14,1448,6,2,14,5,N,A,N,A,H,A,A,01,W,03,C,,,,,C,Y,N,D,1,0,0,0,22350.0,2,38.4374296,-122.6827574,4
2013,2013-06-24,1141,6,2,11,1,N,B,N,B,H,A,A,07,S,- ,D,,,,,C,Y,N,D,1,0,0,0,,2,38.4304592,-122.7252969,4
2013,2013-06-20,1431,6,2,14,4,N,A,N,A,H,A,A,01,E,03,C,,,,,C,N,N,D,1,0,0,0,22350.0,2,38.4458331,-122.7293799,4
2013,2013-06-24,1217,6,2,12,1,N,C,N,B,H,A,A,01,W,09,D,,,,,C,Y,N,A,2,0,0,0,21804.0,2,38.4525406,-122.7710505,4
2013,2013-06-20,1854,6,2,18,4,N,A,N,A,H,A,A,01,E,03,C,,,,,C,N,N,D,1,0,0,0,22350.0,2,38.4599798,-122.7370241,4
2013,2013-06-24,756,6,2,7,1,Y,A,N,A,H,A,L,04,,05,D,,Y,,,G,N,N,A,1,0,1,0,21650.0,2,38.4417049,-122.7338732,4
2013,2013-06-22,1856,6,2,18,6,N,A,N,A,H,A,A,07,E,01,C,,,,,C,N,M,A,2,0,0,0,23152.0,2,38.4268826,-122.741141,4
2013,2013-06-26,2341,6,2,23,3,N,A,N,A,H,C,A,01,S,01,C,,,,,E,Y,N,D,1,0,0,0,23152.0,4,38.4318937,-122.7187724,4
2013,2013-06-07,1530,6,2,15,5,N,A,N,A,H,A,A,01,E,03,C,,,,,C,Y,N,D,1,0,0,0,22350.0,2,38.4307051,-122.7248915,4
2013,2013-06-27,1321,6,2,13,4,Y,A,N,A,H,A,D,22,,09,D,,,Y,,C,N,N,D,1,0,0,1,21801.0,2,38.4648349,-122.6809833,4
2013,2013-06-19,1856,6,2,18,3,N,A,N,A,H,A,A,08,E,03,C,,,,,C,N,N,D,1,0,0,0,22350.0,2,38.4375815,-122.6788589,4
2013,2013-06-19,1857,6,2,18,3,N,A,N,A,H,A,A,01,E,03,C,,,,,C,N,N,D,2,0,0,0,22350.0,4,38.437582,-122.6788938,4
2013,2013-06-18,46,6,2,0,2,N,A,N,A,H,C,A,01,E,01,E,,,,,I,Y,M,D,1,0,0,0,23152.0,1,38.431575,-122.7555887,3
2013,2013-06-22,2159,6,2,21,6,Y,A,N,A,H,C,A,01,,12,D,,,,,C,Y,N,A,1,0,0,0,21453.0,2,38.454965,-122.6722033,4
2013,2013-06-17,1431,6,2,14,1,N,A,N,A,H,A,A,01,W,08,E,,,,,I,Y,N,D,2,0,0,0,22107.0,1,38.401709,-122.710236,3
2013,2013-06-24,1755,6,2,17,1,N,B,N,B,H,A,A,07,N,03,D,,,Y,,C,N,N,A,1,0,0,1,22350.0,2,38.4307272,-122.7253704,3
2013,2013-06-13,1021,6,2,10,4,Y,A,N,A,H,A,-,- ,,00,D,,,,,C,Y,N,A,2,0,0,0,,2,38.443065,-122.6628433,4
2013,2013-06-24,951,6,2,9,1,N,A,N,A,H,A,A,07,E,09,D,,,,,C,Y,N,D,1,0,0,0,21804.0,2,38.4739606,-122.6753442,4
2013,2013-06-08,941,6,2,9,6,N,A,N,A,H,A,A,01,E,10,G,Y,,,,B,N,N,D,1,1,0,0,21954.0,2,38.4412406,-122.6038225,2
2013,2013-06-29,1104,6,2,11,6,Y,A,N,A,H,A,-,- ,,00,A,,,,,C,Y,N,A,1,0,0,0,,2,38.4708549,-122.7323832,4
2013,2013-07-03,2208,7,2,22,3,N,A,N,A,H,C,N,60,S,11,G,Y,,,,B,N,N,D,1,1,0,0,21956.0,2,38.551872,-122.8159582,3
2013,2013-04-21,1856,4,1,18,7,Y,A,N,A,H,B,A,01,,10,G,Y,,,,B,N,N,A,1,1,0,0,21950.0,2,38.4417049,-122.7338732,3
2013,2013-04-29,1826,4,1,18,1,Y,A,Y,A,H,A,L,04,,15,D,,Y,,,G,N,N,A,1,0,1,0,21201.0,2,38.4647954,-122.661063,3
2013,2013-04-30,1606,4,1,16,2,N,A,N,A,H,A,A,01,N,03,A,,,,,I,Y,N,D,1,0,0,0,22350.0,1,,,3
2013,2013-05-22,1103,5,1,11,3,N,A,N,A,H,A,A,01,N,09,D,,,,,C,Y,N,D,1,0,0,0,21804.0,2,38.4675993,-122.7285608,4
2013,2013-05-22,1942,5,1,19,3,N,A,N,A,H,A,A,01,S,09,D,,,,,C,Y,N,D,1,0,0,0,21804.0,2,,,4
2013,2013-05-23,1727,5,1,17,4,Y,A,Y,A,H,A,A,01,,03,D,,,Y,,C,N,N,A,1,0,0,1,22350.0,2,38.427435,-122.7691833,4
2013,2013-05-22,1521,5,1,15,3,N,A,N,A,H,A,A,01,S,09,D,,,,,C,Y,N,D,2,0,0,0,21801.0,4,38.4462299,-122.6861526,4
2013,2013-05-04,1505,5,1,15,6,N,A,N,A,H,A,A,01,N,03,C,,,,,C,Y,N,A,2,0,0,0,22350.0,2,38.460033,-122.728363,4
2013,2013-05-15,714,5,1,7,3,N,B,N,A,H,A,A,01,S,21,G,Y,,,,B,N,N,D,1,1,0,0,22106.0,2,38.4511392,-122.6707527,4
2013,2013-05-22,1527,5,1,15,3,N,A,N,-,H,A,L,04,E,05,D,,Y,,,D,N,N,D,1,0,1,0,21650.0,2,38.4821917,-122.6710055,4
2013,2013-05-31,1744,5,1,17,5,N,A,N,A,H,A,L,04,S,09,D,,Y,,,G,N,N,D,1,0,1,0,21804.0,2,38.4260213,-122.7169613,3
2013,2013-05-30,1806,5,1,18,4,N,A,N,A,H,A,C,03,N,08,F,,,Y,,A,Y,N,D,1,0,0,1,22107.0,1,38.4799772,-122.7255708,4
2013,2013-05-30,758,5,1,7,4,Y,A,N,A,H,A,A,01,,09,D,,,,,C,Y,N,A,2,0,0,0,21802.0,2,38.4584049,-122.7520633,3
2013,2013-05-30,1528,5,1,15,4,N,A,N,A,H,A,-,- ,W,18,C,,,,,E,Y,N,D,2,0,0,0,,2,38.4458881,-122.6827347,4
2013,2013-05-11,1815,5,1,18,6,N,A,N,A,H,A,C,02,W,- ,B,,,Y,,C,N,N,D,2,0,0,2,,2,38.442103,-122.7103793,3
2013,2013-05-23,923,5,1,9,4,N,A,N,A,H,A,A,01,E,03,C,,,,,C,Y,N,A,1,0,0,0,22350.0,3,,,4
2013,2013-05-24,1529,5,1,15,5,Y,A,N,A,H,A,A,07,,09,D,,,,,C,Y,N,A,3,0,0,0,21801.0,2,38.4427349,-122.7157033,3
2013,2013-05-23,1521,5,1,15,4,N,A,N,A,H,A,A,01,W,03,C,,,,,C,N,M,A,1,0,0,0,22350.0,2,38.4141871,-122.7309059,4
2013,2013-05-28,1535,5,1,15,2,N,A,N,A,H,A,L,04,W,05,D,,Y,,,G,N,N,D,1,0,1,0,21650.0,2,38.4466656,-122.7177808,4
2013,2013-05-28,1057,5,1,10,2,N,A,N,A,H,A,A,01,S,03,C,,,,,C,Y,N,A,2,0,0,0,22350.0,2,38.4580083,-122.6729122,4
2013,2013-05-22,858,5,1,8,3,Y,A,N,A,H,A,A,01,,09,D,,,,,C,Y,M,D,1,0,0,0,21802.0,2,38.4414549,-122.7412333,3
2013,2013-05-25,1255,5,1,12,6,N,A,N,A,H,A,A,01,W,03,C,,,,,C,N,N,D,1,0,0,0,22350.0,2,38.4720347,-122.733212,4
2013,2013-05-20,831,5,1,8,1,N,A,N,A,H,A,A,01,S,03,C,,,,,C,N,N,A,1,0,0,0,22350.0,2,38.4142738,-122.7175108,4
2013,2013-05-08,1831,5,1,18,3,N,A,N,A,H,A,C,02,N,03,E,,,Y,,I,Y,N,D,1,0,0,1,22350.0,1,38.429303,-122.769366,4
2013,2013-07-10,1422,7,2,14,3,Y,A,N,A,H,A,A,01,,03,C,,,,,C,Y,N,D,1,0,0,0,22350.0,2,38.4632349,-122.6758232,4
2013,2013-07-09,920,7,2,9,2,Y,A,Y,A,H,A,L,04,,05,H,,Y,,,G,N,N,A,1,0,1,0,21650.0,2,38.4355372,-122.7170063,4
2013,2013-07-09,1934,7,2,19,2,N,A,N,A,H,A,A,07,N,09,D,,,,,C,N,N,D,1,0,0,0,21804.0,2,38.4618245,-122.7175738,4
2013,2013-07-07,1034,7,2,10,7,N,A,Y,A,H,A,A,01,W,09,D,,,,,C,N,N,D,3,0,0,0,21804.0,2,38.4593934,-122.6375432,3
2013,2013-07-08,1033,7,2,10,1,N,A,Y,A,H,A,A,01,W,08,B,,,,,C,Y,N,A,1,0,0,0,22107.0,2,38.4355372,-122.7170063,4
2013,2013-07-01,1436,7,2,14,1,N,A,N,A,H,A,A,01,W,03,C,,,,,C,Y,N,D,2,0,0,0,22350.0,2,38.479715,-122.7388622,4
2013,2013-05-17,1147,5,1,11,5,Y,A,N,A,H,A,A,01,,12,D,,,,,C,Y,N,A,2,0,0,0,21453.0,2,38.445405,-122.7393833,4
2013,2013-05-09,1631,5,1,16,4,N,A,N,A,H,A,-,- ,W,10,G,Y,,,,B,N,M,A,1,1,0,0,21950.0,2,38.4403305,-122.7118589,4
2013,2013-05-15,2215,5,1,22,3,N,A,N,A,H,C,A,08,S,08,E,,,,,I,Y,M,D,1,0,0,0,22107.0,1,38.433835,-122.7423633,4
2013,2013-05-21,1025,5,1,10,2,Y,A,N,A,H,A,N,60,,11,G,Y,,,,B,Y,F,A,1,1,0,0,21456.0,2,38.490025,-122.6941233,3
2013,2013-05-20,1622,5,1,16,1,Y,A,N,A,H,A,A,01,,12,D,,,,,C,Y,N,A,1,0,0,0,21453.0,2,38.4575849,-122.7172833,4
2013,2013-05-17,827,5,1,8,5,N,A,N,A,H,A,A,01,W,03,C,,,,,C,N,N,A,3,0,0,0,22350.0,2,38.4525371,-122.7699328,4
2013,2013-05-13,826,5,1,8,1,N,A,N,A,H,A,A,01,E,08,A,,,,,E,N,N,D,1,0,0,0,22107.0,2,,,3
2013,2013-05-11,1700,5,1,17,6,N,A,N,A,H,A,A,01,N,01,E,,,,,I,Y,N,D,1,0,0,0,23152.0,1,38.4229317,-122.7407501,4
2013,2013-05-16,1734,5,1,17,4,Y,B,N,A,H,A,A,01,,03,C,,,,,C,N,N,A,2,0,0,0,22350.0,2,38.433835,-122.7423633,4
2013,2013-05-09,1233,5,1,12,4,Y,A,N,A,H,A,A,01,,09,A,,,,,C,Y,N,A,2,0,0,0,21801.0,2,38.4263249,-122.7483732,3
2013,2013-05-14,1355,5,1,13,2,Y,A,N,A,H,A,A,01,,09,D,,Y,,,G,N,N,A,1,0,1,0,21801.0,2,38.4263249,-122.7483732,4
2013,2013-05-15,1825,5,1,18,3,N,A,N,A,H,A,A,01,N,03,C,,,,,C,Y,N,D,1,0,0,0,22350.0,2,38.4479299,-122.7176611,4
2013,2013-05-14,1113,5,1,11,2,N,A,N,A,H,A,A,01,N,03,C,,,,,C,N,N,D,2,0,0,0,22350.0,2,38.4508905,-122.6977503,4
2013,2013-05-13,1345,5,1,13,1,N,A,N,A,H,A,A,01,W,03,C,,,,,C,N,N,A,1,0,0,0,22350.0,2,38.4332368,-122.6991381,4
2013,2013-05-09,1204,5,1,12,4,N,A,Y,A,H,A,A,01,W,03,C,,,,,C,Y,N,D,3,0,0,0,22350.0,3,38.4575456,-122.676569,4
2013,2013-05-07,1029,5,1,10,2,N,A,Y,A,H,A,A,07,W,21,C,,,Y,,C,N,N,A,1,0,0,1,22106.0,2,38.456015,-122.7261033,4
2013,2013-06-26,1725,6,2,17,3,Y,A,N,A,H,A,L,04,,03,C,,Y,,,E,N,N,D,1,0,1,0,22350.0,2,38.3495249,-122.5173532,3
2013,2013-07-20,1305,7,2,13,6,N,A,N,A,H,A,L,04,E,03,F,,Y,,,A,N,N,D,1,0,1,0,22350.0,1,38.7080616,-122.7626471,3
2013,2013-07-20,525,7,2,5,6,N,B,Y,A,H,B,A,01,W,05,A,,,,,C,Y,N,D,2,0,0,0,21460.0,2,38.6638934,-122.8231086,3
2013,2013-07-17,1732,7,2,17,3,N,A,Y,A,H,A,A,01,S,03,C,,,,,C,Y,N,D,1,0,0,0,22350.0,2,38.4096229,-122.9488125,3
2013,2013-07-14,1715,7,2,17,7,Y,A,N,A,H,A,A,07,,09,D,,Y,,,G,N,N,A,1,0,1,0,21453.0,2,38.3943749,-122.7135532,3
2013,2013-07-14,1030,7,2,10,7,N,A,N,A,H,A,L,04,S,08,E,,Y,,,I,N,N,D,1,0,1,0,22107.0,1,38.6115853,-122.7710927,2
2013,2013-07-05,615,7,2,6,5,N,A,Y,A,H,A,A,01,N,01,E,,,,,I,Y,N,D,1,0,0,0,23152.0,6,38.4241229,-122.7149345,3
2013,2013-07-01,1554,7,2,15,1,Y,A,N,A,H,A,A,01,,09,D,,,,,C,N,N,D,1,0,0,0,21802.0,2,38.4239449,-122.7174933,4
2013,2013-07-01,1415,7,2,14,1,N,A,N,A,H,A,A,01,N,09,D,,,,,C,Y,N,D,1,0,0,0,21804.0,2,38.4468596,-122.7306463,4
2013,2013-07-15,1520,7,2,15,1,N,A,Y,A,H,A,L,04,N,05,D,,Y,,,G,N,N,A,1,0,1,0,21650.0,2,38.464415,-122.7269033,3
2013,2013-07-08,2216,7,2,22,1,-,A,N,A,H,C,A,07,,09,D,,,Y,,C,Y,N,A,2,0,0,2,21801.0,2,38.6240349,-122.8726934,2
2013,2013-07-23,730,7,2,7,2,N,B,Y,A,H,A,D,22,W,21,C,,,,,C,N,N,A,3,0,0,0,22106.0,2,38.2363433,-122.4615906,4
2013,2013-07-26,1840,7,2,18,5,N,A,Y,A,H,A,F,55,N,03,C,,,,Y,C,N,N,A,1,0,0,0,22350.0,2,38.2450851,-122.4447377,4
2013,2013-07-20,1820,7,2,18,6,Y,A,Y,A,H,A,C,02,,03,E,,,Y,,I,Y,N,D,1,0,0,1,22350.0,1,38.6846031,-122.8426875,4
2013,2013-07-21,1805,7,2,18,7,N,A,Y,A,H,A,A,01,N,03,C,,,,,C,Y,N,D,2,0,0,0,22350.0,2,38.2458081,-122.6259791,4
2013,2013-07-18,1610,7,2,16,4,N,A,N,A,H,A,A,07,N,09,F,,Y,,,A,N,N,D,1,0,1,0,21801.0,2,38.6035358,-122.884976,2
2013,2013-07-20,1400,7,2,14,6,N,A,N,A,H,A,A,01,S,05,A,,Y,,,G,Y,N,D,1,0,1,0,21650.0,2,38.4766502,-123.0490465,2
2013,2013-07-05,1655,7,2,16,5,N,A,Y,A,H,A,A,01,E,03,C,,,,,C,N,N,D,1,0,0,0,22350.0,2,38.427865,-122.7686533,4
2013,2013-07-18,400,7,2,4,4,N,B,N,A,H,C,A,01,E,03,E,,,,,I,Y,F,D,4,0,0,0,22350.0,1,38.5474357,-122.846079,2
2013,2013-07-22,1550,7,2,15,1,N,A,N,A,H,A,A,01,E,03,E,,,,,I,Y,N,D,3,0,0,0,22350.0,1,38.3269784,-122.594115,3
2013,2013-07-24,750,7,2,7,3,N,A,N,A,H,A,A,01,E,08,E,,,,,I,Y,N,D,1,0,0,0,22107.0,1,38.4284217,-122.7345557,4
2013,2013-07-24,1530,7,2,15,3,N,A,Y,A,H,A,A,07,W,08,E,,,,,I,Y,N,D,1,0,0,0,22107.0,1,38.4945918,-122.9617833,3