ACCIDENT_YEAR,COLLISION_DATE,COLLISION_TIME,MONTH,SEASON,24HOURS,DAY_OF_WEEK,INTERSECTION,WEATHER_1,STATE_HWY_IND,ROAD_SURFACE,ROAD_COND_1,LIGHTING,STWD_VEHTYPE_AT_FAULT,CHP_VEHTYPE_AT_FAULT,DIRECTION,PCF_VIOL_CATEGORY,TYPE_OF_COLLISION,PEDESTRIAN_ACCIDENT,BICYCLE_ACCIDENT,MOTORCYCLE_ACCIDENT,TRUCK_ACCIDENT,MVIW,TOW_AWAY,HIT_AND_RUN,CONTROL_DEVICE,NUMBER_INJURED,COUNT_PED_INJURED,COUNT_BICYCLIST_INJURED,COUNT_MC_INJURED,PCF_VIOLATION,PARTY_COUNT,POINT_Y,POINT_X,COLLISION_SEVERITY
2014,2014-03-16,2120,3,1,21,7,N,A,N,A,H,D,A,01,N,01,F,,,,,A,Y,N,D,1,0,0,0,23152.0,1,38.45274953,-122.78358124,3
2014,2014-03-21,1700,3,1,17,5,Y,A,N,A,H,A,A,08,,09,D,,,,,C,N,N,A,1,0,0,0,21802.0,2,38.507685,-122.719903,4
2014,2014-03-16,1210,3,1,12,7,N,A,N,A,H,A,L,04,E,08,H,,Y,,,G,N,N,D,1,0,1,0,22107.0,2,38.28757635,-122.80125226,3
2014,2014-04-05,816,4,1,8,6,Y,A,N,A,H,A,A,07,,10,B,Y,,,,B,N,N,D,1,1,0,0,21950.0,2,38.54090994,-122.79557993,3
2014,2014-04-08,1515,4,1,15,2,N,A,Y,A,H,A,A,01,S,03,C,,,,,C,Y,N,D,1,0,0,0,22350.0,2,38.24644329,-122.42219646,4
2014,2014-04-13,1346,4,1,13,7,N,A,N,A,H,A,A,01,E,09,B,,,,,C,N,N,D,1,0,0,0,21804.0,2,38.32833117,-122.70794325,4
2014,2014-04-05,1715,4,1,17,6,N,A,Y,A,H,A,A,01,N,03,C,,,,,C,Y,N,D,2,0,0,0,22350.0,2,38.18963396,-122.60098937,3
2014,2014-04-06,1149,4,1,11,7,N,A,Y,A,H,A,A,01,N,09,D,,,Y,,C,Y,N,D,1,0,0,1,21801.0,2,38.37188343,-123.0755032,3
2014,2014-04-05,1329,4,1,13,6,N,A,Y,A,H,A,A,01,N,07,B,,,,,C,N,N,D,1,0,0,0,21658.0,2,38.30403971,-122.70867909,4
2014,2014-03-24,740,3,1,7,1,N,A,Y,A,H,A,A,01,N,03,C,,,,,C,Y,N,D,1,0,0,0,22350.0,3,38.43147427,-122.71564541,4
2014,2014-03-24,1550,3,1,15,1,N,A,N,A,H,A,A,01,W,05,A,,,,,C,Y,N,D,1,0,0,0,21460.0,2,38.51985771,-122.61125742,4
2014,2014-03-31,535,3,1,5,1,N,B,Y,A,H,D,D,22,S,03,C,,,,,C,N,N,D,1,0,0,0,22350.0,2,38.38493821,-122.71632009,4
2014,2014-04-02,820,4,1,8,3,N,B,N,A,H,A,A,01,N,03,C,,,,,C,Y,N,D,1,0,0,0,22350.0,2,38.37714515,-122.74145937,3
2014,2014-04-02,1445,4,1,14,3,N,A,N,A,H,A,D,23,N,08,F,,,,,A,Y,N,D,1,0,0,0,22107.0,1,38.38679693,-122.7701414,4
2014,2014-04-03,1825,4,1,18,4,N,A,Y,A,H,A,D,22,N,07,B,,,,,C,Y,N,D,2,0,0,0,21658.0,2,38.34944192,-122.71296303,4
2014,2014-03-26,1155,3,1,11,3,N,B,N,B,H,A,D,22,N,07,C,,,,,C,N,N,D,1,0,0,0,21658.0,2,38.50106776,-122.75141592,4
2014,2014-04-01,1635,4,1,16,2,N,C,Y,B,H,A,A,01,S,07,C,,,,,C,Y,N,D,1,0,0,0,21658.0,2,38.43347582,-122.7161787,3
2014,2014-03-31,725,3,1,7,1,N,B,Y,A,H,A,D,22,N,08,B,,,,,C,Y,N,D,1,0,0,0,22107.0,2,38.550839,-122.81226022,4
2014,2014-03-28,930,3,1,9,5,N,B,Y,B,H,A,A,01,W,05,B,,,,,C,Y,N,D,1,0,0,0,21460.0,2,38.62222763,-122.66309005,4
2014,2014-03-03,558,3,1,5,1,N,C,N,B,H,C,A,71,S,10,G,Y,,,,B,N,N,A,1,1,0,0,21950.0,2,38.34245215,-122.71213865,4
2014,2014-02-19,1409,2,4,14,3,N,A,N,A,H,A,A,08,E,03,C,,,,,C,N,N,A,2,0,0,0,22350.0,2,38.269389,-122.64019652,4
2014,2014-02-12,1807,2,4,18,3,N,A,N,A,H,C,A,01,N,03,C,,,,,C,Y,N,D,1,0,0,0,22350.0,3,,,3
2014,2014-03-25,2002,3,1,20,2,Y,B,N,A,H,C,A,01,,03,C,,,,,C,N,N,A,1,0,0,0,22350.0,2,38.35278991,-122.68570987,4
2014,2014-02-15,1454,2,4,14,6,N,B,N,A,H,A,A,01,E,08,E,,,,,I,Y,N,A,2,0,0,0,22107.0,1,38.261211,-122.647312,3
2014,2014-02-18,1609,2,4,16,2,N,B,N,A,H,A,A,01,E,21,C,,,,,C,N,N,A,1,0,0,0,22106.0,2,38.23540405,-122.62239753,4
2014,2014-02-13,1229,2,4,12,4,N,A,N,A,H,A,A,01,N,09,D,,,,,C,Y,N,D,2,0,0,0,21804.0,2,38.22692588,-122.64393901,3
2014,2014-02-23,734,2,4,7,7,N,A,Y,A,H,A,A,07,N,08,E,,,,,I,Y,N,D,1,0,0,0,22107.0,1,38.56631274,-122.8274511,4
2014,2014-03-03,1035,3,1,10,1,N,B,N,A,H,A,A,01,N,01,E,,,,,I,N,N,D,1,0,0,0,23152.0,1,38.25990579,-122.70094863,3
2014,2014-03-20,700,3,1,7,4,N,B,N,A,H,A,-,- ,W,18,E,,,Y,,H,Y,N,D,1,0,0,1,,1,38.28457419,-122.7507839,3
2014,2014-03-19,315,3,1,3,3,N,A,Y,A,H,C,A,01,N,01,C,,,,,C,Y,N,D,1,0,0,0,23152.0,2,38.39470979,-122.71601075,4
2014,2014-03-12,805,3,1,8,3,N,A,N,A,H,A,A,07,S,08,E,,,,,I,Y,N,D,1,0,0,0,22107.0,1,38.38278927,-122.74159931,4
2014,2014-03-18,1610,3,1,16,2,N,A,N,A,H,A,A,01,S,01,E,,,,,I,Y,N,D,1,0,0,0,23152.0,1,38.6152488,-122.84583765,3
2014,2014-03-12,1840,3,1,18,3,N,A,N,A,H,A,A,01,E,09,A,,,,,C,Y,N,D,1,0,0,0,21801.0,2,38.4963988,-122.76056158,4
2014,2014-03-16,1652,3,1,16,7,N,A,N,A,H,A,A,01,S,09,D,,,,,C,Y,N,D,5,0,0,0,21804.0,3,38.4517662,-122.75133,3
2014,2014-03-11,1347,3,1,13,2,N,A,N,A,H,A,A,01,S,01,B,,,,,C,N,N,D,1,0,0,0,23152.0,2,38.23342661,-122.63717172,4
2014,2014-03-15,921,3,1,9,6,N,A,Y,A,H,A,A,01,N,03,C,,,Y,,C,N,N,D,1,0,0,1,22350.0,2,38.46495609,-122.65307761,4
2014,2014-03-10,1144,3,1,11,1,N,A,N,A,H,A,A,01,S,03,C,,,,,C,N,N,A,1,0,0,0,22350.0,2,38.4609693,-122.71719186,4
2014,2014-03-11,1611,3,1,16,2,Y,A,N,A,H,A,A,01,,09,D,,,,,C,Y,N,A,3,0,0,0,21802.0,2,38.46375989,-122.76964988,3
2014,2014-03-05,1500,3,1,15,3,N,B,N,B,H,A,A,01,W,07,B,,Y,,,G,N,N,A,1,0,1,0,21658.0,2,38.41507261,-122.71421872,3
2014,2014-03-10,539,3,1,5,1,N,A,Y,A,H,C,A,01,E,08,E,,,,,I,Y,M,D,1,0,0,0,22107.0,1,38.43389208,-122.69684614,3
2014,2014-03-15,1921,3,1,19,6,Y,A,Y,A,H,C,A,01,,12,A,,,,,C,Y,N,A,1,0,0,0,21453.0,2,38.44649979,-122.68802945,3
2014,2014-03-05,2255,3,1,22,3,N,C,N,B,H,C,A,01,N,01,E,,,,,I,Y,N,D,1,0,0,0,23152.0,1,38.47764306,-122.70403306,3
2014,2014-03-03,1825,3,1,18,1,Y,C,N,B,H,C,A,01,,09,D,,,,,C,Y,M,A,1,0,0,0,21801.0,2,38.42292992,-122.70764986,3
2014,2014-03-13,1309,3,1,13,4,N,A,N,A,H,A,A,01,W,08,D,,,,,C,Y,N,D,1,0,0,0,22107.0,2,38.43323093,-122.69953316,4
2014,2014-03-10,1742,3,1,17,1,Y,A,Y,A,H,A,A,01,,09,D,,,,,C,Y,N,D,2,0,0,0,21801.0,2,38.46505698,-122.65784133,3
2014,2014-03-08,1112,3,1,11,6,N,A,N,A,H,A,N,60,S,11,G,Y,,,,B,N,N,D,1,1,0,0,21954.0,2,38.47019071,-122.72277091,4
2014,2014-03-09,1252,3,1,12,7,Y,A,N,A,H,A,A,01,,12,D,,,,,C,Y,N,A,4,0,0,0,21453.0,2,38.45264988,-122.75138999,4
2014,2014-03-10,1849,3,1,18,1,N,A,N,A,H,A,A,01,W,09,D,,,,,C,Y,N,A,1,0,0,0,21801.0,2,38.4267486,-122.74306737,4
2014,2014-03-06,2015,3,1,20,4,N,A,N,A,H,C,A,01,N,01,A,,,,,E,Y,N,A,1,0,0,0,23152.0,4,,,4
2014,2014-03-31,1345,3,1,13,1,Y,C,N,B,H,A,A,07,,21,D,,,,Y,C,N,N,D,1,0,0,0,22106.0,2,38.23970996,-122.62029993,4
2014,2014-04-01,817,4,1,8,2,N,C,N,B,H,A,-,,S,03,A,,,,,C,N,N,D,1,0,0,0,22350.0,2,38.34492841,-122.69984757,4
2014,2014-03-25,1247,3,1,12,2,N,C,N,B,H,A,-,,S,09,D,,,,,C,N,N,A,1,0,0,0,21804.0,2,38.34728648,-122.70955246,4
2014,2014-03-25,1812,3,1,18,2,N,B,N,A,H,A,A,07,N,01,B,,,,,E,Y,N,A,1,0,0,0,23152.0,2,38.29139277,-122.44983886,4
2014,2014-04-02,800,4,1,8,3,Y,A,N,A,H,A,-,,,09,A,,,,,C,Y,N,A,1,0,0,0,21802.0,2,38.34979995,-122.69562988,4
2014,2014-03-27,848,3,1,8,4,N,B,Y,B,H,A,A,01,N,03,C,,,,,C,Y,N,D,1,0,0,0,22350.0,2,38.39327539,-122.71602008,4
2014,2014-03-23,1730,3,1,17,7,N,A,N,A,H,A,A,07,E,01,B,,,,,C,Y,N,D,3,0,0,0,23152.0,2,38.39636044,-122.86042624,3
2014,2014-03-27,1610,3,1,16,4,Y,B,N,A,H,A,A,01,,12,D,,,,,C,Y,N,A,4,0,0,0,21453.0,2,38.49711989,-122.74807998,4
2014,2014-03-22,1255,3,1,12,6,N,A,N,A,H,A,C,02,S,03,F,,,Y,,A,N,N,D,1,0,0,1,22350.0,1,38.41631568,-122.95182435,3
2014,2014-03-24,1305,3,1,13,1,N,A,Y,A,H,A,A,01,N,08,D,,,,,I,Y,N,D,1,0,0,0,22107.0,1,38.46079725,-122.72640623,4
2014,2014-03-16,337,3,1,3,7,N,A,Y,A,H,D,-,- ,N,18,C,Y,,,,C,Y,N,D,3,3,0,0,,6,38.39497111,-122.71601021,2
2014,2014-04-01,1230,4,1,12,2,N,A,N,A,H,A,-,- ,N,00,B,Y,,,,B,N,N,D,1,1,0,0,,2,38.42892,-122.75223,4
2014,2014-04-04,437,4,1,4,5,N,C,N,B,H,C,-,,N,01,E,,,,,I,Y,N,D,1,0,0,0,23152.0,1,38.25671548,-122.63934621,2
2014,2014-04-05,920,4,1,9,6,N,A,Y,B,H,A,A,08,S,08,F,,,,,A,Y,N,D,2,0,0,0,22107.0,1,38.56752347,-123.31931061,4
2014,2014-03-31,1609,3,1,16,1,N,C,Y,B,H,A,A,07,E,03,E,,,,,I,Y,N,D,1,0,0,0,22350.0,1,38.43255976,-122.71853405,4
2014,2014-03-31,1245,3,1,12,1,N,C,Y,B,H,A,A,01,W,08,E,,,,,I,Y,N,D,1,0,0,0,22107.0,1,38.43226928,-122.73100834,4
2014,2014-03-27,640,3,1,6,4,Y,B,N,B,H,A,A,01,,12,D,,,,,C,Y,N,A,1,0,0,0,21453.0,2,38.49652992,-122.77008996,4
2014,2014-03-25,1230,3,1,12,2,N,B,Y,B,H,A,A,01,S,03,E,,,,,I,N,N,D,1,0,0,0,22350.0,1,38.84451022,-123.02697679,4
2014,2014-03-30,2100,3,1,21,7,N,A,N,A,H,D,A,07,W,08,F,,,,,A,Y,N,D,5,0,0,0,22107.0,1,38.33103522,-122.6572812,2
2014,2014-03-29,15,3,1,0,6,N,A,Y,B,H,D,A,07,E,01,E,,,,,I,Y,M,D,1,0,0,0,23152.0,1,38.4308491,-122.7403811,3
2014,2014-03-17,2045,3,1,20,1,N,A,N,A,H,E,L,04,W,03,C,,Y,,,-,N,N,D,1,0,1,0,22350.0,2,38.24397662,-122.63602009,3
2014,2014-03-13,841,3,1,8,4,Y,A,N,A,H,A,A,07,,03,C,,,,,C,Y,N,D,2,0,0,0,22350.0,2,38.56190999,-122.81430987,4
2014,2014-03-10,901,3,1,9,1,Y,A,N,A,H,A,-,- ,,00,D,,,,,C,Y,N,A,2,0,0,0,,2,38.56180994,-122.82227997,4
2014,2014-03-01,1424,3,1,14,6,Y,B,N,A,H,A,A,01,,12,D,,Y,,,G,,N,A,1,0,1,0,22450.0,2,38.29010995,-122.45814987,4
2014,2014-04-11,735,4,1,7,5,N,A,Y,A,H,A,A,01,W,03,C,,,,,C,Y,N,D,1,0,0,0,22350.0,4,38.15076544,-122.449504,4
2014,2014-04-02,1745,4,1,17,3,N,A,Y,A,H,A,A,01,W,03,C,,,,,C,Y,N,D,1,0,0,0,22350.0,4,38.15568598,-122.40705626,3
2014,2014-04-04,525,4,1,5,5,N,A,Y,B,H,D,D,22,E,03,C,,,,,C,N,N,D,1,0,0,0,22350.0,2,38.13420691,-122.47630399,4
2014,2014-04-12,1518,4,1,15,6,N,A,N,A,H,A,A,01,N,08,D,,,,,C,Y,N,A,1,0,0,0,22103.0,6,38.60472951,-122.86123679,4
2014,2014-04-12,1414,4,1,14,6,N,A,N,A,H,A,A,07,N,05,A,,,,,C,Y,N,D,2,0,0,0,21460.0,3,38.3398159,-122.66685784,3
2014,2014-04-12,235,4,1,2,6,N,A,Y,A,H,D,A,01,S,01,E,,,,,I,Y,N,D,1,0,0,0,23152.0,1,38.22700363,-122.61456932,4
2014,2014-03-29,1030,3,1,10,6,N,B,N,B,H,A,A,01,W,03,E,,,,,I,Y,N,D,1,0,0,0,22350.0,1,38.39585393,-122.86795195,4
2014,2014-03-28,1100,3,1,11,5,N,B,Y,B,H,A,A,01,S,08,E,,,,,I,Y,N,D,2,0,0,0,22107.0,1,38.33483479,-122.71289481,3
2014,2014-03-29,100,3,1,1,6,N,C,N,B,H,D,A,07,W,01,E,,,,,I,N,N,D,1,0,0,0,23152.0,1,38.41236671,-122.96762749,3
2014,2014-03-25,2500,3,1,25,2,Y,A,N,A,H,A,D,22,,12,G,Y,,,,B,N,F,A,1,1,0,0,21453.0,2,38.25075996,-122.62870989,4
2014,2014-04-01,20,4,1,0,2,N,B,N,B,H,D,A,01,E,08,E,,,,,I,Y,N,D,1,0,0,0,22107.0,1,38.437306,-122.855835,4
2014,2014-04-16,1715,4,1,17,3,N,A,Y,A,H,A,A,01,W,03,C,,,,,C,Y,N,D,1,0,0,0,22350.0,2,38.1547537,-122.42302107,4
2014,2014-04-13,1240,4,1,12,7,N,A,Y,A,H,A,D,22,E,03,C,,,,,C,N,N,A,1,0,0,0,22350.0,2,38.3117048,-122.48037895,4
2014,2014-03-25,2155,3,1,21,2,N,B,N,A,H,C,A,01,N,03,C,,,,,C,Y,N,A,2,0,0,0,22350.0,2,38.25586859,-122.62858605,4
2014,2014-03-25,1323,3,1,13,2,N,B,N,B,H,A,-,,W,03,C,,,,,C,N,M,A,1,0,0,0,22350.0,2,38.34852392,-122.7098715,4
2014,2014-03-29,615,3,1,6,6,N,C,N,B,H,C,A,01,S,08,E,,,,,I,Y,N,D,1,0,0,0,22107.0,1,38.33900373,-122.7122757,2
2014,2014-04-16,1830,4,1,18,3,N,A,Y,A,H,A,A,01,W,07,B,,,Y,,C,N,N,D,1,0,0,1,21658.0,2,38.1471263,-122.45475151,4
2014,2014-05-11,1625,5,1,16,7,N,A,Y,A,H,A,A,01,W,03,C,,,,,C,Y,N,D,3,0,0,0,22350.0,2,38.14795742,-122.45364523,4
2014,2014-04-06,1313,4,1,13,7,N,A,Y,A,H,A,D,22,W,03,C,,,,,C,Y,N,D,2,0,0,0,22350.0,4,38.41043253,-122.79713648,4
2014,2014-03-31,1630,3,1,16,1,N,A,N,A,H,A,D,22,,04,C,,,,,C,Y,N,D,1,0,0,0,21703.0,2,38.24291997,-122.6441899,4
2014,2014-04-16,1636,4,1,16,3,N,A,N,A,C,A,A,01,S,03,C,,,,,-,N,N,A,1,0,0,0,22350.0,3,38.25605156,-122.63818386,3
2014,2014-04-16,1108,4,1,11,3,N,A,Y,A,H,A,-,- ,E,18,E,,,,,I,Y,N,A,2,0,0,0,,1,38.23334959,-122.60912807,2
2014,2014-04-12,650,4,1,6,6,N,A,Y,A,H,B,A,01,S,03,E,,,,,I,Y,N,D,1,0,0,0,22350.0,1,38.41930231,-122.71595382,3
2014,2014-04-17,1655,4,1,16,4,N,A,Y,A,H,A,A,01,E,07,B,,,Y,,C,N,N,D,1,0,0,1,21658.0,2,38.12055534,-122.49855389,3
2014,2014-04-29,1930,4,1,19,2,N,A,N,A,H,A,A,01,S,03,C,,,,,C,Y,N,D,2,0,0,0,22350.0,3,38.48904117,-122.73791603,4
2014,2014-04-26,1600,4,1,16,6,N,A,N,A,H,A,A,07,N,04,C,,,,,C,Y,N,D,1,0,0,0,21703.0,2,38.38875752,-122.71852194,4
2014,2014-04-30,904,4,1,9,3,N,A,N,A,H,A,A,07,N,03,C,,,,,C,N,N,A,1,0,0,0,22350.0,2,38.26064363,-122.48372785,4
2014,2014-04-25,2255,4,1,22,5,N,B,N,B,H,D,A,07,W,08,E,,,,,I,Y,N,D,1,0,0,0,22107.0,1,,,4
2014,2014-04-27,850,4,1,8,7,N,B,Y,B,H,A,A,01,S,08,E,,,,,I,Y,N,D,1,0,0,0,22107.0,1,38.25264557,-122.40371202,4
2014,2014-04-30,1035,4,1,10,3,N,A,Y,A,H,A,C,02,S,04,F,,,Y,,A,N,N,D,1,0,0,1,21703.0,1,38.2459958,-122.43886176,3
2014,2014-04-11,2227,4,1,22,5,N,A,Y,A,H,D,N,60,E,11,G,Y,,,,B,N,N,D,1,1,0,0,21954.0,2,38.31686236,-122.48363784,2
2014,2014-03-20,1119,3,1,11,4,N,A,Y,A,H,A,D,72,E,10,D,,Y,,,G,N,N,A,1,0,1,0,21950.0,2,38.39943397,-122.82271635,3
2014,2014-02-25,1815,2,4,18,2,N,A,Y,A,H,C,A,01,S,05,B,,,,,C,N,N,A,1,0,0,0,21650.0,2,38.39192343,-122.81740614,4
2014,2014-03-08,1140,3,1,11,6,Y,A,N,A,H,A,B,01,,10,C,,,,,C,Y,N,D,1,0,0,0,21950.0,3,38.36578989,-122.69172995,4
2014,2014-04-09,1704,4,1,17,3,Y,A,N,A,H,A,A,01,,01,D,,,,,C,Y,N,D,2,0,0,0,23153.0,2,38.27216989,-122.66341986,4
2014,2014-03-18,935,3,1,9,2,Y,A,N,A,H,A,A,07,,12,B,,,,,C,Y,N,A,1,0,0,0,22450.0,2,38.55643992,-122.80740997,4
2014,2014-04-14,1111,4,1,11,1,N,A,Y,A,H,A,A,01,W,03,C,,,,,C,Y,N,D,1,0,0,0,22350.0,2,38.35079498,-122.49943012,4
2014,2014-04-15,1730,4,1,17,2,N,A,Y,A,H,A,A,01,N,03,C,,,,,C,Y,M,D,1,0,0,0,22350.0,3,38.4810092,-122.73508031,4
2014,2014-04-10,2015,4,1,20,4,N,E,Y,A,G,D,A,07,S,03,H,,,,,H,Y,N,D,1,0,0,0,22350.0,1,38.5055988,-123.22260333,4
2014,2014-04-09,1205,4,1,12,3,N,A,N,A,H,A,A,07,N,03,C,,,,,A,Y,N,D,1,0,0,0,22350.0,2,38.29015978,-122.66648164,4
2014,2014-04-08,850,4,1,8,2,N,A,N,A,H,A,A,01,E,03,C,,,,,C,N,N,D,1,0,0,0,22350.0,2,38.25100448,-122.69736447,4
2014,2014-04-07,1555,4,1,15,1,N,A,N,A,H,A,A,01,S,01,E,,,,,I,Y,N,D,1,0,0,0,23152.0,1,38.34970791,-122.77828012,3
2014,2014-04-14,737,4,1,7,1,N,B,Y,B,H,A,A,01,N,04,C,,,,,C,Y,N,D,1,0,0,0,21703.0,2,38.34986772,-122.71297793,4
2014,2014-04-20,1040,4,1,10,7,N,A,Y,A,H,A,A,01,E,03,C,,,,,C,Y,N,D,1,0,0,0,22350.0,2,38.13467039,-122.47558346,4
2014,2014-04-15,1650,4,1,16,2,N,A,Y,A,H,A,A,01,W,03,C,,,,,C,N,N,D,2,0,0,0,22350.0,3,38.3215924,-122.48695611,4
2014,2014-04-16,900,4,1,9,3,N,A,N,A,H,A,C,02,E,03,E,,,Y,,I,Y,N,D,1,0,0,1,22350.0,1,38.27231456,-122.43481973,4
2014,2014-04-13,1140,4,1,11,7,N,A,Y,A,H,A,A,01,S,04,C,,,,,C,Y,N,D,3,0,0,0,21703.0,3,38.24610098,-122.4374607,4
2014,2014-06-07,1420,6,2,14,6,N,A,N,A,H,A,A,01,S,09,D,,,,,C,Y,N,D,4,0,0,0,21802.0,2,38.4110898,-122.82741737,4
2014,2014-04-12,1830,4,1,18,6,N,B,N,A,H,A,D,22,S,03,C,,,,,C,N,N,A,1,0,0,0,22350.0,2,38.51571677,-122.76948101,4
2014,2014-04-17,1910,4,1,19,4,N,B,Y,A,H,B,D,22,N,03,C,,,,,C,Y,N,D,1,0,0,0,22350.0,2,38.46931829,-122.72873892,4
2014,2014-04-20,1410,4,1,14,7,N,A,Y,A,H,A,D,22,S,04,C,,,,,C,N,N,D,2,0,0,0,21703.0,2,38.24320516,-122.62319143,4
2014,2014-04-19,1027,4,1,10,6,N,A,Y,A,H,A,-,- ,S,18,E,,,,,I,Y,N,D,1,0,0,0,,1,38.26350183,-122.65838032,3
2014,2014-04-04,958,4,1,9,5,Y,B,Y,B,H,A,F,27,,08,E,,,,Y,I,Y,N,A,2,0,0,0,22107.0,3,38.49826894,-122.75938183,2
2014,2014-03-02,2247,3,1,22,7,N,A,N,A,H,C,A,01,W,01,B,,,,,E,Y,N,A,1,0,0,0,23152.0,3,38.37065,-122.68864906,4
2014,2014-04-18,1805,4,1,18,5,N,A,N,A,H,A,A,01,W,05,A,,,,,C,Y,N,D,2,0,0,0,21460.0,2,38.55985155,-122.62650255,3
2014,2014-04-14,2115,4,1,21,1,N,A,N,A,H,D,A,01,N,08,E,,,,,I,Y,N,D,2,0,0,0,22107.0,1,38.66220676,-122.87235984,3
2014,2014-04-14,915,4,1,9,1,N,A,Y,A,H,A,D,22,E,03,C,,,,,C,Y,N,D,1,0,0,0,22350.0,2,38.45404749,-122.62387631,4
2014,2014-04-30,1705,4,1,17,3,N,A,Y,A,H,A,A,01,W,03,C,,,,,C,Y,F,A,1,0,0,0,22350.0,2,38.14878973,-122.45253883,3
2014,2014-04-17,1612,4,1,16,4,N,A,N,A,H,A,L,04,W,01,D,,Y,,,G,N,N,A,1,0,1,0,21200.0,2,38.23545939,-122.64210457,3
2014,2014-04-19,1428,4,1,14,6,N,A,N,A,H,A,A,01,S,08,F,,,,,E,Y,N,D,1,0,0,0,22107.0,2,38.20968883,-122.62990454,4
2014,2014-04-30,706,4,1,7,3,N,A,Y,A,H,A,A,07,E,03,C,,,,,C,Y,N,A,1,0,0,0,22350.0,2,38.23429224,-122.59849002,4
2014,2014-04-05,1924,4,1,19,6,Y,A,N,A,H,B,A,01,,03,H,,Y,,,G,N,N,A,1,0,1,0,22350.0,2,38.36322997,-122.71208986,4
2014,2014-04-29,1216,4,1,12,2,N,A,N,A,H,A,-,,W,03,C,,,,,C,N,N,A,2,0,0,0,22350.0,2,38.34848451,-122.71244869,3
2014,2014-04-24,1430,4,1,14,4,Y,A,N,A,H,A,A,01,,09,D,,,,,C,Y,N,A,3,0,0,0,21801.0,2,38.24316995,-122.61514999,3
2014,2014-04-16,1520,4,1,15,3,N,A,Y,A,H,A,A,01,S,03,C,,,,,C,N,N,D,1,0,0,0,22350.0,2,38.45972619,-122.72634034,4
2014,2014-04-29,1105,4,1,11,2,N,A,Y,A,H,A,A,07,N,04,C,,,,,C,Y,N,A,2,0,0,0,21703.0,2,38.39821202,-122.82207298,3
2014,2014-04-07,1831,4,1,18,1,N,A,Y,A,H,A,A,01,S,03,C,,,,,C,Y,N,A,1,0,0,0,22350.0,2,38.40180911,-122.82273054,4
2014,2014-04-08,1453,4,1,14,2,N,A,Y,A,H,A,A,01,W,04,C,,,,,C,Y,N,A,2,0,0,0,21703.0,2,38.40282262,-122.81951256,4
2014,2014-04-11,924,4,1,9,5,Y,A,N,A,H,A,A,01,,09,D,,,,,C,Y,N,A,1,0,0,0,21804.0,2,38.40161999,-122.8256,3
2014,2014-04-12,1625,4,1,16,6,N,A,Y,A,H,A,A,01,S,01,E,,,,,I,Y,N,D,1,0,0,0,23152.0,1,38.84881948,-123.02874374,3
2014,2014-03-07,925,3,1,9,5,N,A,Y,A,H,A,A,07,W,03,C,,,,,C,N,N,A,1,0,0,0,22350.0,2,38.40242791,-122.82322591,4
2014,2014-03-14,1523,3,1,15,5,Y,A,N,A,H,A,A,01,,09,D,,,,,C,N,N,A,1,0,0,0,21802.0,3,38.40161999,-122.8256,4
2014,2014-05-01,1722,5,1,17,4,N,A,Y,A,H,A,D,22,W,03,C,,,,,C,Y,N,D,1,0,0,0,22350.0,3,38.52666648,-122.79099917,4
2014,2014-05-10,1015,5,1,10,6,N,A,Y,A,H,A,A,01,E,04,C,,,,,C,Y,N,D,2,0,0,0,21703.0,2,38.15392476,-122.43156226,4
2014,2014-05-05,1650,5,1,16,1,N,A,N,A,H,A,D,23,S,03,C,,,,,C,N,N,D,1,0,0,0,22350.0,2,38.40110585,-122.74144934,4
2014,2014-05-05,1630,5,1,16,1,N,A,Y,A,H,A,A,08,S,03,C,,,,,C,Y,N,D,2,0,0,0,22350.0,3,38.43534404,-122.71717165,4
2014,2014-05-08,1330,5,1,13,4,N,A,Y,A,H,A,A,01,E,03,C,,,,,C,Y,N,D,1,0,0,0,22350.0,2,38.3344965,-122.73761107,3
2014,2014-04-26,2250,4,1,22,6,N,A,Y,A,H,D,D,22,W,03,C,,,,,C,Y,N,D,2,0,0,0,22350.0,3,38.37101023,-122.78666424,2
2014,2014-05-15,807,5,1,8,4,Y,A,N,A,H,A,A,01,,09,B,,,,,C,N,N,A,1,0,0,0,21802.0,2,38.23608996,-122.60254997,4
2014,2014-04-29,1330,4,1,13,2,N,A,N,A,H,A,A,07,S,05,F,,,,,A,Y,N,D,2,0,0,0,21460.0,1,38.24657332,-122.72130052,3
2014,2014-04-26,1635,4,1,16,6,Y,A,Y,A,H,A,A,07,,09,A,,,,,C,Y,N,A,2,0,0,0,21802.0,2,38.45056836,-122.86785942,4
2014,2014-04-24,1614,4,1,16,4,N,B,Y,A,H,A,A,07,S,07,B,,,,,C,Y,N,D,6,0,0,0,21658.0,2,38.48841358,-122.74550081,4
2014,2014-04-22,1757,4,1,17,2,N,A,Y,A,H,A,A,01,N,03,C,,,,,C,Y,N,D,3,0,0,0,22350.0,3,38.39543567,-122.71600925,3
2014,2014-04-24,1158,4,1,11,4,Y,B,N,A,H,A,A,01,,09,A,,,,,C,Y,N,D,1,0,0,0,21801.0,2,38.51104988,-122.80031995,4
2014,2014-04-29,800,4,1,8,2,Y,A,N,A,H,A,A,01,,09,D,,,,,C,Y,N,A,1,0,0,0,21801.0,2,38.38710997,-122.71857999,4
2014,2014-03-06,1833,3,1,18,4,Y,A,N,A,H,C,A,07,,09,D,,,,,C,Y,N,A,2,0,0,0,21802.0,2,38.41225992,-122.73941996,4
2014,2014-03-22,1259,3,1,12,6,Y,A,N,A,H,A,A,01,,12,D,,,,,C,Y,N,A,2,0,0,0,21453.0,3,38.43410995,-122.72660998,4
2014,2014-03-27,553,3,1,5,4,Y,B,N,B,H,C,A,01,,12,D,,,,,C,Y,N,A,2,0,0,0,21453.0,2,38.44580996,-122.73044991,4