ACCIDENT_YEAR,COLLISION_DATE,COLLISION_TIME,MONTH,SEASON,24HOURS,DAY_OF_WEEK,INTERSECTION,WEATHER_1,STATE_HWY_IND,ROAD_SURFACE,ROAD_COND_1,LIGHTING,STWD_VEHTYPE_AT_FAULT,CHP_VEHTYPE_AT_FAULT,DIRECTION,PCF_VIOL_CATEGORY,TYPE_OF_COLLISION,PEDESTRIAN_ACCIDENT,BICYCLE_ACCIDENT,MOTORCYCLE_ACCIDENT,TRUCK_ACCIDENT,MVIW,TOW_AWAY,HIT_AND_RUN,CONTROL_DEVICE,NUMBER_INJURED,COUNT_PED_INJURED,COUNT_BICYCLIST_INJURED,COUNT_MC_INJURED,PCF_VIOLATION,PARTY_COUNT,POINT_Y,POINT_X,COLLISION_SEVERITY
2014,2014-03-20,846,3,1,8,4,N,A,N,A,H,A,A,07,E,03,C,,,,Y,C,Y,N,D,2,0,0,0,22350.0,2,38.46836527,-122.70969798,4
2014,2014-03-28,1233,3,1,12,5,Y,B,N,A,H,A,D,22,,03,C,,,,,C,N,M,A,2,0,0,0,22350.0,2,38.47471988,-122.7286699,4
2014,2014-04-04,1641,4,1,16,5,Y,C,N,B,H,A,A,01,,07,B,,,,,C,Y,N,D,1,0,0,0,21658.0,2,38.47662996,-122.7208099,4
2014,2014-04-08,1317,4,1,13,2,Y,A,N,A,H,A,A,07,,09,D,,,,,C,N,N,D,1,0,0,0,21800.0,2,38.43420992,-122.73815999,4
2014,2014-04-02,1810,4,1,18,3,N,A,N,A,H,A,D,22,N,- ,C,,,,,C,N,M,D,2,0,0,0,,2,38.43673311,-122.72020393,4
2014,2014-03-06,1654,3,1,16,4,N,A,N,A,H,A,D,22,N,10,G,Y,,,,B,N,M,D,1,1,0,0,21950.0,2,38.44054874,-122.71839776,4
2014,2014-03-18,1403,3,1,14,2,N,A,N,A,H,A,D,22,N,03,C,,,,,C,Y,N,A,1,0,0,0,22350.0,3,38.46010615,-122.74040812,4
2014,2014-04-13,1526,4,1,15,7,Y,A,N,A,H,A,D,22,,09,D,,,,,C,Y,N,A,1,0,0,0,21801.0,2,38.44160997,-122.72897998,3
2014,2014-04-20,1259,4,1,12,7,N,A,N,A,H,A,A,01,E,03,C,,,,,C,N,N,A,1,0,0,0,22350.0,3,38.41424,-122.72929,4
2014,2014-04-12,2117,4,1,21,6,Y,A,N,A,H,C,A,01,,01,D,,,,,C,Y,N,D,1,0,0,0,23152.0,2,38.43179998,-122.66831993,4
2014,2014-04-27,1139,4,1,11,7,Y,A,N,A,H,A,A,07,,12,D,,,,,C,N,N,A,2,0,0,0,21453.0,3,38.43410995,-122.72660998,4
2014,2014-04-09,911,4,1,9,3,N,A,N,A,H,A,A,01,N,12,D,,,,,C,Y,N,A,3,0,0,0,21453.0,2,38.47129835,-122.72121281,4
2014,2014-04-16,2102,4,1,21,3,Y,A,N,A,H,C,A,01,,- ,C,,,,,E,Y,N,A,1,0,0,0,,3,38.42268998,-122.70577991,4
2014,2014-04-17,1457,4,1,14,4,N,A,Y,A,H,A,D,22,W,03,C,,,,,C,N,N,A,1,0,0,0,22350.0,2,38.43251615,-122.72923887,4
2014,2014-04-28,1037,4,1,10,1,N,A,N,A,H,A,D,22,E,03,C,,,,,C,N,M,D,1,0,0,0,22350.0,2,38.45252953,-122.76956517,4
2014,2014-04-09,1113,4,1,11,3,Y,A,N,A,H,A,D,22,,12,D,,,,,C,Y,N,A,3,0,0,0,21453.0,3,38.4435199,-122.70727988,4
2014,2014-04-21,2047,4,1,20,1,N,B,N,A,H,C,D,22,S,03,C,,,,,C,N,M,D,1,0,0,0,22350.0,2,38.43037368,-122.72527316,4
2014,2014-04-28,942,4,1,9,1,N,A,N,A,H,A,D,22,W,01,C,,,,,C,Y,M,D,1,0,0,0,23152.0,3,38.45255,-122.74646959,3
2014,2014-04-28,1603,4,1,16,1,N,A,Y,A,H,A,A,01,W,03,C,,,,,C,Y,N,A,1,0,0,0,22350.0,2,38.45558963,-122.62717491,4
2014,2014-05-02,1710,5,1,17,5,Y,A,N,A,H,A,D,22,,01,D,,,,,C,N,M,A,1,0,0,0,23152.0,2,38.43848996,-122.70197997,4
2014,2014-04-25,1729,4,1,17,5,Y,C,N,B,H,A,A,01,,03,C,,,,,C,N,M,A,1,0,0,0,22350.0,3,38.44038992,-122.71177991,4
2014,2014-04-30,1520,4,1,15,3,N,A,N,A,H,A,A,01,E,01,C,,,,,E,Y,N,D,1,0,0,0,23152.0,2,38.44796128,-122.6751844,4
2014,2014-04-20,810,4,1,8,7,N,A,Y,A,H,A,G,26,S,08,E,,,,Y,J,Y,N,D,1,0,0,0,22107.0,2,38.40065985,-122.71598275,4
2014,2014-04-18,607,4,1,6,5,N,B,N,A,H,D,A,08,N,08,E,,,,,J,Y,N,D,1,0,0,0,22107.0,1,38.2454391,-122.68259618,4
2014,2014-04-18,850,4,1,8,5,N,A,Y,A,H,A,A,01,S,08,E,,,,,I,Y,N,D,1,0,0,0,22107.0,1,38.40443335,-122.71596114,3
2014,2014-04-17,2220,4,1,22,4,N,A,Y,A,D,C,A,01,N,08,D,,,,,C,Y,N,A,2,0,0,0,22107.0,2,38.27196373,-122.6700013,4
2014,2014-04-15,1320,4,1,13,2,Y,A,Y,A,H,A,A,01,,03,C,,,,,C,Y,N,D,1,0,0,0,22350.0,2,38.41644162,-122.54830395,3
2014,2014-04-24,1357,4,1,13,4,Y,A,N,A,H,A,A,01,,09,A,,,,,C,Y,N,A,3,0,0,0,21801.0,2,38.261363,-122.647403,4
2014,2014-05-28,1950,5,1,19,3,N,A,Y,A,H,B,D,22,E,03,B,,,,,C,Y,N,D,2,0,0,0,22350.0,2,38.49649879,-122.75651731,3
2014,2014-05-02,1530,5,1,15,5,N,A,N,A,H,A,A,01,W,05,B,,,,,C,Y,N,D,1,0,0,0,21460.0,2,38.27747223,-122.47364151,3
2014,2014-05-21,815,5,1,8,3,N,A,N,A,H,A,D,22,W,03,C,,,,,C,N,N,A,1,0,0,0,22350.0,4,38.23450021,-122.65505637,4
2014,2014-05-21,2232,5,1,22,3,N,A,N,A,H,C,A,01,W,03,C,,,,,C,N,N,A,1,0,0,0,22350.0,2,38.23801686,-122.63605314,4
2014,2014-05-22,931,5,1,9,4,Y,A,Y,A,H,A,D,22,,12,D,,,,,C,N,N,A,1,0,0,0,21453.0,2,38.23374998,-122.60393645,4
2014,2014-05-15,629,5,1,6,4,N,A,N,A,H,A,L,04,W,05,B,,Y,,,G,N,N,D,1,0,1,0,21650.0,2,38.23508049,-122.62247738,4
2014,2014-04-19,1250,4,1,12,6,N,A,N,A,H,A,C,02,S,08,F,,,Y,,A,Y,N,D,1,0,0,1,22107.0,1,,,4
2014,2014-04-21,2030,4,1,20,1,N,A,Y,A,H,C,A,01,S,07,B,,,,,C,Y,N,D,1,0,0,0,21658.0,2,38.4430468,-122.72188286,3
2014,2014-04-17,1650,4,1,16,4,N,A,Y,A,H,A,A,01,E,03,C,,,,,C,Y,N,D,1,0,0,0,22350.0,3,38.45361952,-122.62296178,4
2014,2014-04-17,1600,4,1,16,4,N,A,N,A,H,A,C,02,W,03,F,,,Y,,A,N,N,D,1,0,0,1,22350.0,1,38.67895825,-123.12041332,3
2014,2014-04-20,1305,4,1,13,7,N,A,Y,A,D,A,A,01,S,04,C,,,,,C,Y,N,D,1,0,0,0,21703.0,2,38.271756,-122.66973726,4
2014,2014-05-02,1512,5,1,15,5,N,A,N,A,H,A,C,02,E,03,C,,,Y,,C,N,N,A,1,0,0,1,22350.0,2,38.34837702,-122.70165426,3
2014,2014-05-12,1600,5,1,16,1,N,A,N,A,H,A,L,04,E,09,H,,Y,,,G,N,N,A,1,0,1,0,21802.0,2,38.29691197,-122.49431623,3
2014,2014-04-20,2145,4,1,21,7,N,A,Y,A,H,D,A,01,S,08,E,,,,,I,Y,N,D,3,0,0,0,22107.0,1,38.62002082,-122.87848756,3
2014,2014-04-26,2115,4,1,21,6,Y,B,Y,A,H,D,A,01,,01,E,,,,,I,Y,N,D,2,0,0,0,23152.0,1,38.33714605,-122.97742245,4
2014,2014-04-23,620,4,1,6,3,N,A,Y,A,H,A,A,01,N,07,B,,,Y,,C,N,N,D,1,0,0,1,21658.0,2,38.25491176,-122.64350166,3
2014,2014-04-24,825,4,1,8,4,N,B,Y,A,H,A,A,01,N,08,E,,,,,I,Y,N,D,1,0,0,0,22107.0,1,38.63647636,-122.87752893,4
2014,2014-04-18,816,4,1,8,5,Y,A,N,A,H,A,A,01,,09,D,,,,,C,Y,F,D,2,0,0,0,21802.0,2,38.42645989,-122.73513999,4
2014,2014-05-12,10,5,1,0,1,N,A,N,A,H,D,A,07,N,01,E,,,,,I,Y,N,D,1,0,0,0,23152.0,1,38.55472247,-122.84724066,3
2014,2014-05-16,230,5,1,2,5,N,A,N,A,H,D,D,22,E,01,E,,,,,I,Y,N,D,1,0,0,0,23152.0,1,38.48424517,-122.81861908,3
2014,2014-05-27,133,5,1,1,2,N,A,Y,A,H,C,D,22,W,01,E,,,,,I,Y,N,D,1,0,0,0,23152.0,1,38.36965278,-122.78476794,2
2014,2014-05-02,1247,5,1,12,5,Y,A,N,A,H,A,A,01,,09,D,,,,,C,Y,N,A,2,0,0,0,21801.0,2,38.22581992,-122.6409999,3
2014,2014-05-12,714,5,1,7,1,Y,A,N,A,H,A,A,01,,03,C,,,,,C,Y,N,D,2,0,0,0,22350.0,3,38.32748995,-122.70215987,4
2014,2014-05-11,1002,5,1,10,7,Y,A,Y,A,H,A,A,01,,03,C,,,,,C,Y,N,D,1,0,0,0,22350.0,2,38.33212997,-122.71952633,4
2014,2014-06-04,1314,6,2,13,3,N,A,N,A,H,A,A,08,N,03,C,,,,,C,Y,N,A,1,0,0,0,22350.0,2,38.2613,-122.64746,3
2014,2014-04-23,0,4,1,0,3,N,A,N,A,H,A,A,07,W,03,E,,,,,J,N,N,D,1,0,0,0,22350.0,1,,,4
2014,2014-04-27,2010,4,1,20,7,Y,A,Y,A,H,C,A,08,,12,A,,,,,C,Y,N,A,2,0,0,0,21453.0,2,38.15097344,-122.44940196,2
2014,2014-05-04,1135,5,1,11,7,N,A,Y,A,H,A,C,02,N,08,F,,,Y,,A,Y,N,D,2,0,0,2,22107.0,1,38.48406847,-123.17627233,3
2014,2014-05-07,2308,5,1,23,3,N,A,Y,A,H,D,A,01,S,01,E,,,,,I,Y,N,D,2,0,0,0,23152.0,1,38.53984038,-122.80280943,3
2014,2014-05-15,635,5,1,6,4,N,A,Y,A,H,A,C,02,N,04,C,,,Y,,C,Y,N,D,1,0,0,1,21703.0,2,38.27498563,-122.67391536,4
2014,2014-05-16,730,5,1,7,5,Y,A,N,A,H,A,A,01,,09,D,,,,,C,Y,N,A,1,0,0,0,21802.0,2,38.23475995,-122.66430997,4
2014,2014-05-01,1920,5,1,19,4,N,A,N,A,H,A,L,04,W,03,H,,Y,,,A,N,N,D,1,0,1,0,22350.0,1,38.34278092,-122.60758048,3
2014,2014-05-05,1605,5,1,16,1,N,A,N,A,H,A,A,01,S,03,C,,,,,C,Y,N,D,1,0,0,0,22350.0,2,38.40110585,-122.74144934,4
2014,2014-05-06,1940,5,1,19,2,N,A,N,A,H,B,A,08,E,03,E,,,,,I,Y,N,D,1,0,0,0,22350.0,1,38.38016158,-122.89644607,3
2014,2014-05-08,1317,5,1,13,4,N,B,N,B,H,A,A,08,W,08,E,,,,,I,Y,N,D,1,0,0,0,22107.0,1,38.39676862,-122.85590385,4
2014,2014-05-03,1305,5,1,13,6,N,A,Y,A,H,A,A,01,E,03,C,,,,,C,Y,N,D,2,0,0,0,22350.0,2,38.6317756,-122.67285862,4
2014,2014-05-04,615,5,1,6,7,N,A,N,A,H,B,A,01,N,08,E,,,,,I,N,N,D,2,0,0,0,22107.0,1,38.68876723,-122.65432503,4
2014,2014-05-03,800,5,1,8,6,N,A,N,A,H,A,L,04,S,03,H,,Y,,,A,N,N,A,1,0,1,0,22350.0,1,38.43569463,-122.88190886,3
2014,2014-05-15,1302,5,1,13,4,N,A,N,A,H,A,G,25,N,08,B,,,,Y,C,Y,N,A,1,0,0,0,22107.0,2,38.62629219,-122.87268924,4
2014,2014-05-15,2240,5,1,22,4,N,A,Y,A,D,C,D,22,W,01,C,,,,,C,Y,N,A,1,0,0,0,23152.0,2,38.34516056,-122.49869513,4
2014,2014-04-26,1320,4,1,13,6,N,A,N,A,H,A,E,22,W,08,A,,,,,C,Y,N,D,2,0,0,0,22107.0,2,38.39761156,-122.62808512,2
2014,2014-05-12,740,5,1,7,1,N,A,Y,A,H,A,E,22,W,04,C,,,,,C,Y,N,D,1,0,0,0,21703.0,3,38.43279827,-122.7272166,4
2014,2014-04-23,722,4,1,7,3,N,A,Y,A,H,A,D,22,W,08,B,,,,,C,N,N,D,1,0,0,0,22107.0,2,38.44745073,-122.60969041,4
2014,2014-05-05,1850,5,1,18,1,N,A,N,A,H,A,D,22,S,01,D,,,,,C,N,N,D,1,0,0,0,23152.0,2,,,4
2014,2014-05-08,1600,5,1,16,4,Y,C,N,B,H,A,D,22,,09,D,,,,,C,Y,N,A,2,0,0,0,21802.0,3,38.36949989,-122.74138987,3
2014,2014-05-10,1750,5,1,17,6,N,A,N,A,H,A,C,02,S,05,A,,,Y,,C,Y,N,D,1,0,0,1,21460.0,2,38.53443616,-122.64868227,2
2014,2014-05-07,850,5,1,8,3,N,A,Y,A,H,A,D,22,S,03,C,,,,,C,Y,N,D,2,0,0,0,22350.0,3,38.51092441,-122.775363,4
2014,2014-05-15,110,5,1,1,4,N,A,N,A,H,C,D,22,W,01,E,,,,,I,Y,N,A,1,0,0,0,23152.0,1,38.230729,-122.65879367,3
2014,2014-05-20,1132,5,1,11,2,N,A,N,A,H,A,C,02,E,08,D,,,Y,Y,E,N,N,D,1,0,0,1,22107.0,2,38.53005,-122.79714073,3
2014,2014-06-10,1219,6,2,12,2,Y,A,N,A,H,A,A,01,,09,D,,,,,C,Y,N,A,1,0,0,0,21802.0,2,38.54418999,-122.80204,4
2014,2014-05-21,1514,5,1,15,3,Y,A,N,A,H,A,A,01,,09,F,,,Y,,A,Y,N,D,1,0,0,1,21801.0,2,38.785174,-123.013498,3
2014,2014-05-02,1350,5,1,13,5,N,A,N,A,H,A,A,07,W,08,F,,,,,A,Y,N,D,1,0,0,0,22107.0,1,38.27160331,-122.42549068,3
2014,2014-05-02,1440,5,1,14,5,Y,A,Y,A,H,A,A,01,,09,A,,,,,C,Y,N,A,2,0,0,0,21802.0,2,38.34390698,-122.49780829,3
2014,2014-05-21,1122,5,1,11,3,N,A,N,A,H,A,A,01,,09,D,,,,,C,N,N,A,3,0,0,0,21802.0,2,38.23764993,-122.6507299,4
2014,2014-05-28,1415,5,1,14,3,N,A,Y,A,H,A,A,01,N,03,C,,,,,C,Y,N,D,1,0,0,0,22350.0,2,38.41599497,-122.71613733,4
2014,2014-05-21,625,5,1,6,3,N,A,Y,A,H,A,F,26,S,04,C,,,,Y,C,Y,N,D,1,0,0,0,21703.0,3,38.23757244,-122.62022498,4
2014,2014-05-18,1335,5,1,13,7,N,A,Y,A,H,A,A,01,S,03,C,,,,,C,N,M,D,1,0,0,0,22350.0,3,38.2707502,-122.66842689,4
2014,2014-05-20,1545,5,1,15,2,N,A,N,A,H,A,D,22,E,03,C,,,,,C,N,N,D,1,0,0,0,22350.0,2,38.23601,-122.64022,4
2014,2014-04-09,1305,4,1,13,3,N,A,N,A,H,-,L,04,S,03,D,,Y,,,G,N,N,D,1,0,1,0,22350.0,2,38.24517137,-122.65430985,4
2014,2014-06-01,1237,6,2,12,7,N,A,N,A,H,A,L,04,S,- ,D,,Y,,,G,N,N,A,1,0,1,0,,2,38.24916874,-122.62579936,4
2014,2014-05-17,1550,5,1,15,6,N,A,Y,A,H,A,A,01,S,08,E,,,,,I,Y,N,D,1,0,0,0,22107.0,1,38.74983397,-122.96560696,3
2014,2014-05-14,805,5,1,8,3,N,A,Y,A,H,A,D,22,W,04,C,,,,,C,Y,N,D,3,0,0,0,21703.0,3,38.43287383,-122.72667492,3
2014,2014-05-25,625,5,1,6,7,N,A,Y,A,H,A,A,01,S,08,E,,,,,I,Y,N,D,1,0,0,0,22107.0,1,38.32732541,-122.71263727,4
2014,2014-05-20,1645,5,1,16,2,N,A,N,A,H,A,A,01,N,07,B,,,,,C,N,N,D,1,0,0,0,21658.0,2,38.49839019,-122.74900693,4
2014,2014-05-03,1720,5,1,17,6,N,A,N,A,H,A,A,01,N,08,E,,,,,I,Y,N,D,1,0,0,0,22107.0,1,38.31458876,-122.69466648,4
2014,2014-05-22,1150,5,1,11,4,N,A,N,A,H,A,L,04,E,03,E,,Y,,,I,N,N,D,1,0,1,0,22350.0,1,38.49276495,-122.88990819,4
2014,2014-05-18,1055,5,1,10,7,N,A,N,A,B,A,-,- ,S,18,E,,,Y,,A,N,N,D,1,0,0,1,,1,38.51833491,-122.6560565,3
2014,2014-05-25,2010,5,1,20,7,N,A,N,A,H,B,C,02,S,01,F,,,Y,,A,Y,N,D,1,0,0,1,23152.0,1,38.36573172,-122.81294874,3
2014,2014-05-25,245,5,1,2,7,N,A,N,A,H,D,A,01,E,01,E,,,,,J,Y,N,D,1,0,0,0,23152.0,1,38.3201141,-122.75398081,3
2014,2014-05-10,2355,5,1,23,6,N,A,N,A,H,D,A,01,N,01,E,,,,,I,Y,N,D,1,0,0,0,23152.0,1,38.31642718,-122.59417443,2
2014,2014-05-11,730,5,1,7,7,N,A,Y,A,H,A,A,01,S,08,E,,,,,I,Y,N,D,1,0,0,0,22107.0,1,38.43623097,-122.71758033,4
2014,2014-05-08,1610,5,1,16,4,N,A,N,A,H,A,L,04,S,03,D,,Y,,,G,N,N,D,1,0,1,0,22350.0,2,38.23315984,-122.63867443,3
2014,2014-05-05,1647,5,1,16,1,N,A,N,A,H,A,-,- ,W,18,D,,,,,J,N,N,D,1,0,0,0,,1,38.22922003,-122.59310075,4
2014,2014-05-01,1721,5,1,17,4,N,A,N,A,H,A,A,01,N,03,C,,,,,C,Y,N,A,2,0,0,0,22350.0,2,38.25415398,-122.63464249,4
2014,2014-05-05,833,5,1,8,1,Y,A,N,A,H,A,A,01,,09,D,,,,,C,N,F,A,1,0,0,0,21801.0,2,38.23805995,-122.63600988,4
2014,2014-05-08,2011,5,1,20,4,Y,B,N,A,H,B,A,08,,09,A,,,,,C,N,N,A,2,0,0,0,21453.0,2,38.52575,-122.78569998,2
2014,2014-05-02,1722,5,1,17,5,Y,A,N,A,H,A,A,07,,- ,A,,,,,C,Y,N,A,2,0,0,0,,4,38.261291,-122.647459,4
2014,2014-05-18,45,5,1,0,7,N,A,Y,A,H,D,A,01,W,01,E,,,,,I,Y,N,D,1,0,0,0,23152.0,1,38.24599901,-122.50145012,2
2014,2014-05-16,2245,5,1,22,5,N,A,N,A,H,D,C,06,W,01,F,,,Y,,A,N,N,D,1,0,0,1,23152.0,1,38.24188848,-122.70656985,3
2014,2014-05-27,940,5,1,9,2,N,A,N,A,H,A,A,01,S,03,C,,,,,C,Y,N,A,1,0,0,0,22350.0,2,38.35318056,-122.74132957,4
2014,2014-05-11,2015,5,1,20,7,N,A,Y,A,H,B,A,01,N,01,A,,,,,C,Y,F,D,3,0,0,0,23152.0,2,38.32691252,-123.04151076,3
2014,2014-05-21,1750,5,1,17,3,N,A,N,A,H,A,A,07,S,09,D,,,,,C,Y,N,D,1,0,0,0,21801.0,2,38.29652232,-122.66645914,4
2014,2014-05-26,1725,5,1,17,1,N,A,N,A,H,A,A,01,S,05,B,,,,,C,Y,N,D,2,0,0,0,21460.0,3,38.53335692,-122.84839557,4
2014,2014-05-03,2005,5,1,20,6,N,A,Y,A,H,B,A,07,S,08,E,,,,,I,Y,N,D,3,0,0,0,22107.0,2,38.43623097,-122.71758033,3
2014,2014-05-21,525,5,1,5,3,N,A,Y,A,H,C,A,08,W,08,E,,,,,I,Y,N,D,1,0,0,0,22107.0,1,38.29309757,-122.46986495,4
2014,2014-05-27,817,5,1,8,2,Y,A,N,A,H,A,A,01,,- ,D,,,,,C,N,N,A,1,0,0,0,,2,38.29198991,-122.46825994,4
2014,2014-05-31,1235,5,1,12,6,N,A,Y,A,H,A,-,- ,W,18,F,,,,,I,Y,N,D,1,0,0,0,,1,38.13102807,-122.48161566,4
2014,2014-05-24,1150,5,1,11,6,Y,A,N,A,H,A,L,04,,05,D,,Y,,,G,Y,N,A,1,0,1,0,21650.0,2,38.27627991,-122.46492993,3
2014,2014-05-27,813,5,1,8,2,Y,A,N,A,H,A,A,01,,03,C,,,,,C,Y,N,-,3,0,0,0,22350.0,3,38.54405993,-122.79794991,4
2014,2014-05-22,259,5,1,2,4,N,A,N,A,H,C,A,01,W,- ,E,,,,,I,Y,N,A,1,0,0,0,,1,38.29041149,-122.47003899,4
2014,2014-04-21,1635,4,1,16,1,Y,B,Y,A,H,A,L,04,,05,H,,Y,,,G,N,N,D,1,0,1,0,21650.0,2,38.30576186,-122.47773024,3
2014,2014-04-28,1850,4,1,18,1,N,A,N,A,H,A,A,01,N,03,A,,,,,C,Y,N,D,1,0,0,0,22350.0,2,38.4927759,-122.65601981,4
2014,2014-04-30,1735,4,1,17,3,N,A,Y,A,H,A,D,22,S,03,C,,,,,C,Y,N,D,1,0,0,0,22350.0,5,38.47458954,-122.73119592,4
2014,2014-05-31,716,5,1,7,6,N,B,Y,A,H,A,D,22,N,07,B,,,,,C,Y,N,D,2,0,0,0,21658.0,2,38.26466999,-122.66083182,3
2014,2014-05-27,749,5,1,7,2,N,A,Y,A,H,A,A,07,N,21,C,,,,,C,N,N,D,2,0,0,0,22106.0,2,38.33456316,-122.73832331,4
2014,2014-05-26,1731,5,1,17,1,Y,A,N,A,H,A,A,01,,09,D,,,,,C,Y,N,A,4,0,0,0,21801.0,2,38.25261991,-122.62276992,4
2014,2014-05-06,1702,5,1,17,2,Y,A,N,A,H,A,A,01,,01,C,,,,,C,Y,N,A,1,0,0,0,23152.0,2,38.33240997,-122.71179998,4
2014,2014-05-05,2150,5,1,21,1,N,A,N,A,H,D,A,01,N,01,E,,,,,I,Y,N,A,1,0,0,0,23152.0,1,38.41826742,-122.82815536,4
2014,2014-06-04,835,6,2,8,3,N,A,Y,A,H,A,C,02,N,04,C,,,Y,,C,N,N,D,1,0,0,1,21703.0,2,38.19291008,-122.4440718,3
2014,2014-05-15,830,5,1,8,4,N,A,N,A,H,A,A,01,N,03,C,,,,,C,Y,N,A,4,0,0,0,22350.0,3,38.25539282,-122.47937485,3
2014,2014-05-16,1623,5,1,16,5,N,A,N,A,H,A,-,- ,S,18,E,,,,,I,Y,N,A,1,0,0,0,,1,38.28864169,-122.49077773,3
2014,2014-05-27,1420,5,1,14,2,N,A,N,A,H,A,A,01,N,08,C,,,,,E,Y,N,D,1,0,0,0,22107.0,2,38.35151824,-122.51351435,4
2014,2014-05-17,1703,5,1,17,6,N,A,Y,A,H,A,A,01,E,09,G,Y,,,,B,N,N,D,1,1,0,0,21804.0,2,38.30754094,-122.47823596,3
2014,2014-05-15,2120,5,1,21,4,N,A,Y,A,H,D,A,08,N,03,C,,,,,C,Y,N,D,3,0,0,0,22350.0,4,38.24616844,-122.43418854,2
2014,2014-05-15,1722,5,1,17,4,N,A,Y,A,H,A,A,01,E,03,C,,,,,C,N,N,A,2,0,0,0,22350.0,2,38.23334959,-122.60912807,4
2014,2014-05-26,1552,5,1,15,1,N,A,Y,A,H,A,A,01,E,08,B,,,,,C,N,F,D,1,0,0,0,22107.0,2,38.23374998,-122.60393645,4
2014,2014-04-28,1150,4,1,11,1,N,A,N,A,H,A,A,01,S,01,B,,,,Y,C,Y,N,D,3,0,0,0,23152.0,3,38.17060014,-122.51880761,2
2014,2014-05-01,1700,5,1,17,4,N,A,Y,A,H,A,D,22,S,03,C,,,,,C,Y,M,D,1,0,0,0,22350.0,2,38.45826497,-122.72623034,4
2014,2014-05-26,1000,5,1,10,1,N,A,N,A,E,A,N,60,S,11,G,Y,,,,B,N,N,D,1,1,0,0,21956.0,2,38.40459858,-122.89314395,4
2014,2014-05-12,140,5,1,1,1,N,A,Y,A,H,D,A,07,N,08,E,,,,,I,Y,N,D,1,0,0,0,22107.0,1,38.48445236,-122.73991082,3
2014,2014-05-15,745,5,1,7,4,N,A,Y,A,H,A,A,01,W,04,C,,,,,C,Y,N,D,1,0,0,0,21703.0,3,38.43163929,-122.73552278,4
2014,2014-05-02,1440,5,1,14,5,N,A,Y,A,H,A,A,01,N,01,E,,,,,I,Y,N,D,1,0,0,0,23152.0,1,38.46417265,-122.72661895,3
2013,2013-11-20,1830,11,3,18,3,N,C,Y,B,H,C,-,- ,E,03,C,,,,,C,Y,N,A,1,0,0,0,22350.0,2,38.4637786,-122.6654449,4
2014,2014-05-13,1400,5,1,14,2,Y,A,N,A,H,A,D,22,,03,C,,,,,C,Y,N,D,2,0,0,0,22350.0,3,38.29291994,-122.65179996,3
2014,2014-05-12,1735,5,1,17,1,N,A,N,A,H,A,A,07,S,08,E,,,,,E,Y,N,D,1,0,0,0,22107.0,3,38.49059867,-122.76062252,4
2014,2014-05-12,1605,5,1,16,1,N,A,Y,A,H,A,A,08,N,03,C,,,,,C,N,N,D,1,0,0,0,22350.0,2,38.43147427,-122.71564541,4
2014,2014-05-15,1600,5,1,16,4,N,A,N,A,H,A,D,22,N,03,C,,,,,C,Y,N,D,1,0,0,0,22350.0,3,38.30996042,-122.6665784,4
2014,2014-05-13,1450,5,1,14,2,Y,A,N,A,H,A,A,01,,08,D,,,,,C,Y,N,D,1,0,0,0,22100.0,2,38.49571999,-122.89929993,4
2014,2014-05-26,1925,5,1,19,1,N,A,Y,A,H,A,D,22,N,03,C,,,,,C,N,M,D,1,0,0,0,22350.0,2,38.53653202,-122.80005274,4
2014,2014-05-15,1700,5,1,17,4,Y,A,Y,A,H,A,D,22,,09,A,,,,,C,Y,N,D,3,0,0,0,21801.0,2,38.33301541,-122.72648203,4
2014,2014-05-13,1655,5,1,16,2,N,A,Y,A,D,A,D,22,S,03,C,,,,,C,Y,N,D,1,0,0,0,22350.0,4,38.51081608,-122.77523479,4
2014,2014-05-30,1417,5,1,14,5,N,A,N,A,H,A,A,01,N,08,C,,,,,E,Y,F,D,1,0,0,0,22107.0,3,38.35052661,-122.70599,4
2014,2014-06-10,1250,6,2,12,2,N,A,Y,A,H,A,A,07,E,03,C,,,,,A,N,N,A,1,0,0,0,22350.0,2,38.4276825,-122.76922004,4
2014,2014-06-03,2115,6,2,21,2,N,A,N,A,H,D,A,07,W,01,E,,,,,I,Y,N,D,1,0,0,0,23152.0,1,38.3708,-122.78491,3
2014,2014-06-03,1807,6,2,18,2,N,A,Y,A,H,A,A,08,N,03,C,,,,,C,N,N,A,1,0,0,0,22350.0,2,38.29588357,-122.47561818,4
2014,2014-06-08,1353,6,2,13,7,Y,A,N,A,H,A,A,01,,03,C,,,,,C,N,M,A,1,0,0,0,22350.0,2,38.54650999,-122.80682987,4
2014,2014-06-03,1726,6,2,17,2,Y,A,N,A,H,A,A,01,,09,D,,,,,C,N,N,A,2,0,0,0,21802.0,2,38.26828999,-122.65928998,4
2014,2014-06-12,1420,6,2,14,4,N,A,Y,A,H,A,A,08,E,03,C,,,,,C,N,N,A,1,0,0,0,22350.0,2,38.23311664,-122.61735209,4
2014,2014-06-11,1256,6,2,12,3,N,A,N,A,H,A,A,01,W,21,C,,,,,C,N,N,A,1,0,0,0,22106.0,2,38.27425654,-122.66951985,4
2014,2014-06-03,759,6,2,7,2,Y,A,N,A,H,A,D,22,,17,H,,Y,,,G,N,F,A,1,0,1,0,21451.0,2,38.2979199,-122.49141991,2
2014,2014-06-15,1534,6,2,15,7,N,A,Y,A,H,A,A,01,S,03,C,,,,,C,N,N,D,2,0,0,0,22350.0,2,38.14086191,-122.46492419,4
2014,2014-06-06,1247,6,2,12,5,N,A,Y,A,H,A,-,99,W,07,B,,,Y,,C,N,F,A,1,0,0,1,21658.0,2,38.15076544,-122.449504,3
2014,2014-05-27,1840,5,1,18,2,N,A,Y,A,H,A,A,07,N,07,B,,,,,C,Y,N,D,1,0,0,0,21658.0,2,38.47679012,-122.73212684,3