ACCIDENT_YEAR,COLLISION_DATE,COLLISION_TIME,MONTH,SEASON,24HOURS,DAY_OF_WEEK,INTERSECTION,WEATHER_1,STATE_HWY_IND,ROAD_SURFACE,ROAD_COND_1,LIGHTING,STWD_VEHTYPE_AT_FAULT,CHP_VEHTYPE_AT_FAULT,DIRECTION,PCF_VIOL_CATEGORY,TYPE_OF_COLLISION,PEDESTRIAN_ACCIDENT,BICYCLE_ACCIDENT,MOTORCYCLE_ACCIDENT,TRUCK_ACCIDENT,MVIW,TOW_AWAY,HIT_AND_RUN,CONTROL_DEVICE,NUMBER_INJURED,COUNT_PED_INJURED,COUNT_BICYCLIST_INJURED,COUNT_MC_INJURED,PCF_VIOLATION,PARTY_COUNT,POINT_Y,POINT_X,COLLISION_SEVERITY
2014,2014-07-09,805,7,2,8,3,N,A,Y,A,D,A,A,01,S,03,C,,,,,C,Y,M,D,1,0,0,0,22350.0,3,38.22100924,-122.60800554,4
2014,2014-07-09,1750,7,2,17,3,N,A,Y,A,H,A,D,22,E,07,B,,,,,C,Y,N,D,2,0,0,0,21658.0,3,38.43076535,-122.71356498,4
2014,2014-07-09,1345,7,2,13,3,N,A,N,A,H,A,D,22,S,08,A,,,,,C,Y,N,D,3,0,0,0,22107.0,2,38.38423926,-122.74156222,3
2014,2014-07-10,1528,7,2,15,4,N,A,N,A,H,A,A,08,E,01,E,,,,,I,Y,N,D,2,0,0,0,23152.0,1,38.49076964,-122.87655766,3
2014,2014-07-08,1645,7,2,16,2,N,A,Y,A,H,-,A,01,N,07,C,,,,,C,Y,N,D,1,0,0,0,21658.0,2,38.28764485,-122.69037457,4
2014,2014-07-13,955,7,2,9,7,N,B,Y,A,H,A,L,04,S,03,F,,Y,,,A,N,N,D,1,0,1,0,22350.0,1,38.47275575,-123.15827306,3
2014,2014-07-06,1355,7,2,13,7,N,A,N,A,H,A,A,01,S,08,F,,,,,A,Y,N,D,2,0,0,0,22107.0,1,38.17162558,-122.52045099,3
2014,2014-07-09,810,7,2,8,3,N,B,Y,A,D,A,A,07,N,07,B,,,Y,,C,N,N,D,1,0,0,1,21658.0,4,38.22397793,-122.61232629,4
2014,2014-07-01,1130,7,2,11,2,N,A,Y,A,D,A,L,04,E,08,E,,Y,,,J,N,N,D,1,0,1,0,22107.0,1,38.4176477,-122.54951864,3
2014,2014-06-27,800,6,2,8,5,N,A,N,A,H,A,E,22,,08,D,,,,,C,N,N,A,1,0,0,0,22107.0,2,38.24203,-122.63252987,4
2014,2014-07-10,1415,7,2,14,4,N,A,N,A,H,A,D,22,E,03,E,,,,,I,Y,N,D,2,0,0,0,22350.0,1,38.41380116,-122.65353074,3
2014,2014-07-11,1600,7,2,16,5,N,A,N,A,H,A,D,22,S,09,D,,,Y,,C,Y,N,D,1,0,0,1,21802.0,2,38.72025647,-122.99475937,4
2014,2014-07-06,1645,7,2,16,7,N,A,Y,A,H,A,B,07,W,08,E,,,,,I,Y,N,D,1,0,0,0,22107.0,1,38.14692722,-122.45502887,3
2014,2014-05-17,2055,5,1,20,6,Y,A,Y,A,H,C,A,01,,12,D,,,,,C,N,N,A,3,0,0,0,21453.0,2,38.35177086,-122.7130143,2
2014,2014-06-26,50,6,2,0,4,N,B,Y,A,H,D,A,01,S,05,B,,,,,C,Y,M,D,1,0,0,0,21651.0,2,38.40758336,-122.71618734,3
2014,2014-06-30,1525,6,2,15,1,N,A,Y,A,H,A,A,01,N,09,D,,Y,,,G,N,N,A,1,0,1,0,21804.0,2,38.42076812,-122.84606771,3
2014,2014-06-19,1823,6,2,18,4,N,A,N,A,H,A,A,01,N,10,G,Y,,,,B,N,N,D,1,1,0,0,21952.0,2,38.24980609,-122.62699368,4
2014,2014-07-11,1505,7,2,15,5,N,A,N,A,H,A,C,02,E,08,E,,,Y,,I,Y,N,D,1,0,0,1,22107.0,1,38.36517471,-122.65525804,2
2014,2014-07-13,1605,7,2,16,7,N,A,N,A,H,A,-,- ,N,18,E,,,,,J,Y,N,D,1,0,0,0,,1,38.50765663,-122.6513789,4
2014,2014-07-13,833,7,2,8,7,Y,A,N,A,H,A,L,04,,08,H,,Y,,,G,N,N,D,1,0,1,0,22100.0,2,38.60682991,-122.87461999,3
2014,2014-07-13,1605,7,2,16,7,N,A,Y,A,H,A,A,07,N,03,C,,,,,C,Y,N,D,1,0,0,0,22350.0,3,38.219877,-122.60635245,4
2014,2014-07-01,1440,7,2,14,2,N,A,N,A,H,A,A,01,E,05,B,,,,,C,Y,N,D,3,0,0,0,21650.0,2,38.43796248,-122.78681311,2
2014,2014-07-04,945,7,2,9,5,N,A,N,A,H,A,A,07,W,08,E,,,,,I,Y,N,D,1,0,0,0,22107.0,1,38.33186218,-122.65581023,3
2014,2014-07-14,150,7,2,1,1,N,A,Y,A,H,D,A,01,N,08,E,,,,,I,Y,N,D,1,0,0,0,22107.0,1,38.3900587,-122.71628254,4
2014,2014-07-17,845,7,2,8,4,N,B,Y,A,H,A,A,01,N,08,E,,,,,I,Y,N,D,2,0,0,0,22107.0,1,38.54741351,-123.298871,2
2014,2014-07-12,1300,7,2,13,6,N,A,Y,A,H,A,A,01,N,03,C,,,,,C,Y,N,D,3,0,0,0,22350.0,2,38.30415931,-122.70877539,4
2014,2014-07-10,1035,7,2,10,4,N,B,Y,A,H,A,A,01,W,08,E,,,,,I,Y,N,D,1,0,0,0,22107.0,1,38.43273186,-122.71947325,4
2014,2014-07-10,450,7,2,4,4,N,B,N,B,H,D,A,07,E,03,F,,,,,I,Y,N,D,1,0,0,0,22350.0,1,38.52675557,-122.7209721,4
2014,2014-07-12,1533,7,2,15,6,Y,A,Y,A,H,A,A,01,,12,D,,,,,C,N,N,A,3,0,0,0,21453.0,2,38.24615279,-122.62617705,3
2014,2014-07-14,801,7,2,8,1,Y,A,N,A,H,A,A,01,,08,D,,Y,,,G,N,N,D,1,0,1,0,22107.0,2,38.27101992,-122.66217994,3
2014,2014-04-23,1530,4,1,15,3,Y,A,N,A,H,A,L,04,,05,D,,Y,,,G,N,N,A,1,0,1,0,21650.0,2,38.41429998,-122.71745987,4
2014,2014-04-26,1346,4,1,13,6,N,A,N,A,H,A,A,01,N,03,C,,,,,C,N,F,A,1,0,0,0,22350.0,2,38.41338734,-122.70431809,4
2014,2014-05-19,1814,5,1,18,1,Y,A,N,A,H,A,-,,,08,A,,,,,C,Y,M,A,2,0,0,0,22107.0,2,38.45998989,-122.73502993,4
2014,2014-05-11,2300,5,1,23,7,N,A,N,A,H,C,N,60,N,11,G,Y,,,,B,N,N,D,1,1,0,0,21954.0,2,38.23625919,-122.6164605,4
2014,2014-05-20,2234,5,1,22,2,N,A,N,A,H,D,A,01,W,03,D,,,,,C,Y,N,-,1,0,0,0,22350.0,2,38.22926821,-122.63887995,3
2014,2014-05-13,1511,5,1,15,2,N,A,N,A,G,-,C,02,W,03,B,,Y,Y,,G,Y,N,D,1,0,1,0,22350.0,2,38.22977779,-122.6460169,3
2014,2014-05-27,1113,5,1,11,2,N,A,N,A,H,A,A,01,E,03,C,,,,,C,N,N,A,2,0,0,0,22350.0,2,38.34855463,-122.70856401,4
2014,2014-05-28,1648,5,1,16,3,Y,A,N,A,H,A,A,01,,12,A,,,,,C,Y,N,C,2,0,0,0,22450.0,2,38.33414993,-122.70421989,3
2014,2014-05-30,1519,5,1,15,5,Y,A,N,A,H,A,A,01,,09,D,,,,,C,Y,N,D,3,0,0,0,21802.0,2,38.3457199,-122.71570989,3
2014,2014-05-31,946,5,1,9,6,N,B,N,A,H,A,A,01,S,03,C,,,Y,,C,N,F,A,2,0,0,2,22350.0,2,38.34483456,-122.71194316,4
2014,2014-07-21,951,7,2,9,1,N,B,Y,A,H,A,G,25,E,03,C,,,Y,Y,C,Y,N,A,1,0,0,1,22350.0,2,38.23334959,-122.60912807,3
2014,2014-07-15,1708,7,2,17,2,N,A,N,A,H,A,D,22,N,09,H,,,Y,,-,N,N,D,1,0,0,1,21801.0,2,38.23657424,-122.62276543,4
2014,2014-06-12,740,6,2,7,4,N,A,N,A,H,A,-,- ,E,00,A,,,,,C,Y,N,D,2,0,0,0,,2,38.38633,-122.71596,3
2014,2014-07-11,1305,7,2,13,5,N,A,Y,A,H,A,A,01,W,08,A,,,,,C,Y,N,A,1,0,0,0,22107.0,2,38.34943726,-122.4988537,4
2014,2014-06-30,2120,6,2,21,1,N,A,Y,A,H,C,D,22,N,01,C,,,,,C,Y,N,D,1,0,0,0,23152.0,2,38.25192177,-122.40628149,4
2014,2014-07-09,1715,7,2,17,3,N,A,Y,A,H,A,G,26,S,03,F,,,,Y,C,Y,N,D,1,0,0,0,22350.0,2,38.21077953,-122.45514248,4
2014,2014-06-24,2230,6,2,22,2,N,A,Y,A,A,D,A,01,W,03,C,,,,,C,Y,N,D,1,0,0,0,22350.0,2,38.21641882,-122.55661491,4
2014,2014-06-23,1123,6,2,11,1,N,A,Y,A,H,A,A,07,W,08,E,,,,,I,Y,N,D,1,0,0,0,22107.0,1,38.64257749,-122.75101308,3
2014,2014-07-08,1040,7,2,10,2,N,A,Y,A,H,A,A,01,W,03,C,,,,,C,Y,N,D,1,0,0,0,22350.0,2,38.3375275,-122.49309602,4
2014,2014-07-03,1622,7,2,16,4,N,A,Y,A,H,A,A,07,S,09,A,,,,,C,Y,N,D,1,0,0,0,21804.0,2,38.20136188,-122.4480925,4
2014,2014-07-09,1853,7,2,18,3,N,A,Y,A,H,A,A,01,W,07,D,,,Y,,C,Y,N,D,1,0,0,1,21658.0,2,38.14795742,-122.45364523,3
2014,2014-07-09,2000,7,2,20,3,N,A,Y,A,D,B,A,07,S,08,E,,,,,I,Y,N,D,1,0,0,0,22107.0,1,38.22381807,-122.61178995,3
2014,2014-06-30,1522,6,2,15,1,Y,A,N,A,H,A,L,04,,03,C,,Y,,,G,N,N,A,1,0,1,0,22350.0,2,38.24918994,-122.62583992,4
2014,2014-07-16,1125,7,2,11,3,Y,A,N,A,A,A,L,04,,05,D,,Y,,,G,N,N,D,1,0,1,0,21650.0,2,38.236406,-122.638978,3
2014,2014-07-13,1545,7,2,15,7,N,A,N,A,H,A,C,02,S,03,F,,,Y,,-,N,N,D,1,0,0,1,22350.0,2,38.24244015,-122.64403874,3
2014,2014-07-18,1445,7,2,14,5,N,A,Y,A,H,A,G,25,E,03,C,,,,Y,C,Y,N,D,1,0,0,0,22350.0,3,38.15489445,-122.42156766,3
2014,2014-07-12,2235,7,2,22,6,N,A,Y,A,H,D,D,22,N,08,E,,,,,I,Y,N,D,1,0,0,0,22107.0,1,38.3990385,-122.71623235,2
2014,2014-07-22,1150,7,2,11,2,N,A,N,A,H,A,-,- ,E,18,H,,,,,C,Y,N,D,1,0,0,0,,2,38.25015055,-122.55881733,3
2014,2014-07-13,1805,7,2,18,7,N,A,Y,A,H,A,A,01,E,03,C,,,,,C,N,N,D,1,0,0,0,22350.0,3,38.15381876,-122.43265574,4
2014,2014-07-12,1035,7,2,10,6,N,A,N,A,H,A,E,22,S,17,H,Y,,,,A,N,N,A,1,1,0,0,23114.0,3,38.38707133,-122.74156974,3
2014,2014-07-27,2014,7,2,20,7,N,A,N,A,H,B,A,07,W,01,E,,,,,I,N,N,D,1,0,0,0,23152.0,1,38.2344475,-122.64761015,3
2014,2014-07-26,1128,7,2,11,6,N,A,N,A,H,A,A,01,,21,C,,,,,C,N,N,A,1,0,0,0,22106.0,2,38.24918994,-122.62583992,4
2014,2014-07-25,2147,7,2,21,5,N,A,N,A,H,C,A,01,W,03,C,,,,,C,N,N,A,1,0,0,0,22350.0,3,38.2397018,-122.61826865,4
2014,2014-07-20,1203,7,2,12,7,N,A,N,A,H,A,-,,N,09,D,,,,,C,N,N,D,1,0,0,0,21804.0,3,38.22701,-122.62278,4
2014,2014-07-10,630,7,2,6,4,Y,A,N,A,H,A,A,01,,12,D,,,,,C,Y,N,A,2,0,0,0,21453.0,2,38.34907994,-122.72119985,4
2014,2014-07-11,1050,7,2,10,5,N,A,Y,A,H,A,C,02,S,08,-,,,Y,,I,Y,N,D,1,0,0,1,22107.0,1,38.43175871,-122.71733602,3
2014,2014-07-12,1530,7,2,15,6,N,A,N,A,H,A,-,99,N,03,C,,Y,,,G,N,F,D,1,0,1,0,22350.0,2,38.50035976,-122.85744766,3
2014,2014-07-07,2038,7,2,20,1,N,A,Y,A,H,B,A,01,N,03,B,,,,,C,Y,N,D,1,0,0,0,22350.0,2,38.28351992,-122.68502844,4
2014,2014-07-08,1445,7,2,14,2,N,A,Y,A,H,A,A,07,S,07,B,,,,,C,Y,N,D,1,0,0,0,21658.0,2,38.25540409,-122.64438501,4
2014,2014-07-24,2340,7,2,23,4,Y,A,N,A,H,C,A,01,,01,D,,,,,C,Y,M,A,1,0,0,0,23152.0,3,38.36326994,-122.71513993,3
2014,2014-07-09,1622,7,2,16,3,Y,A,N,A,H,A,D,22,,03,C,,,,,C,N,N,A,1,0,0,0,22350.0,2,38.52580995,-122.79735999,4
2014,2014-07-21,940,7,2,9,1,N,B,N,B,H,A,D,22,W,03,E,,,,,I,Y,N,D,4,0,0,0,22350.0,2,38.392811,-122.87751243,2
2014,2014-07-17,658,7,2,6,4,Y,A,N,A,H,A,N,60,,11,G,Y,,,,B,Y,N,D,1,1,0,0,21954.0,2,38.28456999,-122.45680994,2
2014,2014-07-10,1636,7,2,16,4,N,A,N,A,H,A,A,07,S,17,H,,Y,,,G,N,N,D,1,0,1,0,22517.0,2,38.28438008,-122.45901289,3
2014,2014-07-14,830,7,2,8,1,N,A,Y,A,H,A,A,07,S,03,C,,,,,C,Y,N,D,2,0,0,0,22350.0,2,38.40632019,-122.71595033,4
2014,2014-07-21,2120,7,2,21,1,N,B,N,A,H,D,A,01,N,08,E,,,,,J,N,N,D,1,0,0,0,22107.0,1,38.32290749,-122.66669,4
2014,2014-07-18,720,7,2,7,5,N,C,Y,B,H,A,A,01,W,03,E,,,,,I,Y,N,D,1,0,0,0,22350.0,1,38.43346206,-122.7161735,4
2014,2014-07-20,1750,7,2,17,7,N,A,Y,A,H,A,A,01,N,03,C,,,,,C,N,N,D,3,0,0,0,22350.0,3,38.28714681,-122.68972148,4
2014,2014-06-24,1549,6,2,15,2,N,A,Y,A,H,A,A,01,W,03,C,,,,,C,Y,N,A,2,0,0,0,22350.0,3,38.29494425,-122.475761,4
2014,2014-07-21,1835,7,2,18,1,N,A,Y,A,H,A,D,22,W,03,B,,,,,C,Y,N,D,2,0,0,0,22350.0,5,38.15429451,-122.42774723,4
2014,2014-07-15,1825,7,2,18,2,N,A,Y,A,H,A,A,01,E,04,C,,,,,C,Y,N,D,2,0,0,0,21703.0,2,38.43283898,-122.71979234,4
2014,2014-07-21,1235,7,2,12,1,N,A,N,A,H,A,C,02,E,03,H,,,Y,Y,A,N,N,D,1,0,0,1,22350.0,2,38.29013965,-122.43947766,3
2014,2014-07-18,715,7,2,7,5,N,B,Y,B,H,A,D,22,S,08,A,,,,,C,Y,N,A,3,0,0,0,22107.0,3,38.42159902,-122.71528525,3
2014,2014-07-20,1925,7,2,19,7,N,B,N,A,A,A,D,22,N,08,F,,,,,A,Y,N,D,1,0,0,0,22107.0,1,38.38062939,-122.74152805,3
2014,2014-07-16,625,7,2,6,3,N,A,Y,A,H,A,A,07,S,03,-,,,,Y,C,Y,N,D,1,0,0,0,22350.0,2,38.4283235,-122.71521332,4
2014,2014-07-20,1515,7,2,15,7,N,B,N,A,H,A,D,22,W,03,C,,,,,C,N,N,A,1,0,0,0,22350.0,3,38.42971927,-122.72916027,4
2014,2014-08-01,2155,8,2,21,5,N,A,Y,A,H,D,D,22,N,01,F,,,,,A,Y,N,D,2,0,0,0,23152.0,1,38.35736846,-123.0670983,2
2014,2014-07-26,750,7,2,7,6,N,A,Y,A,H,A,A,01,N,03,C,,,,,C,Y,N,D,2,0,0,0,22350.0,2,38.57521902,-122.83467974,3
2014,2014-07-25,2105,7,2,21,5,N,A,Y,A,H,C,A,01,E,01,C,,,,,C,Y,N,D,3,0,0,0,23152.0,3,38.42049851,-122.5523881,3
2014,2014-07-21,1115,7,2,11,1,N,B,Y,B,H,A,A,01,E,03,E,,,,,I,N,N,D,1,0,0,0,22350.0,1,38.38198874,-122.71633517,4
2014,2014-07-29,1650,7,2,16,2,N,A,Y,A,H,A,C,02,E,08,E,,,Y,,I,Y,N,D,1,0,0,1,22107.0,1,38.44235029,-122.86171475,3
2014,2014-07-25,1745,7,2,17,5,N,A,Y,A,H,A,A,01,N,08,B,,,,,C,Y,N,D,1,0,0,0,22107.0,2,38.3915172,-122.7160285,4
2014,2014-07-27,1515,7,2,15,7,N,A,N,A,H,A,A,01,N,03,E,,,,,I,N,N,D,1,0,0,0,22350.0,1,38.512537,-122.78149348,4
2014,2014-07-26,1300,7,2,13,6,N,A,Y,A,H,A,A,01,S,03,C,,,,,C,Y,N,D,3,0,0,0,22350.0,2,38.2612884,-122.65481126,4
2014,2014-07-26,2030,7,2,20,6,N,A,N,A,H,D,A,01,N,08,E,,,,,I,Y,N,D,1,0,0,0,22107.0,1,38.30088121,-122.71534487,2
2014,2014-07-24,2110,7,2,21,4,N,A,N,A,H,D,A,08,W,08,E,,,,,I,Y,N,D,1,0,0,0,22107.0,1,38.49152455,-122.79187235,2
2014,2014-07-25,830,7,2,8,5,N,A,N,A,H,A,A,01,S,03,F,,,,,A,Y,N,D,1,0,0,0,22350.0,1,38.53194864,-122.84855445,3
2014,2014-07-26,1045,7,2,10,6,N,A,N,A,H,A,A,01,S,09,A,,Y,,,G,Y,N,D,1,0,1,0,21801.0,2,38.51873132,-122.77279182,3
2014,2014-07-25,41,7,2,0,5,N,A,Y,A,H,C,A,01,S,01,E,,,,,I,Y,N,D,1,0,0,0,23152.0,1,38.3478249,-122.7129288,4
2014,2014-07-31,1430,7,2,14,4,N,A,N,A,H,A,A,01,W,08,D,,,,,C,Y,N,D,1,0,0,0,22107.0,2,38.49374123,-122.89607829,4
2014,2014-07-31,1417,7,2,14,4,Y,A,N,A,H,A,N,60,,11,G,Y,,,,B,N,N,A,1,1,0,0,21955.0,2,38.60917,-122.870209,4
2014,2014-07-17,2340,7,2,23,4,N,A,N,A,H,C,A,01,S,01,E,,,,,I,Y,N,D,1,0,0,0,23152.0,1,,,3
2014,2014-07-30,1000,7,2,10,3,N,A,N,A,H,A,D,22,N,08,E,,,,,I,Y,N,D,1,0,0,0,22107.0,1,38.27159921,-122.4233064,4
2014,2014-07-25,2125,7,2,21,5,N,A,Y,A,H,D,A,07,S,09,D,,,,,C,Y,N,A,2,0,0,0,21804.0,2,38.25536348,-122.34247844,3
2014,2014-07-26,1815,7,2,18,6,N,A,N,A,H,A,D,22,S,08,C,,,,,C,N,N,A,2,0,0,0,22107.0,2,38.78366756,-123.01211995,3
2014,2014-07-10,1025,7,2,10,4,N,A,N,A,H,A,A,01,S,08,F,,,,,J,Y,N,D,1,0,0,0,22107.0,1,38.53003406,-122.651084,3
2014,2014-07-14,605,7,2,6,1,N,A,Y,A,D,A,C,02,N,03,C,,,Y,,C,N,N,D,1,0,0,1,22350.0,2,38.22463932,-122.61309609,4
2014,2014-07-24,1835,7,2,18,4,N,A,N,A,H,A,A,07,N,03,C,,,,,C,Y,N,D,1,0,0,0,22350.0,2,38.38581661,-122.68830105,4
2014,2014-07-20,1830,7,2,18,7,Y,B,N,A,H,A,A,01,,09,D,,,,,C,Y,N,D,3,0,0,0,21801.0,2,38.50891988,-122.92518997,3
2014,2014-07-26,10,7,2,0,6,N,A,N,A,H,D,A,01,N,01,E,,,,,I,Y,N,D,1,0,0,0,23152.0,1,38.65500466,-122.93663107,3
2014,2014-07-16,755,7,2,7,3,N,A,Y,A,H,A,A,01,S,03,C,,,,,C,N,N,D,1,0,0,0,22350.0,3,38.41183552,-122.71591569,4
2014,2014-07-23,2213,7,2,22,3,N,A,Y,A,H,C,A,07,E,04,C,,,,,C,Y,N,D,1,0,0,0,21703.0,2,38.49719822,-122.75786895,4
2014,2014-07-22,1746,7,2,17,2,N,A,N,A,H,A,A,01,W,03,C,,,,,C,Y,N,D,1,0,0,0,22350.0,3,38.29339607,-122.65265352,3
2014,2014-07-20,1435,7,2,14,7,N,A,Y,A,H,A,A,01,N,03,C,,,,,D,N,N,D,3,0,0,0,22350.0,2,38.28634622,-122.68868191,3
2014,2014-07-12,1820,7,2,18,6,N,A,Y,A,H,A,C,02,W,03,F,,,Y,,A,Y,N,D,1,0,0,1,22350.0,2,38.43608015,-122.5796816,2
2014,2014-07-29,228,7,2,2,2,N,A,N,A,H,C,-,- ,E,08,B,,,,,E,Y,M,D,1,0,0,0,22107.0,3,38.54856462,-122.83050024,3
2014,2014-07-23,1655,7,2,16,3,Y,A,Y,A,H,A,L,04,,09,H,,Y,,,G,N,N,A,1,0,1,0,21804.0,2,38.2920343,-122.45902325,3
2014,2014-07-28,1440,7,2,14,1,N,A,N,A,H,A,D,22,W,08,E,,,,,I,Y,N,D,1,0,0,0,22107.0,1,38.42363936,-122.77901448,4
2014,2014-08-01,925,8,2,9,5,N,A,N,A,H,A,A,07,N,08,F,,,,,A,Y,N,D,1,0,0,0,22107.0,1,38.29459574,-122.65480444,4
2014,2014-08-01,1717,8,2,17,5,N,A,Y,A,H,A,A,01,S,03,C,,,,,C,N,N,D,1,0,0,0,22350.0,2,38.49207252,-122.75065684,4
2014,2014-07-30,1745,7,2,17,3,Y,A,N,A,H,A,A,01,,09,B,,,Y,,C,N,N,A,1,0,0,1,21802.0,2,38.23471993,-122.64664996,3
2014,2014-07-29,1300,7,2,13,2,N,A,Y,A,H,A,A,07,W,03,C,,,,,C,N,N,A,1,0,0,0,22350.0,2,38.34533017,-122.71287321,4
2014,2014-07-27,1310,7,2,13,7,N,A,Y,A,B,A,-,- ,S,18,F,,,Y,,A,Y,N,D,1,0,0,1,,1,38.2039613,-122.45012124,3
2014,2014-07-27,256,7,2,2,7,Y,A,Y,A,H,C,A,01,,08,E,,,,,I,Y,N,A,1,0,0,0,22107.0,1,38.30316431,-122.47654263,3
2014,2014-07-30,1600,7,2,16,3,N,A,N,A,H,A,A,01,W,03,C,,,,,C,N,N,D,1,0,0,0,22350.0,2,,,4
2014,2014-07-19,1630,7,2,16,6,N,A,Y,A,H,A,A,07,W,03,C,,,,,C,Y,N,D,2,0,0,0,22350.0,3,38.15475387,-122.42301926,3
2014,2014-07-25,1210,7,2,12,5,N,A,Y,A,H,A,C,02,N,07,C,,,Y,,C,N,N,A,3,0,0,1,21658.0,2,38.15325768,-122.44841219,3
2014,2014-07-30,1949,7,2,19,3,N,A,Y,A,H,-,A,01,W,08,C,,,,,C,Y,N,D,3,0,0,0,22107.0,2,38.15422404,-122.42847442,3
2014,2014-08-03,1800,8,2,18,7,N,B,Y,A,H,A,A,07,N,03,C,,,,,C,N,N,D,1,0,0,0,22350.0,2,38.23705535,-122.45890302,4
2014,2014-08-02,1535,8,2,15,6,N,B,Y,A,H,A,C,02,S,08,E,,,Y,,I,Y,N,D,2,0,0,2,22107.0,2,38.41556817,-123.10031095,2
2014,2014-08-02,1320,8,2,13,6,N,A,N,A,H,A,A,01,W,01,E,,,,,I,Y,N,D,1,0,0,0,23152.0,1,38.22302,-122.67012,3
2014,2014-08-03,2010,8,2,20,7,Y,-,N,A,H,C,A,01,,10,G,Y,,,,B,N,N,A,2,2,0,0,21950.0,3,38.23905,-122.63519992,4
2014,2014-08-03,1715,8,2,17,7,N,A,N,A,H,A,-,- ,S,18,F,,Y,,,A,N,N,D,1,0,1,0,,1,38.53172201,-122.86809998,3
2014,2014-08-03,1534,8,2,15,7,N,A,N,A,H,A,C,02,N,08,E,,,Y,,I,Y,N,D,1,0,0,1,22107.0,1,38.50710903,-122.86054024,4
2014,2014-07-25,1640,7,2,16,5,N,A,N,A,H,A,A,07,N,03,D,,,,,C,N,N,D,1,0,0,0,22350.0,2,38.46844034,-122.81611011,4
2014,2014-08-07,1715,8,2,17,4,N,A,Y,A,H,A,B,08,N,03,C,,,,,C,Y,N,D,4,0,0,0,22350.0,3,38.4875183,-122.74387149,4
2014,2014-08-02,1700,8,2,17,6,N,A,N,A,H,A,D,22,E,08,E,,,,,I,Y,N,D,1,0,0,0,22107.0,1,38.49450658,-122.78427841,4
2014,2014-08-10,1800,8,2,18,7,N,B,Y,A,H,A,D,22,N,09,D,,,,,C,Y,N,D,1,0,0,0,21801.0,2,38.37599066,-123.07775701,4
2014,2014-08-04,1640,8,2,16,1,N,A,Y,A,H,A,C,02,W,- ,B,,,Y,,C,N,F,D,1,0,0,1,,2,38.13374592,-122.47670609,4
2014,2014-08-03,1200,8,2,12,7,N,A,N,A,H,A,L,04,E,08,H,,Y,,,A,N,N,D,1,0,1,0,22107.0,1,38.41495936,-122.92970712,2
2014,2014-08-01,1330,8,2,13,5,N,A,N,A,H,A,M,59,N,16,H,,,,,C,N,M,D,1,0,0,0,24002.0,2,38.37393791,-122.91022209,4
2014,2014-08-10,1640,8,2,16,7,N,A,N,A,H,A,A,01,W,03,C,,,,,C,Y,N,D,1,0,0,0,22350.0,2,38.49746634,-122.90135612,4
2014,2014-08-12,731,8,2,7,2,N,C,N,B,H,A,A,07,W,05,A,,,,,C,Y,N,D,1,0,0,0,21460.0,2,38.39596889,-122.86768572,4
2014,2014-08-06,1354,8,2,13,3,N,A,N,A,H,A,A,07,S,21,C,,,,,-,N,N,A,1,0,0,0,22106.0,3,38.23409777,-122.59989315,4
2014,2014-08-11,1729,8,2,17,1,Y,F,N,A,H,A,A,01,,10,G,Y,,,,B,N,N,A,1,1,0,0,21950.0,2,38.23976998,-122.61820986,3
2014,2014-08-02,1637,8,2,16,6,Y,A,N,A,H,A,-,,,21,C,,,,,C,N,M,A,1,0,0,0,22106.0,2,38.234653,-122.593946,4
2014,2014-08-05,1710,8,2,17,2,N,B,N,A,H,A,A,07,W,01,E,,,,,I,N,N,D,1,0,0,0,23152.0,1,38.23071554,-122.65884304,3
2014,2014-07-10,1510,7,2,15,4,N,A,Y,A,H,A,D,22,E,01,E,,,,,I,N,M,D,1,0,0,0,23152.0,1,38.32002282,-122.48613488,3
2014,2014-08-04,1643,8,2,16,1,Y,A,N,A,H,A,A,01,,12,D,,,,,C,Y,N,A,1,0,0,0,21453.0,2,38.24918994,-122.62583992,4
2014,2014-07-04,1630,7,2,16,5,Y,A,N,A,H,A,A,01,,01,A,,,,,C,N,M,A,1,0,0,0,23152.0,2,38.35194991,-122.6956399,3
2014,2014-07-21,1030,7,2,10,1,N,C,Y,B,H,A,C,02,N,03,F,,,Y,,A,N,N,D,1,0,0,1,22350.0,1,38.35054754,-122.71323782,3
2014,2014-07-30,1900,7,2,19,3,N,A,N,A,H,A,-,99,S,08,G,Y,,,,B,N,F,D,1,1,0,0,22107.0,2,38.38037864,-122.85992416,3
2014,2014-08-19,1820,8,2,18,2,N,A,N,A,H,A,A,01,E,08,E,,,,,I,Y,N,D,1,0,0,0,22107.0,1,38.25349222,-122.56896952,2
2014,2014-07-29,1120,7,2,11,2,N,A,Y,A,H,A,A,01,E,03,C,,,,,C,N,N,D,1,0,0,0,22350.0,2,38.50200342,-122.9991247,4
2014,2014-07-31,1450,7,2,14,4,N,A,N,A,H,A,C,02,E,03,F,,,Y,,A,Y,N,A,1,0,0,1,22350.0,1,38.3709864,-122.7815099,2
2014,2014-08-09,1435,8,2,14,6,N,A,Y,A,H,A,A,01,S,17,A,,,,,C,N,N,D,1,0,0,0,21664.0,2,38.75711385,-122.97296249,4
2014,2014-08-11,1931,8,2,19,1,N,A,N,A,H,A,-,- ,,00,D,,Y,,,G,N,N,D,1,0,1,0,,2,38.284621,-122.457862,4
2014,2014-08-11,1750,8,2,17,1,N,A,Y,A,H,A,A,01,N,03,C,,,,,C,Y,N,D,3,0,0,0,22350.0,4,38.46294762,-122.72657854,3
2014,2014-08-06,1328,8,2,13,3,Y,A,N,A,H,A,A,07,,08,D,,,,,C,Y,N,A,2,0,0,0,22101.0,2,38.31015992,-122.49758987,4
2014,2014-08-03,1100,8,2,11,7,N,A,N,A,H,A,A,01,S,08,H,,Y,,,G,N,F,D,2,0,2,0,22107.0,2,38.20656877,-122.37282148,3
2014,2014-07-26,151,7,2,1,6,N,A,N,A,H,C,A,01,W,01,B,,,,,E,Y,M,D,1,0,0,0,23152.0,2,38.31273244,-122.47983089,3