ACCIDENT_YEAR,COLLISION_DATE,COLLISION_TIME,MONTH,SEASON,24HOURS,DAY_OF_WEEK,INTERSECTION,WEATHER_1,STATE_HWY_IND,ROAD_SURFACE,ROAD_COND_1,LIGHTING,STWD_VEHTYPE_AT_FAULT,CHP_VEHTYPE_AT_FAULT,DIRECTION,PCF_VIOL_CATEGORY,TYPE_OF_COLLISION,PEDESTRIAN_ACCIDENT,BICYCLE_ACCIDENT,MOTORCYCLE_ACCIDENT,TRUCK_ACCIDENT,MVIW,TOW_AWAY,HIT_AND_RUN,CONTROL_DEVICE,NUMBER_INJURED,COUNT_PED_INJURED,COUNT_BICYCLIST_INJURED,COUNT_MC_INJURED,PCF_VIOLATION,PARTY_COUNT,POINT_Y,POINT_X,COLLISION_SEVERITY
2014,2014-08-09,2200,8,2,22,6,N,A,Y,A,H,C,A,01,W,03,C,,,,,C,N,N,A,2,0,0,0,22350.0,2,38.23362989,-122.60414561,4
2014,2014-07-20,1420,7,2,14,7,N,A,Y,A,H,A,A,01,E,03,C,,,,,C,N,N,A,1,0,0,0,22350.0,2,38.23310112,-122.61632859,4
2014,2014-08-11,1944,8,2,19,1,N,A,N,A,H,B,D,22,S,08,B,,,Y,,C,,M,D,2,0,0,2,22107.0,2,38.45494,-122.67216,4
2014,2014-07-30,1109,7,2,11,3,Y,A,N,A,H,A,L,04,,05,D,,Y,,,G,N,N,A,1,0,1,0,21650.0,2,38.41429998,-122.71745987,4
2014,2014-06-09,644,6,2,6,1,Y,A,N,A,H,A,-,- ,,12,D,,,,,C,Y,N,A,5,0,0,0,21453.0,4,38.43410995,-122.72660998,3
2014,2014-07-21,1744,7,2,17,1,N,A,N,A,H,A,D,22,S,03,A,,,,,C,N,N,A,2,0,0,0,22350.0,3,38.42372531,-122.70811681,4
2014,2014-06-07,1305,6,2,13,6,N,A,N,A,H,A,A,01,S,21,D,,,,,C,Y,N,D,1,0,0,0,22106.0,2,38.458644,-122.726906,4
2014,2014-07-27,1214,7,2,12,7,Y,A,N,A,H,A,-,- ,,00,G,Y,,,,B,N,N,D,1,1,0,0,,2,38.41433995,-122.72238994,4
2014,2014-07-14,1246,7,2,12,1,N,A,N,A,H,A,A,01,S,08,B,,,,,C,N,N,D,1,0,0,0,22107.0,2,38.42084041,-122.71354366,4
2014,2014-07-01,524,7,2,5,2,Y,B,N,A,H,B,D,22,,08,G,Y,,,,B,N,N,D,1,1,0,0,22107.0,2,38.44337989,-122.71334986,4
2014,2014-07-12,853,7,2,8,6,N,B,N,A,H,A,D,22,N,07,B,,,,,C,Y,M,D,1,0,0,0,21658.0,2,38.44662443,-122.73052977,4
2014,2014-07-15,828,7,2,8,2,Y,A,N,A,H,A,A,01,,12,D,,,,,C,Y,N,A,1,0,0,0,21453.0,2,38.47022992,-122.72431996,4
2014,2014-07-21,1704,7,2,17,1,Y,A,N,A,H,A,A,01,,09,A,,,,,C,Y,N,A,1,0,0,0,21801.0,2,38.42292992,-122.70764986,3
2014,2014-06-14,1554,6,2,15,6,Y,A,N,A,H,A,A,01,,09,D,,,,,C,Y,N,A,3,0,0,0,21801.0,2,38.42608993,-122.66684996,3
2014,2014-07-08,1944,7,2,19,2,Y,A,Y,A,H,A,D,22,,09,D,,,,,C,Y,N,A,2,0,0,0,21453.0,2,38.45818998,-122.63427538,4
2014,2014-07-08,1728,7,2,17,2,N,A,N,A,H,A,D,22,E,03,C,,,,,C,Y,N,A,1,0,0,0,22350.0,2,38.45300845,-122.70379764,4
2014,2014-07-02,1141,7,2,11,3,N,A,N,A,H,A,D,22,W,03,C,,,,,C,Y,N,A,4,0,0,0,22350.0,3,38.47111397,-122.68040851,4
2014,2014-06-11,1610,6,2,16,3,N,A,Y,A,H,A,D,22,W,10,G,Y,,,,B,N,N,A,1,1,0,0,21950.0,2,38.48144996,-122.73568336,3
2014,2014-06-26,1229,6,2,12,4,N,A,N,A,H,A,A,07,S,03,C,,,,,C,N,M,A,1,0,0,0,22350.0,4,38.41154081,-122.7413976,4
2014,2014-07-07,1311,7,2,13,1,N,A,Y,A,H,A,A,01,W,03,C,,,,,C,Y,N,A,1,0,0,0,22350.0,2,38.40264009,-122.82052607,3
2014,2014-08-16,2238,8,2,22,6,N,A,N,A,H,D,D,22,N,01,E,,,,,I,Y,N,D,1,0,0,0,23152.0,1,38.53228467,-122.76536949,3
2014,2014-08-08,1005,8,2,10,5,Y,A,N,A,H,A,A,01,,09,D,,,,,C,Y,N,A,1,0,0,0,21802.0,2,38.31432997,-122.68511999,4
2014,2014-08-08,1505,8,2,15,5,Y,A,N,A,H,A,A,01,,09,D,,,,,C,Y,N,D,1,0,0,0,21801.0,2,38.50587998,-122.96148986,3
2014,2014-08-09,1735,8,2,17,6,N,A,Y,A,H,A,D,22,N,03,C,,,,,C,N,N,D,1,0,0,0,22350.0,2,38.26590501,-122.66278725,4
2014,2014-07-14,442,7,2,4,1,N,A,N,A,H,C,-,99,N,- ,C,,Y,,,G,N,M,D,1,0,1,0,,2,38.43315719,-122.70612392,2
2014,2014-07-12,1118,7,2,11,6,N,A,N,A,H,A,A,01,W,07,E,,,,,I,Y,N,D,1,0,0,0,21658.0,1,38.46714001,-122.75788468,3
2014,2014-07-31,1718,7,2,17,4,Y,A,N,A,H,A,A,01,,09,A,,,Y,,C,Y,N,A,1,0,0,1,21801.0,2,38.44506993,-122.68566992,4
2014,2014-07-30,1410,7,2,14,3,N,A,N,A,H,A,-,- ,W,18,D,,,,,E,N,N,D,1,0,0,0,,2,38.44167427,-122.73172936,4
2014,2014-07-26,1849,7,2,18,6,N,A,N,A,H,A,A,01,S,03,C,,,,,C,Y,N,D,4,0,0,0,22350.0,3,38.42994125,-122.69712458,3
2014,2014-07-31,1117,7,2,11,4,Y,A,N,A,H,A,L,04,,05,D,,Y,,,G,N,N,A,1,0,1,0,21650.0,2,38.45027991,-122.72648992,4
2014,2014-07-04,2104,7,2,21,5,Y,A,N,A,H,C,A,07,,09,D,,,,,C,Y,N,A,1,0,0,0,21801.0,2,38.47247997,-122.73072,4
2014,2014-08-15,1310,8,2,13,5,N,A,Y,A,H,A,G,24,E,03,C,,,,Y,C,Y,N,A,1,0,0,0,22350.0,2,38.23375997,-122.6038133,4
2014,2014-08-11,1525,8,2,15,1,N,A,N,A,H,A,D,22,N,09,D,,,,,C,Y,N,D,2,0,0,0,21804.0,2,38.38823651,-122.68994795,4
2014,2014-08-16,915,8,2,9,6,N,A,N,A,H,A,D,22,E,08,E,,,,,I,Y,N,D,1,0,0,0,22107.0,1,38.48977207,-122.80311048,3
2014,2014-08-13,1445,8,2,14,3,N,A,N,A,H,A,A,01,N,05,D,,,,,C,Y,N,D,1,0,0,0,21460.0,2,38.33629225,-122.84485754,3
2014,2014-08-23,125,8,2,1,6,N,B,N,A,H,D,A,01,S,01,E,,,,,I,Y,N,D,1,0,0,0,23152.0,1,38.80609374,-122.99102787,3
2014,2014-08-14,1540,8,2,15,4,N,A,N,A,H,A,A,08,N,03,B,,Y,,,G,N,F,D,1,0,1,0,22350.0,2,38.40065562,-122.57421208,2
2014,2014-08-17,1515,8,2,15,7,N,A,Y,A,H,A,A,01,N,01,C,,,,,C,Y,N,D,2,0,0,0,23152.0,3,38.28573833,-122.68789672,3
2014,2014-08-10,1135,8,2,11,7,N,A,N,A,H,A,A,01,W,03,C,,,,,C,Y,N,D,2,0,0,0,22350.0,2,38.48316,-122.82617845,4
2014,2014-08-05,125,8,2,1,2,N,C,N,B,H,D,-,- ,N,05,A,,,,,C,Y,N,D,3,0,0,0,21460.0,2,,,4
2014,2014-08-13,558,8,2,5,3,N,B,N,A,H,B,A,01,E,08,F,,,,,A,Y,N,D,1,0,0,0,22107.0,1,38.2951611,-122.65581816,4
2014,2014-08-12,1825,8,2,18,2,N,A,Y,A,H,A,A,01,E,08,E,,,,,I,Y,N,D,1,0,0,0,22107.0,1,38.42338856,-122.55518786,3
2014,2014-08-23,100,8,2,1,6,N,A,N,A,H,A,A,07,W,01,E,,,,,I,Y,N,D,1,0,0,0,23152.0,1,38.48896634,-122.86599357,4
2014,2014-08-15,615,8,2,6,5,N,B,Y,A,H,B,-,- ,S,18,E,,,,,I,Y,N,D,2,0,0,0,,1,38.82795514,-123.01428346,4
2014,2014-08-19,814,8,2,8,2,Y,B,N,A,H,A,A,01,,09,D,,,,,C,Y,N,A,3,0,0,0,21801.0,2,38.25659998,-122.61918993,3
2014,2014-08-19,1020,8,2,10,2,Y,A,Y,A,H,A,A,01,,09,D,,,,,C,Y,N,A,2,0,0,0,21802.0,2,38.23416855,-122.59884308,3
2014,2014-08-14,1407,8,2,14,4,N,A,N,A,H,A,A,01,W,10,G,Y,,,,B,N,N,A,1,1,0,0,21950.0,2,38.23617,-122.639678,3
2014,2014-08-18,857,8,2,8,1,Y,A,N,A,H,A,-,,,09,D,,,,,C,N,N,A,1,0,0,0,21804.0,2,38.2689899,-122.67061988,4
2014,2014-08-14,810,8,2,8,4,N,B,N,A,H,A,D,22,N,03,C,,,,,C,Y,N,D,1,0,0,0,22350.0,4,38.27533302,-122.49041503,4
2014,2014-08-18,1105,8,2,11,1,N,B,Y,A,H,A,A,01,N,07,C,,,,,C,Y,N,D,1,0,0,0,21658.0,2,38.41004618,-122.7161749,4
2014,2014-08-18,1730,8,2,17,1,N,A,Y,A,D,A,D,22,N,03,C,,,,,C,N,N,D,2,0,0,0,22350.0,2,38.19092479,-122.60078167,4
2014,2014-08-12,725,8,2,7,2,N,B,N,B,H,B,D,22,W,03,E,,,,,I,Y,N,D,1,0,0,0,22350.0,1,38.39586318,-122.86793053,3
2014,2014-08-23,1440,8,2,14,6,N,A,N,A,H,A,C,02,N,03,B,,,Y,,C,Y,N,A,1,0,0,1,22350.0,2,38.24530401,-122.77060383,3
2014,2014-08-16,1920,8,2,19,6,N,A,N,A,H,A,A,01,W,09,D,,,,,C,Y,N,D,1,0,0,0,21804.0,2,38.49640385,-122.7607747,4
2014,2014-08-10,816,8,2,8,7,N,B,Y,A,H,A,A,07,N,01,F,,,,,A,Y,N,D,1,0,0,0,23152.0,1,38.43116628,-122.71503213,3
2014,2014-08-06,1723,8,2,17,3,N,A,Y,A,H,A,A,07,W,03,C,,,,,C,Y,N,D,2,0,0,0,22350.0,5,38.15577431,-122.41248196,4
2014,2014-08-12,1505,8,2,15,2,N,A,N,A,-,A,A,01,W,04,C,,,,,C,Y,N,D,3,0,0,0,21703.0,2,38.49796743,-122.7460664,4
2014,2014-08-08,1604,8,2,16,5,N,A,Y,A,D,A,A,01,S,03,C,,,,,C,Y,N,A,1,0,0,0,22350.0,3,38.51063191,-122.77501684,4
2014,2014-08-08,1555,8,2,15,5,N,A,Y,A,H,A,A,07,W,03,C,,,,,C,Y,N,D,1,0,0,0,22350.0,2,38.43233507,-122.73195113,4
2014,2014-08-09,1945,8,2,19,6,N,A,N,A,H,B,A,01,S,08,F,,,,,I,Y,N,D,1,0,0,0,22107.0,1,38.37911949,-122.76371838,3
2014,2014-08-10,1505,8,2,15,7,N,A,N,A,H,A,A,01,N,01,C,,,,,C,N,N,D,1,0,0,0,23152.0,2,38.29023394,-122.66647982,3
2014,2014-08-11,1420,8,2,14,1,N,A,Y,A,H,A,A,07,W,03,C,,,,,C,Y,N,A,2,0,0,0,22350.0,2,38.49649879,-122.75651731,3
2014,2014-08-10,1814,8,2,18,7,N,A,N,A,H,A,A,08,N,08,E,,,,,I,Y,N,D,2,0,0,0,22107.0,1,38.65280225,-122.91974059,3
2014,2014-06-30,1216,6,2,12,1,Y,A,N,A,H,A,A,01,,12,D,,,,,C,Y,N,A,1,0,0,0,21453.0,2,38.44212991,-122.70613997,4
2014,2014-06-10,1736,6,2,17,2,N,A,Y,A,H,A,-,,N,03,C,,,,,C,N,N,A,1,0,0,0,22350.0,2,38.40340578,-122.8250217,4
2014,2014-06-20,1528,6,2,15,5,N,A,N,A,H,A,A,01,S,08,E,,,,,I,Y,N,A,1,0,0,0,22107.0,1,38.47192629,-122.67691984,4
2014,2014-06-27,1915,6,2,19,5,N,A,N,A,H,A,A,01,S,08,D,,,,,C,Y,N,A,2,0,0,0,22107.0,2,38.46,-122.72677,3
2014,2014-06-28,2143,6,2,21,6,Y,A,N,A,H,C,A,01,,12,A,,,,,C,N,N,A,1,0,0,0,21453.0,2,38.47597994,-122.73293987,4
2014,2014-06-13,2222,6,2,22,5,N,A,N,A,H,C,A,01,S,10,G,Y,,,,B,N,N,D,1,1,0,0,21950.0,2,38.43217466,-122.69839722,4
2014,2014-06-07,46,6,2,0,6,N,A,N,A,H,C,A,07,E,01,E,,,,,I,Y,N,A,3,0,0,0,23152.0,1,38.40183,-122.71852,2
2014,2014-06-21,1715,6,2,17,6,N,A,N,A,H,A,A,07,W,- ,E,,Y,,,J,N,N,D,1,0,1,0,,2,,,4
2014,2014-05-18,2016,5,1,20,7,N,A,N,A,H,A,A,01,S,08,E,,,,,I,Y,N,D,1,0,0,0,22107.0,1,38.42612797,-122.6668977,4
2014,2014-08-13,1739,8,2,17,3,N,A,N,A,H,A,A,07,W,03,C,,,,,C,Y,N,D,2,0,0,0,22350.0,2,38.29270065,-122.46574692,4
2014,2014-07-17,1555,7,2,15,4,N,A,N,A,H,A,A,01,W,08,D,,,,,C,Y,N,D,1,0,0,0,22107.0,2,38.41440369,-122.71976666,4
2014,2014-07-21,1454,7,2,14,1,Y,A,N,A,H,A,A,01,,12,G,Y,,,,B,N,N,A,1,1,0,0,21453.0,2,38.44542,-122.73942989,4
2014,2014-07-25,1318,7,2,13,5,Y,A,Y,A,H,A,A,01,,09,A,,,,,C,Y,N,D,2,0,0,0,21801.0,2,38.46148972,-122.67030059,3
2014,2014-07-24,1522,7,2,15,4,Y,A,N,A,H,A,A,01,,12,D,,,,,C,Y,N,A,2,0,0,0,22450.0,3,38.47970998,-122.74711993,3
2014,2014-07-14,1722,7,2,17,1,N,A,N,A,H,A,A,01,N,03,C,,,,,C,Y,M,A,1,0,0,0,22350.0,3,,,4
2014,2014-07-12,1403,7,2,14,6,N,A,N,A,H,A,A,01,S,10,G,Y,,,,B,N,M,D,1,1,0,0,21952.0,2,38.46629795,-122.75125,4
2014,2014-07-11,4,7,2,0,5,Y,A,Y,A,H,C,-,- ,,00,D,,,,,C,Y,N,A,3,0,0,0,,2,38.42747798,-122.76916812,4
2014,2014-07-16,1633,7,2,16,3,N,A,Y,A,H,A,A,08,W,03,C,,,,,C,Y,N,A,2,0,0,0,22350.0,5,38.45827091,-122.63471585,4
2014,2014-07-18,1736,7,2,17,5,Y,A,N,A,H,A,A,01,,09,D,,,,,C,Y,N,D,1,0,0,0,21804.0,2,38.46082997,-122.71827996,4
2014,2014-07-24,2026,7,2,20,4,Y,A,N,A,H,B,A,07,,08,E,,,,,I,Y,N,D,1,0,0,0,22107.0,1,38.47209998,-122.65423996,3
2014,2014-07-07,1455,7,2,14,1,Y,A,N,A,H,A,A,01,,12,D,,,,,C,Y,N,A,1,0,0,0,21453.0,2,38.29332991,-122.45406997,4
2014,2014-07-09,1028,7,2,10,3,N,A,N,A,H,A,A,01,N,09,D,,Y,,,G,N,N,A,1,0,1,0,21801.0,2,38.4230946,-122.70774661,3
2014,2014-07-09,1403,7,2,14,3,N,A,N,A,H,A,A,07,E,03,C,,,,,E,Y,N,D,1,0,0,0,22350.0,2,38.43933853,-122.65853327,4
2014,2014-07-09,1039,7,2,10,3,N,A,N,A,H,A,A,07,E,08,B,,,Y,,C,N,N,A,1,0,0,1,22107.0,2,38.43661032,-122.72005443,3
2014,2014-07-12,1209,7,2,12,6,Y,A,N,A,H,A,A,01,,09,D,,,Y,,C,Y,N,A,1,0,0,1,21801.0,2,38.42489989,-122.67419999,3
2014,2014-07-07,1922,7,2,19,1,Y,A,N,A,H,A,A,01,,08,A,,,,,C,Y,N,D,3,0,0,0,22107.0,3,38.40182999,-122.71851996,4
2014,2014-07-08,2014,7,2,20,2,Y,A,N,A,H,B,A,01,,12,D,,,,,C,Y,N,A,4,0,0,0,21453.0,3,38.43324995,-122.69900992,3
2014,2014-07-22,1413,7,2,14,2,N,A,N,A,H,A,A,01,N,03,C,,,,,C,N,N,A,3,0,0,0,22350.0,3,38.42125241,-122.71355,4
2014,2014-07-03,1704,7,2,17,4,N,A,N,A,H,A,A,01,E,03,C,,,,,C,Y,N,A,2,0,0,0,22350.0,3,38.41434162,-122.72225036,4
2014,2014-07-11,1752,7,2,17,5,N,A,N,A,H,A,A,01,E,10,G,Y,,,,B,N,N,A,1,1,0,0,21950.0,2,38.44478509,-122.68670791,2
2014,2014-07-01,1607,7,2,16,2,N,A,Y,A,H,A,A,01,N,03,A,,,,,C,Y,N,D,2,0,0,0,22350.0,2,38.46371998,-122.64690433,4
2014,2014-07-07,1052,7,2,10,1,N,B,Y,A,H,A,-,- ,S,18,C,,,,,C,Y,N,D,2,0,0,0,,3,38.4298955,-122.74526164,4
2014,2014-07-14,1749,7,2,17,1,N,A,N,A,H,A,C,02,N,01,H,,,Y,,A,N,N,D,1,0,0,1,23152.0,1,38.40214702,-122.71674015,3
2014,2014-07-03,1103,7,2,11,4,N,A,N,A,H,A,A,01,S,03,C,,,,,C,Y,N,A,1,0,0,0,22350.0,2,38.41509266,-122.71354932,4
2014,2014-07-03,1631,7,2,16,4,Y,A,N,A,H,A,A,01,,12,A,,,,,C,Y,N,A,3,0,0,0,21453.0,2,38.45336997,-122.71743998,4
2014,2014-07-07,1118,7,2,11,1,N,A,N,A,H,A,L,04,N,05,D,,Y,,,G,N,N,A,1,0,1,0,21650.0,2,38.44574647,-122.72040918,3
2014,2014-08-01,952,8,2,9,5,Y,A,N,A,H,A,N,60,,11,G,Y,,,,B,N,M,A,1,1,0,0,21456.0,2,38.44037996,-122.70282987,3
2014,2014-08-04,1404,8,2,14,1,N,A,N,A,H,A,A,01,S,08,C,,,,,C,Y,N,D,1,0,0,0,22107.0,4,38.47723803,-122.74707746,4
2014,2014-08-04,1359,8,2,13,1,Y,A,N,A,H,A,A,01,,09,D,,,,,C,Y,N,A,1,0,0,0,21802.0,2,38.45059998,-122.71451991,4
2014,2014-08-06,220,8,2,2,3,N,C,N,B,H,C,A,01,E,03,E,,,,,I,Y,N,D,1,0,0,0,22350.0,1,38.47236372,-122.69418912,4
2014,2014-08-06,1304,8,2,13,3,N,A,Y,A,H,A,A,01,E,03,C,,,,,C,Y,N,A,2,0,0,0,22350.0,3,38.46437761,-122.66289565,4
2014,2014-08-07,1119,8,2,11,4,N,A,N,A,H,A,A,07,S,03,C,,,,,C,Y,N,D,3,0,0,0,22350.0,2,38.40481717,-122.71641979,4
2014,2014-08-12,1848,8,2,18,2,N,A,N,A,H,A,A,01,W,01,B,,,,,E,Y,N,D,1,0,0,0,23152.0,2,38.44649394,-122.68050711,4
2014,2014-08-14,1634,8,2,16,4,N,A,N,A,H,A,A,01,S,03,C,,,,,C,Y,N,D,2,0,0,0,22350.0,2,38.44142738,-122.68722724,4
2014,2014-08-16,1030,8,2,10,6,N,A,Y,A,H,A,A,01,E,03,F,,,,,-,Y,N,D,5,0,0,0,22350.0,1,38.15512252,-122.41920583,3
2014,2014-08-16,355,8,2,3,6,N,A,N,A,H,D,A,01,N,01,E,,,,,I,Y,N,D,1,0,0,0,23152.0,1,38.25011796,-122.44066089,3
2014,2014-08-10,1455,8,2,14,7,N,A,N,A,H,A,A,01,S,03,B,,,,,E,Y,N,D,1,0,0,0,22350.0,2,38.3611052,-122.52567235,4
2014,2014-08-06,2340,8,2,23,3,N,B,N,A,H,C,A,07,N,01,C,,,,,E,N,N,D,1,0,0,0,23152.0,2,38.32743364,-122.69325706,2
2014,2014-08-06,1934,8,2,19,3,Y,A,N,A,H,A,A,01,,01,D,,,,,C,Y,N,D,1,0,0,0,23152.0,2,38.34257992,-122.69477996,4
2014,2014-08-14,1545,8,2,15,4,N,A,N,A,H,A,N,60,S,11,G,Y,,,,B,N,N,A,1,1,0,0,21954.0,2,38.39336362,-122.83600501,2
2014,2014-04-21,245,4,1,2,1,N,A,N,A,H,D,A,01,N,08,E,,,,,I,Y,N,D,1,0,0,0,22107.0,1,38.39216001,-122.69229133,1
2014,2014-05-24,1755,5,1,17,6,N,A,N,A,H,A,C,02,S,01,E,,,Y,,I,Y,N,D,0,0,0,0,23152.0,1,38.58072,-122.87912,1
2014,2014-05-06,1950,5,1,19,2,N,A,N,A,H,A,A,01,S,03,F,,,,,I,Y,N,D,2,0,0,0,22350.0,1,38.38190189,-122.76877694,1
2014,2014-05-03,1756,5,1,17,6,N,A,N,A,H,A,A,01,E,01,E,,,,,I,Y,N,D,1,0,0,0,23152.0,1,38.58218819,-122.67550431,1
2014,2014-05-03,1635,5,1,16,6,Y,A,N,A,H,A,C,02,,08,F,,,Y,,A,Y,N,D,1,0,0,1,22107.0,1,38.64989999,-122.86908992,3
2014,2014-06-13,1850,6,2,18,5,N,A,N,A,H,A,D,22,W,01,B,,,,,C,Y,N,D,2,0,0,0,23152.0,3,38.50460163,-122.94105844,1
2014,2014-07-12,345,7,2,3,6,N,A,N,A,H,D,N,60,N,11,G,Y,,,,B,N,F,D,0,0,0,0,21956.0,2,38.38522628,-122.68790056,1
2014,2014-06-07,2207,6,2,22,6,N,A,Y,A,H,C,A,01,E,01,A,,,,,C,Y,N,D,2,0,0,0,23153.0,2,38.23418342,-122.59867752,1
2014,2014-06-16,1915,6,2,19,1,Y,A,N,A,H,A,C,02,,01,A,,,Y,,C,Y,N,D,0,0,0,0,23152.0,2,38.49571999,-122.89929993,1
2014,2014-06-25,1514,6,2,15,3,N,A,Y,A,H,A,C,02,S,03,F,,,Y,,A,Y,N,D,0,0,0,0,22350.0,3,38.46857597,-122.72863935,1
2014,2014-06-29,400,6,2,4,7,N,A,Y,A,H,D,A,01,N,03,E,,,,,I,Y,N,D,0,0,0,0,22350.0,1,38.70100446,-123.4378844,1
2014,2014-09-05,1626,9,3,16,5,N,A,N,A,H,A,D,23,E,01,C,,,,,C,Y,F,A,2,0,0,0,23153.0,3,38.34925275,-122.72855869,3
2014,2014-08-17,1320,8,2,13,7,Y,A,N,A,H,A,A,01,,09,D,,,Y,,C,Y,N,D,1,0,0,1,21801.0,2,38.41998997,-122.87475,3
2014,2014-08-19,2120,8,2,21,2,Y,A,Y,A,H,E,-,- ,,12,D,,,,,C,Y,N,A,2,0,0,0,21453.0,2,38.37092613,-122.71345899,4
2014,2014-08-16,145,8,2,1,6,N,A,Y,A,H,D,C,02,E,03,F,,,Y,,A,Y,N,D,1,0,0,1,22350.0,1,38.7042828,-122.86978542,3
2014,2014-08-18,1134,8,2,11,1,N,A,Y,A,H,A,A,07,N,04,C,,,,,C,N,N,D,1,0,0,0,21703.0,2,38.24853938,-122.63077174,4
2014,2014-09-02,1520,9,3,15,2,N,A,Y,A,H,A,D,22,E,03,C,,,,,C,Y,N,D,1,0,0,0,22350.0,3,38.34366641,-122.49763285,4
2014,2014-08-23,357,8,2,3,6,N,A,N,A,H,C,A,01,N,08,E,,,,,I,Y,N,A,1,0,0,0,22107.0,1,38.31914877,-122.48178007,3
2014,2014-08-25,1440,8,2,14,1,N,A,Y,A,H,A,A,01,W,03,C,,,,,C,N,N,A,1,0,0,0,22350.0,2,38.32098898,-122.48675336,3
2014,2014-08-12,1140,8,2,11,2,N,A,Y,A,H,A,L,04,W,- ,D,,Y,,,G,N,N,A,1,0,1,0,,2,38.29330705,-122.47197957,3
2014,2014-08-09,1446,8,2,14,6,Y,A,N,A,H,A,-,- ,,03,D,,,,,D,Y,N,A,1,0,0,0,22350.0,2,38.54981992,-122.80741988,4
2014,2014-08-21,1520,8,2,15,4,Y,A,N,A,H,A,N,60,,10,G,Y,,,,B,N,N,A,1,1,0,0,21950.0,2,38.23697997,-122.63720992,4
2014,2014-08-19,1722,8,2,17,2,Y,A,N,A,H,A,N,60,,10,G,Y,,,,B,N,N,A,1,1,0,0,21950.0,2,38.25261991,-122.62276992,3
2014,2014-08-19,1620,8,2,16,2,N,A,N,A,H,A,A,01,W,08,E,,,,,I,Y,N,D,1,0,0,0,22107.0,1,38.26155997,-122.62049668,3
2014,2014-08-30,2128,8,2,21,6,Y,A,N,A,H,C,D,22,,10,G,Y,,,,B,N,N,A,1,1,0,0,21950.0,2,38.3343099,-122.68802998,2
2014,2014-08-30,2020,8,2,20,6,Y,A,N,A,H,C,A,01,,12,D,,,,,C,N,N,A,1,0,0,0,21453.0,2,38.36726994,-122.68582988,4
2014,2014-07-19,1640,7,2,16,6,Y,A,N,A,H,A,A,01,,02,C,,,,,C,N,N,A,1,0,0,0,22400.0,2,38.45253991,-122.80679994,4
2014,2014-07-28,1505,7,2,15,1,N,A,N,A,H,A,A,01,E,03,C,,,,,C,Y,N,D,1,0,0,0,22350.0,2,38.42335262,-122.78438303,3
2014,2014-08-12,1307,8,2,13,2,N,B,N,A,H,A,A,07,E,08,E,,,,,I,N,N,D,1,0,0,0,22107.0,1,38.33910789,-122.70125489,4
2014,2014-08-21,1317,8,2,13,4,Y,A,N,A,H,A,C,02,,06,B,,,Y,,C,N,N,D,1,0,0,1,21751.0,2,38.34677992,-122.69641991,3
2014,2014-08-25,1616,8,2,16,1,Y,A,N,A,H,A,A,01,,12,D,,,,,C,Y,N,A,3,0,0,0,21453.0,2,38.2689899,-122.67061988,4
2014,2014-08-08,1402,8,2,14,5,Y,A,N,A,H,A,A,01,,09,D,,,Y,,C,Y,N,D,3,0,0,1,21804.0,2,38.44867997,-122.76962999,2
2014,2014-08-17,1250,8,2,12,7,N,A,Y,A,H,A,A,07,N,03,C,,,,,C,Y,M,D,1,0,0,0,22350.0,4,38.27990318,-122.68032494,4
2014,2014-07-26,1915,7,2,19,6,N,A,Y,A,H,A,A,01,S,03,C,,,,,C,Y,M,D,1,0,0,0,22350.0,4,38.23062833,-122.61644327,4
2014,2014-07-30,625,7,2,6,3,N,B,N,A,E,B,A,01,S,13,E,,,,,J,N,N,D,1,0,0,0,22515.0,2,,,3
2014,2014-08-18,1725,8,2,17,1,N,A,Y,A,H,A,A,01,N,04,C,,,,,C,Y,M,D,3,0,0,0,21703.0,3,38.50783354,-122.77113144,3
2014,2014-08-21,600,8,2,6,4,N,B,Y,A,H,A,C,02,W,08,F,,,Y,,A,N,N,D,1,0,0,1,22107.0,1,38.47572246,-123.01951089,2
2014,2014-08-19,1515,8,2,15,2,N,A,Y,A,H,A,A,01,N,03,C,,,,,C,Y,N,D,1,0,0,0,22350.0,2,38.40225622,-122.71597361,3
2014,2014-09-02,1831,9,3,18,2,N,A,N,A,H,A,A,01,W,21,C,,,,,C,Y,N,A,1,0,0,0,22106.0,2,38.24306966,-122.61524154,4
2014,2014-08-30,1420,8,2,14,6,N,A,N,A,H,A,A,01,N,01,E,,,,,I,Y,N,D,2,0,0,0,23152.0,2,38.49090074,-123.06264925,3
2014,2014-08-30,1035,8,2,10,6,N,A,Y,A,H,A,A,07,S,01,C,,,,,C,Y,N,A,1,0,0,0,23152.0,4,38.45759764,-122.72598697,4
2014,2014-08-04,956,8,2,9,1,N,A,Y,A,H,A,A,01,S,07,C,,,,Y,C,Y,N,D,1,0,0,0,21658.0,3,38.44320647,-122.72229968,4
2014,2014-08-19,1642,8,2,16,2,Y,A,N,A,H,A,-,- ,,00,F,,,,,A,Y,N,D,2,0,0,0,,1,38.81482,-123.02347,4
2014,2014-08-17,1109,8,2,11,7,N,A,N,A,H,A,A,01,W,- ,G,Y,,,,B,Y,N,D,1,1,0,0,,2,38.61322635,-122.87052827,4
2014,2014-09-03,2137,9,3,21,3,N,A,N,A,H,C,N,60,S,11,G,Y,,,,B,N,N,D,1,1,0,0,21954.0,2,38.30001781,-122.47130126,4
2014,2014-08-26,1904,8,2,19,2,N,A,N,A,H,A,-,,E,05,G,Y,,,,B,N,F,D,1,1,0,0,21650.0,2,38.78542486,-123.01685599,4
2014,2014-08-22,1430,8,2,14,5,N,A,Y,A,H,A,C,02,W,03,F,,,Y,,A,Y,N,D,1,0,0,1,22350.0,1,38.14692722,-122.45502887,3
2014,2014-08-11,1615,8,2,16,1,Y,A,N,-,H,A,A,01,,12,D,,,,,-,Y,N,A,2,0,0,0,21453.0,2,38.34852995,-122.70600992,4