ACCIDENT_YEAR,COLLISION_DATE,COLLISION_TIME,MONTH,SEASON,24HOURS,DAY_OF_WEEK,INTERSECTION,WEATHER_1,STATE_HWY_IND,ROAD_SURFACE,ROAD_COND_1,LIGHTING,STWD_VEHTYPE_AT_FAULT,CHP_VEHTYPE_AT_FAULT,DIRECTION,PCF_VIOL_CATEGORY,TYPE_OF_COLLISION,PEDESTRIAN_ACCIDENT,BICYCLE_ACCIDENT,MOTORCYCLE_ACCIDENT,TRUCK_ACCIDENT,MVIW,TOW_AWAY,HIT_AND_RUN,CONTROL_DEVICE,NUMBER_INJURED,COUNT_PED_INJURED,COUNT_BICYCLIST_INJURED,COUNT_MC_INJURED,PCF_VIOLATION,PARTY_COUNT,POINT_Y,POINT_X,COLLISION_SEVERITY
2015,2015-05-18,804,5,1,8,1,N,A,N,A,H,A,A,07,S,09,D,,,,,C,N,N,A,1,0,0,0,21804.0,2,38.34436506,-122.71213022,4
2015,2015-04-29,1200,4,1,12,3,Y,A,N,A,H,A,A,01,,08,E,,,,,I,Y,N,D,1,0,0,0,22107.0,1,38.34852992,-122.70960994,4
2015,2015-05-31,1030,5,1,10,7,N,A,Y,A,H,A,A,01,W,03,C,,,,,C,N,N,D,3,0,0,0,22350.0,2,38.12016428,-122.30923909,4
2015,2015-05-30,149,5,1,1,6,N,A,N,A,H,C,A,01,S,01,C,,,,,C,Y,N,D,1,0,0,0,23152.0,2,38.24192166,-122.62143885,3
2015,2015-06-06,935,6,2,9,6,N,A,N,A,H,A,D,22,E,03,C,,,,,C,N,N,A,1,0,0,0,22350.0,2,38.22758711,-122.6399173,4
2015,2015-06-06,1130,6,2,11,6,N,A,Y,A,H,A,D,22,E,08,D,,,Y,,C,Y,N,D,1,0,0,1,22107.0,2,38.27212557,-122.67020914,4
2015,2015-05-27,1400,5,1,14,3,Y,A,N,A,H,A,A,01,,03,C,,,,,C,N,N,D,1,0,0,0,22350.0,2,38.783219,-123.011569,4
2015,2015-06-10,1105,6,2,11,3,Y,B,N,B,H,A,A,08,,12,D,,,,,C,Y,N,A,3,0,0,0,21453.0,2,38.27435,-122.66701994,3
2015,2015-06-05,1217,6,2,12,5,Y,A,N,A,H,A,A,01,,09,D,,,,,C,Y,N,A,1,0,0,0,21801.0,2,38.24845991,-122.6245199,4
2015,2015-05-29,1611,5,1,16,5,N,A,N,A,A,A,C,02,N,03,F,,,Y,,-,Y,N,D,1,0,0,1,22350.0,1,38.23242862,-122.63244579,3
2015,2015-06-07,1522,6,2,15,7,N,A,N,A,H,A,D,22,E,03,C,,,,,C,Y,N,D,2,0,0,0,22350.0,2,38.49306,-122.89281524,3
2015,2015-05-27,1710,5,1,17,3,N,A,Y,A,H,A,D,22,S,03,C,,,,,C,Y,N,D,1,0,0,0,22350.0,2,38.46884183,-122.72875243,4
2015,2015-06-01,1435,6,2,14,1,N,A,N,A,H,A,-,,W,03,C,,,,,C,Y,N,D,1,0,0,0,22350.0,2,38.28848711,-122.64394492,3
2015,2015-06-04,750,6,2,7,4,N,A,Y,A,H,A,D,22,S,03,C,,,,,C,Y,N,D,1,0,0,0,22350.0,5,38.3835363,-122.71608655,3
2015,2015-06-07,905,6,2,9,7,N,A,Y,A,H,A,A,01,E,03,C,,,,,C,Y,N,D,1,0,0,0,22350.0,2,38.46136359,-122.8771739,4
2015,2015-06-07,1410,6,2,14,7,N,A,N,A,H,A,L,04,W,03,E,,Y,,,H,N,N,D,1,0,1,0,22350.0,1,38.40823976,-122.90214593,2
2015,2015-06-07,1550,6,2,15,7,N,A,Y,A,H,A,A,01,N,21,C,,,,,C,N,N,D,1,0,0,0,22106.0,2,38.27296273,-122.67129169,4
2015,2015-06-16,1510,6,2,15,2,N,A,Y,A,H,A,C,02,S,01,E,,,Y,,I,N,N,D,1,0,0,1,23152.0,1,38.47420018,-122.73081294,3
2015,2015-06-19,1700,6,2,17,5,N,A,Y,A,H,A,A,01,N,03,C,,,,,C,Y,N,D,1,0,0,0,22350.0,2,38.47720331,-122.73229778,3
2015,2015-06-22,645,6,2,6,1,N,A,N,A,H,A,C,02,,03,F,,,Y,,I,Y,N,A,1,0,0,1,22350.0,1,38.60353994,-122.88487995,4
2015,2015-06-17,1654,6,2,16,3,N,A,N,A,H,A,A,01,E,01,A,,,,,C,Y,N,D,1,0,0,0,23152.0,2,38.35883628,-122.91764877,4
2015,2015-06-06,1330,6,2,13,6,N,A,N,A,H,A,A,01,S,08,E,,,,,J,Y,N,D,2,0,0,0,22107.0,1,38.29213424,-122.66643462,3
2015,2015-06-05,1740,6,2,17,5,N,A,N,A,H,A,A,01,E,03,C,,,,,C,N,N,A,1,0,0,0,22350.0,2,38.49713945,-122.74803378,4
2015,2015-06-20,45,6,2,0,6,N,A,Y,A,H,C,A,01,N,01,F,,,,,I,Y,N,D,1,0,0,0,23152.0,1,38.4232865,-122.71522428,3
2015,2015-06-20,1903,6,2,19,6,N,A,Y,A,H,A,-,99,N,03,C,,,Y,,C,N,F,D,1,0,0,1,22350.0,2,38.47514113,-122.73142351,3
2015,2015-06-17,908,6,2,9,3,N,A,Y,A,H,A,A,01,S,07,E,,,,,I,Y,F,D,3,0,0,0,21658.0,2,38.48359494,-122.73834912,3
2015,2015-06-17,830,6,2,8,3,N,A,N,A,H,A,A,01,W,04,C,,,,,C,N,N,D,1,0,0,0,21703.0,2,,,4
2015,2015-06-04,705,6,2,7,4,N,A,N,A,H,A,L,04,E,08,C,,Y,,,G,N,N,D,1,0,1,0,22107.0,2,38.45256001,-122.7828115,3
2015,2015-06-05,818,6,2,8,5,N,A,Y,A,H,A,A,01,N,03,C,,,,,C,Y,N,A,3,0,0,0,22350.0,2,38.34871168,-122.71318464,4
2015,2015-06-04,735,6,2,7,4,N,A,N,A,H,A,A,07,S,08,E,,,,,I,Y,N,D,1,0,0,0,22107.0,1,38.21404985,-122.64198478,4
2015,2015-06-14,1422,6,2,14,7,N,A,N,A,H,A,A,07,N,01,F,,,,,A,Y,N,D,1,0,0,0,23152.0,1,38.55159,-122.65054,3
2015,2015-06-18,1904,6,2,19,4,N,A,Y,A,H,A,C,02,S,01,B,,,Y,,C,Y,N,A,1,0,0,1,23152.0,3,38.545058,-122.80672138,2
2015,2015-06-06,1650,6,2,16,6,N,A,N,A,H,A,A,01,W,09,D,,,,,C,Y,N,D,1,0,0,0,21801.0,2,38.262031,-122.786542,4
2015,2015-03-14,1618,3,1,16,6,N,B,N,A,H,A,A,01,S,03,C,,,,,C,Y,N,A,1,0,0,0,22350.0,4,38.42114803,-122.71354958,4
2015,2015-03-31,1315,3,1,13,2,Y,A,N,A,H,A,A,01,,09,D,,,,,C,Y,N,A,2,0,0,0,21802.0,2,38.47144996,-122.76059991,4
2015,2015-03-08,2124,3,1,21,7,N,A,N,A,H,E,A,01,N,10,G,Y,,,,B,Y,N,A,1,1,0,0,21950.0,2,38.42105909,-122.70608632,2
2015,2015-03-27,1857,3,1,18,5,Y,A,Y,A,H,A,A,07,,12,D,,,,,C,Y,N,A,2,0,0,0,21453.0,3,38.43394903,-122.69765039,2
2015,2015-06-09,758,6,2,7,2,N,A,N,A,H,A,A,01,S,03,C,,,,,C,Y,N,D,1,0,0,0,22350.0,3,38.27057233,-122.66170211,4
2015,2015-06-06,1331,6,2,13,6,Y,A,N,A,H,A,D,22,,09,B,,,,,C,Y,N,A,2,0,0,0,21800.0,2,38.23487994,-122.64388986,4
2015,2015-05-24,1120,5,1,11,7,N,A,N,A,H,A,D,22,W,05,D,,,,,C,Y,N,D,1,0,0,0,21460.0,2,,,4
2014,2014-05-27,1305,5,1,13,2,N,B,Y,A,H,A,D,22,N,03,C,,,,,C,N,N,D,1,0,0,0,22350.0,2,38.36488087,-122.71229489,4
2014,2014-05-27,1740,5,1,17,2,N,A,Y,A,H,A,A,01,N,03,C,,,,,C,Y,N,D,4,0,0,0,22350.0,4,38.50752859,-122.77108944,3
2015,2015-06-02,9,6,2,0,2,N,A,Y,A,H,D,D,22,E,03,C,,,,,C,Y,N,D,2,0,0,0,22350.0,2,38.15526349,-122.41775245,3
2015,2015-05-31,2215,5,1,22,7,N,B,Y,A,H,D,A,01,W,01,E,,,,,I,Y,N,D,2,0,0,0,23152.0,1,38.12770604,-122.48669616,4
2015,2015-06-01,845,6,2,8,1,N,B,N,B,H,A,A,01,S,05,A,,,,,C,Y,N,A,4,0,0,0,21460.0,3,38.38892091,-122.88851658,3
2015,2015-06-05,1923,6,2,19,5,N,A,N,A,H,A,A,01,N,08,D,,,,,C,Y,F,D,3,0,0,0,22107.0,3,38.23935237,-122.63307718,3
2015,2015-06-06,2145,6,2,21,6,Y,A,N,A,H,C,A,07,,09,D,,,,,C,Y,N,A,1,0,0,0,21453.0,2,38.23805995,-122.63600988,4
2015,2015-05-28,630,5,1,6,4,N,B,N,A,H,A,B,07,N,08,E,,,,,I,Y,N,D,1,0,0,0,22107.0,1,,,3
2015,2015-06-06,2027,6,2,20,6,N,A,N,A,H,D,A,01,S,01,A,,,,,C,Y,N,D,3,0,0,0,23152.0,2,38.28820297,-122.4913497,2
2015,2015-06-08,1221,6,2,12,1,N,A,N,A,H,A,A,01,W,03,C,,,,,C,N,N,D,1,0,0,0,22350.0,2,38.29335611,-122.47248203,4
2015,2015-05-28,1525,5,1,15,4,N,A,N,A,H,A,A,01,E,03,C,,,,,C,Y,N,A,4,0,0,0,22350.0,3,38.5647515,-122.82873423,4
2015,2015-05-23,333,5,1,3,6,N,A,Y,A,H,D,A,01,N,01,C,,,,,C,Y,N,D,1,0,0,0,23152.0,2,38.30350544,-122.70823447,3
2015,2015-05-29,1910,5,1,19,5,N,A,Y,A,D,A,A,01,S,03,C,,,,,C,N,F,D,3,0,0,0,22350.0,3,38.23087638,-122.61656561,4
2015,2015-05-28,1555,5,1,15,4,N,A,N,A,H,A,A,01,W,03,C,,,,,C,N,N,D,1,0,0,0,22350.0,2,38.4980505,-122.74586901,4
2015,2015-05-22,1815,5,1,18,5,N,A,N,A,H,A,A,01,N,05,B,,,,,C,Y,F,D,1,0,0,0,21460.0,2,38.42072988,-122.9526673,3
2015,2015-05-25,100,5,1,1,1,N,A,N,A,H,D,A,01,N,08,E,,,,,I,Y,N,D,1,0,0,0,22107.0,1,38.14006,-122.47631,4
2015,2015-05-27,1300,5,1,13,3,N,A,N,A,H,A,A,01,N,08,E,,,,,I,Y,N,D,3,0,0,0,22107.0,1,,,3
2015,2015-06-11,1730,6,2,17,4,N,A,N,A,H,A,L,04,S,05,D,,Y,,,G,N,N,D,1,0,1,0,21650.0,2,38.24615808,-122.64510231,4
2015,2015-06-04,1725,6,2,17,4,N,A,N,A,H,A,C,02,N,06,B,,,Y,,C,Y,N,D,1,0,0,1,21750.0,2,38.29959179,-122.67370182,2
2015,2015-06-04,520,6,2,5,4,N,A,Y,A,H,B,A,01,S,08,E,,,,,I,Y,N,D,1,0,0,0,22107.0,1,38.4430468,-122.72188286,3
2015,2015-06-01,1010,6,2,10,1,N,B,N,B,H,A,C,02,N,03,F,,,Y,,A,Y,N,D,1,0,0,1,22350.0,1,38.54153881,-122.64824317,2
2015,2015-06-02,1700,6,2,17,2,N,A,N,A,H,A,A,01,E,01,E,,,,,I,Y,N,D,1,0,0,0,23152.0,1,38.32890036,-122.65753094,3
2015,2015-06-04,900,6,2,9,4,N,A,N,A,H,A,A,01,E,08,E,,,,,I,Y,N,D,1,0,0,0,22107.0,1,38.36951631,-122.7317571,3
2015,2015-05-16,742,5,1,7,6,N,A,Y,A,D,A,A,01,S,08,E,,,,,I,Y,N,A,1,0,0,0,22107.0,1,38.21564098,-122.60287378,3
2015,2015-06-11,550,6,2,5,4,Y,A,N,A,H,B,O,05,,01,D,,,Y,,C,N,N,A,2,0,0,1,23152.0,2,38.33607997,-122.70516993,4
2015,2015-06-03,1135,6,2,11,3,N,A,N,A,H,A,A,08,W,08,E,,,,,I,Y,N,A,1,0,0,0,22107.0,1,38.261957,-122.399671,3
2015,2015-06-17,1709,6,2,17,3,N,A,N,A,H,A,C,02,N,03,C,,,Y,,C,Y,N,D,1,0,0,1,22350.0,2,38.25565103,-122.65262072,3
2015,2015-05-01,100,5,1,1,5,N,A,N,A,H,D,A,01,N,08,E,,,,,I,Y,N,D,2,0,0,0,22107.0,1,38.4758232,-122.8654829,2
2015,2015-05-07,1229,5,1,12,4,Y,B,N,A,H,A,A,01,,09,D,,,,,C,Y,N,A,1,0,0,0,21802.0,2,38.45628995,-122.70797992,4
2015,2015-06-01,825,6,2,8,1,N,B,Y,A,H,A,A,01,E,03,C,,,,,C,Y,N,D,1,0,0,0,22350.0,2,38.43151044,-122.70943283,4
2015,2015-06-06,1811,6,2,18,6,N,A,Y,A,H,A,C,02,W,03,C,,,Y,,C,N,N,D,1,0,0,1,22350.0,2,38.14518994,-122.45782973,3
2015,2015-06-03,1335,6,2,13,3,N,A,Y,A,H,A,A,01,S,08,B,,Y,,,G,N,N,D,1,0,1,0,22107.0,2,38.41804807,-122.84589876,3
2015,2015-06-02,1610,6,2,16,2,Y,A,N,A,H,A,A,01,,09,A,,,Y,,C,N,N,D,1,0,0,1,21801.0,2,38.51011993,-122.76488994,2
2015,2015-06-01,1135,6,2,11,1,N,B,N,B,H,A,A,01,S,08,E,,,,,I,Y,N,D,1,0,0,0,22107.0,1,38.28251074,-122.68556362,4
2015,2015-06-12,1255,6,2,12,5,N,A,N,A,H,A,A,01,W,03,C,,,,,C,N,N,D,1,0,0,0,22350.0,2,38.24277573,-122.63183339,4
2015,2015-06-01,1245,6,2,12,1,N,B,N,B,H,A,A,01,N,05,A,,,,,C,Y,N,D,2,0,0,0,21460.0,2,38.41470774,-122.92439261,3
2015,2015-06-08,2005,6,2,20,1,N,A,N,A,H,A,A,01,S,01,E,,,,,I,Y,N,D,1,0,0,0,23152.0,1,38.58629144,-122.8425446,3
2015,2015-06-03,2155,6,2,21,3,N,A,Y,A,H,C,A,01,W,01,E,,,,,I,Y,N,D,1,0,0,0,23152.0,1,38.43161767,-122.70834597,3
2015,2015-06-08,1627,6,2,16,1,Y,A,N,A,H,A,A,08,,12,D,,,,,C,Y,N,A,2,0,0,0,21453.0,2,38.36714989,-122.68946997,3
2015,2015-06-02,1250,6,2,12,2,Y,A,N,A,H,A,N,60,,11,G,Y,,,,B,N,N,A,1,1,0,0,21954.0,2,38.28731,-122.46200989,3
2015,2015-06-05,1535,6,2,15,5,N,A,N,A,H,A,C,02,E,03,C,,,Y,,C,N,N,A,1,0,0,0,22350.0,2,38.43788813,-122.71739687,4
2015,2015-05-22,1603,5,1,16,5,Y,A,N,A,H,A,A,01,,08,D,,,,,C,Y,N,D,1,0,0,0,22100.0,2,38.45576997,-122.72640998,4
2015,2015-06-02,1632,6,2,16,2,Y,A,N,A,H,A,D,22,,09,A,,,,,C,Y,N,A,1,0,0,0,21801.0,2,38.44112998,-122.71011991,4
2015,2015-05-21,711,5,1,7,4,N,B,N,A,H,A,A,08,N,08,B,,,,,C,Y,N,D,1,0,0,0,22107.0,3,38.42649966,-122.72851648,4
2015,2015-06-02,803,6,2,8,2,Y,A,N,A,H,A,L,04,,05,D,,Y,,,G,N,N,D,1,0,1,0,21650.0,2,38.45038993,-122.73423998,3
2015,2015-05-29,806,5,1,8,5,Y,A,N,A,H,A,A,01,,12,D,,,,,C,Y,N,A,2,0,0,0,22450.0,2,38.44607996,-122.68200995,4
2015,2015-05-26,1700,5,1,17,2,Y,B,N,A,H,A,A,01,,09,A,,,,,C,Y,N,A,2,0,0,0,21801.0,2,38.45261989,-122.76444988,3
2015,2015-05-20,854,5,1,8,3,N,B,N,A,H,A,D,22,N,03,C,,,,,C,N,N,A,1,0,0,0,22350.0,2,38.42913475,-122.76943354,4
2015,2015-05-16,1116,5,1,11,6,N,A,N,A,H,A,A,01,W,08,B,,,,,C,Y,N,A,1,0,0,0,22107.0,2,38.44524,-122.75447479,4
2015,2015-05-14,1206,5,1,12,4,N,A,N,A,H,A,A,01,E,09,D,,,,,C,Y,N,D,2,0,0,0,21804.0,3,38.43136873,-122.66746098,4
2015,2015-05-14,1131,5,1,11,4,Y,A,N,A,H,A,A,01,,12,D,,,,,C,Y,N,A,4,0,0,0,21453.0,2,38.47112996,-122.68019996,3
2015,2015-04-17,1717,4,1,17,5,N,A,N,A,H,A,D,22,N,03,C,,,,,C,Y,N,D,2,0,0,0,22350.0,4,38.43026289,-122.76948993,4
2015,2015-05-27,2054,5,1,20,3,N,A,N,A,H,C,A,01,E,01,C,,,,,E,N,N,D,1,0,0,0,23152.0,2,38.46189595,-122.68149727,4
2015,2015-05-11,836,5,1,8,1,Y,A,N,A,H,A,D,22,,09,D,,,,,C,Y,N,A,1,0,0,0,21801.0,2,38.4453299,-122.75847986,4
2015,2015-05-03,1358,5,1,13,7,N,A,N,A,H,A,D,22,W,08,E,,,,,I,Y,N,D,1,0,0,0,22107.0,1,38.47563293,-122.67303637,3
2015,2015-05-07,1500,5,1,15,4,Y,A,N,A,H,A,A,01,,01,B,,,,,C,N,M,A,1,0,0,0,23152.0,2,38.45116997,-122.71208991,3
2015,2015-04-08,729,4,1,7,3,N,B,N,A,H,A,A,07,W,08,D,,,,Y,C,N,N,A,1,0,0,0,22107.0,2,38.40715018,-122.73936396,4
2015,2015-04-23,1540,4,1,15,4,N,A,N,A,H,A,A,01,W,03,C,,,,,C,N,N,D,2,0,0,0,22350.0,2,38.41423651,-122.72955181,4
2015,2015-04-22,1811,4,1,18,3,N,A,N,A,H,A,D,22,E,09,D,,,,,C,Y,N,D,1,0,0,0,21804.0,2,38.42694785,-122.74083841,4
2015,2015-05-02,2310,5,1,23,6,N,A,N,A,H,C,A,01,N,01,C,,,,,C,Y,N,A,3,0,0,0,23152.0,3,38.44539108,-122.7513,3
2015,2015-04-09,1506,4,1,15,4,N,A,N,A,H,A,D,23,E,00,B,,Y,,,G,N,M,D,1,0,1,0,21760.0,2,38.47866327,-122.66313488,4
2015,2015-04-19,2028,4,1,20,7,Y,A,N,A,H,B,L,04,,12,D,,Y,,,G,N,N,A,1,0,1,0,21453.0,2,38.41440998,-122.71946993,4
2015,2015-04-10,2112,4,1,21,5,N,A,N,A,H,C,D,22,S,01,A,,Y,,,G,N,M,A,1,0,1,0,23152.0,2,38.43488375,-122.70942653,3
2015,2015-04-14,1715,4,1,17,2,N,A,N,A,H,A,D,23,E,03,C,,,,,C,Y,N,A,6,0,0,0,22350.0,3,38.41424616,-122.72894095,4
2015,2015-03-27,2204,3,1,22,5,N,A,N,A,H,C,A,01,E,01,C,,,,,E,Y,M,D,1,0,0,0,23152.0,2,38.43457219,-122.74913918,3
2015,2015-04-19,2055,4,1,20,7,N,A,Y,A,H,D,D,22,E,03,C,,,,,C,Y,M,D,2,0,0,0,22350.0,3,38.42774323,-122.76905273,4
2015,2015-04-13,1045,4,1,10,1,Y,A,N,A,H,A,A,01,,12,D,,,,,C,Y,N,A,2,0,0,0,21453.0,2,38.43311996,-122.70437996,4
2015,2015-04-09,759,4,1,7,4,N,A,Y,A,H,A,A,01,S,03,C,,,,,D,Y,N,D,1,0,0,0,22350.0,2,38.4298955,-122.74526164,4
2015,2015-03-29,119,3,1,1,7,N,A,N,A,H,C,A,01,N,01,C,,,,,E,Y,N,A,2,0,0,0,23152.0,2,38.45046212,-122.6795586,3
2015,2015-04-08,723,4,1,7,3,N,A,N,A,H,A,A,01,W,03,C,,,,Y,E,Y,N,D,1,0,0,0,22350.0,2,38.47971791,-122.73872153,3
2015,2015-06-06,2046,6,2,20,6,N,A,N,-,H,C,-,- ,E,18,E,,,,,I,Y,N,D,1,0,0,0,,1,38.43782519,-122.76126792,2
2015,2015-06-08,956,6,2,9,1,N,A,N,A,H,A,C,02,E,03,C,,,Y,,C,Y,N,D,1,0,0,1,22350.0,2,38.43181837,-122.70641423,3
2015,2015-06-08,1534,6,2,15,1,N,A,Y,A,H,A,A,01,W,03,C,,,,,C,N,N,A,1,0,0,0,22350.0,2,38.42975998,-122.74482672,4
2015,2015-06-09,1327,6,2,13,2,Y,B,N,A,H,A,A,01,,12,D,,,,,C,Y,N,A,2,0,0,0,21453.0,2,38.44588991,-122.72662996,3
2015,2015-06-08,1331,6,2,13,1,Y,A,N,A,H,A,A,01,,00,G,Y,,,,B,N,F,A,1,1,0,0,23153.0,2,38.44038815,-122.71180272,4
2015,2015-06-06,1202,6,2,12,6,Y,A,N,A,H,A,A,01,,09,A,,,,,C,Y,N,A,1,0,0,0,21804.0,2,38.43392995,-122.74413993,3
2015,2015-06-08,1012,6,2,10,1,Y,A,N,A,H,A,A,01,,05,B,,,,,C,Y,N,A,1,0,0,0,21460.0,2,38.47201996,-122.73808997,4
2015,2015-06-06,1401,6,2,14,6,N,A,N,A,H,A,A,01,S,09,A,,,,,C,Y,N,D,2,0,0,0,21804.0,2,38.46742474,-122.72078773,4
2015,2015-06-19,1040,6,2,10,5,N,-,N,A,H,A,L,04,W,05,D,,Y,,,G,N,N,D,1,0,1,0,21650.0,2,38.23750955,-122.6365304,4
2015,2015-07-01,1739,7,2,17,3,N,A,Y,A,H,A,F,27,W,03,C,,,,Y,C,Y,N,D,4,0,0,0,22350.0,4,38.14059283,-122.46536867,4
2015,2015-07-06,1223,7,2,12,1,N,A,N,A,H,A,D,23,W,04,C,,,,,C,Y,N,D,1,0,0,0,21703.0,2,38.24491943,-122.64486363,4
2015,2015-07-02,1455,7,2,14,4,Y,A,N,A,H,A,A,01,,09,D,,,,,C,Y,N,A,1,0,0,0,21800.0,2,38.26733991,-122.66608992,4
2015,2015-07-04,1155,7,2,11,6,N,A,N,A,H,A,D,23,S,09,D,,,,,C,N,N,D,2,0,0,0,21804.0,2,38.25378395,-122.61416173,4
2015,2015-06-06,1720,6,2,17,6,N,A,N,A,H,A,A,07,W,09,A,,,,Y,C,Y,N,D,1,0,0,0,21801.0,4,38.42332366,-122.79004284,3
2015,2015-06-15,2140,6,2,21,1,N,A,Y,A,H,C,A,07,S,08,F,,,,,A,Y,N,D,2,0,0,0,22107.0,1,38.40385278,-122.71596446,3
2015,2015-06-09,1557,6,2,15,2,Y,A,N,A,H,A,A,01,,06,B,,,,,C,N,N,A,1,0,0,0,21750.0,2,38.61034999,-122.87053993,3
2015,2015-05-17,851,5,1,8,7,Y,B,N,A,H,A,A,01,,17,D,,Y,,,G,Y,N,A,1,0,1,0,21451.0,2,38.44588991,-122.72662996,3
2015,2015-05-02,1047,5,1,10,6,Y,A,N,A,H,A,A,08,,09,D,,,,,C,N,N,A,1,0,0,0,21804.0,2,38.41646997,-122.71110992,4
2015,2015-05-18,1750,5,1,17,1,N,A,Y,A,H,A,A,01,E,03,C,,,,,C,N,N,A,1,0,0,0,22350.0,2,38.46491198,-122.65164833,4
2015,2015-05-02,1510,5,1,15,6,N,A,N,A,H,A,-,,W,03,C,,,,,C,Y,N,D,1,0,0,0,22350.0,3,38.45818352,-122.67022429,4
2015,2015-05-05,1315,5,1,13,2,N,A,N,A,H,A,-,- ,E,18,C,,,,,E,Y,N,D,1,0,0,0,,2,38.44536,-122.70706043,4
2015,2015-05-01,921,5,1,9,5,Y,A,N,A,H,A,A,01,,09,A,,,,,C,Y,N,D,1,0,0,0,21801.0,2,38.41260999,-122.73801998,4
2015,2015-05-05,149,5,1,1,2,N,A,N,A,H,C,A,07,W,01,C,,,,,E,Y,N,D,1,0,0,0,23152.0,2,38.43359673,-122.73929105,4
2015,2015-05-06,218,5,1,2,3,Y,A,N,A,H,C,A,01,,01,A,,,,,I,Y,N,D,1,0,0,0,23152.0,1,38.42709,-122.6955,4
2015,2015-05-06,1259,5,1,12,3,Y,A,N,A,H,A,A,01,,12,D,,,,,C,Y,N,A,2,0,0,0,22450.0,2,38.4300399,-122.67487992,4
2015,2015-04-29,848,4,1,8,3,Y,A,N,A,H,A,N,60,,11,G,Y,,,,B,N,N,A,1,1,0,0,21456.0,2,38.44943996,-122.67925986,3
2015,2015-04-29,932,4,1,9,3,Y,A,N,A,H,A,A,01,,10,G,Y,,,,B,N,N,A,1,1,0,0,21950.0,2,38.4412299,-122.71239997,4
2015,2015-05-11,1505,5,1,15,1,Y,A,N,A,H,A,L,04,,09,D,,Y,,,G,N,N,D,1,0,1,0,21804.0,2,38.47518991,-122.66235989,4
2015,2015-05-16,201,5,1,2,6,N,A,N,A,H,C,A,01,N,01,E,,,,,I,Y,N,A,2,0,0,0,23152.0,1,38.40186871,-122.71795664,3
2015,2015-05-08,1138,5,1,11,5,N,A,N,A,H,A,A,01,N,21,B,,,,,C,N,N,D,1,0,0,0,22106.0,2,38.44127254,-122.71022521,4
2015,2015-05-14,1622,5,1,16,4,N,C,N,B,H,A,A,01,E,08,E,,,,,I,Y,N,D,2,0,0,0,22107.0,1,38.45295541,-122.74222377,3
2015,2015-04-08,607,4,1,6,3,N,A,N,A,C,C,A,01,E,08,E,,,,,I,Y,N,D,1,0,0,0,22107.0,1,38.45847771,-122.66967729,3
2015,2015-04-13,1655,4,1,16,1,N,A,N,A,H,A,A,01,E,09,D,,,,,C,N,N,A,1,0,0,0,21804.0,2,38.42698464,-122.7406702,4
2015,2015-04-04,1332,4,1,13,6,N,A,N,A,H,A,A,01,E,09,D,,Y,,,G,N,N,D,1,0,1,0,21804.0,2,38.45685071,-122.73562751,3
2015,2015-04-11,1435,4,1,14,6,Y,A,N,A,H,A,A,07,,09,A,,,,,C,Y,N,D,2,0,0,0,21802.0,2,38.41307998,-122.74098986,4
2015,2015-04-10,1616,4,1,16,5,N,A,N,A,H,A,A,07,W,03,C,,,,,C,Y,M,D,2,0,0,0,22350.0,2,38.43380452,-122.74254588,4
2015,2015-04-10,1139,4,1,11,5,N,A,N,A,H,A,-,99,E,08,C,,Y,,,G,N,F,D,1,0,1,0,22107.0,2,38.46033107,-122.72132156,4
2015,2015-04-15,1737,4,1,17,3,N,A,Y,A,H,A,A,01,S,09,D,,,,,C,N,N,A,2,0,0,0,21804.0,2,38.42975998,-122.74482672,4
2015,2015-04-17,1723,4,1,17,5,Y,A,N,A,H,A,A,01,,12,D,,,,,C,Y,N,A,1,0,0,0,21453.0,2,38.45983989,-122.72837987,3
2015,2015-04-17,1246,4,1,12,5,N,A,N,A,H,A,A,01,E,03,C,,,,,C,Y,N,D,2,0,0,0,22350.0,2,38.44764411,-122.70072086,4
2015,2015-04-22,722,4,1,7,3,Y,B,N,A,H,A,A,01,,09,A,,,,,C,Y,N,D,2,0,0,0,21801.0,2,38.40182,-122.71976999,3
2015,2015-04-21,2337,4,1,23,2,Y,A,Y,A,H,C,A,08,,17,D,,,,,C,Y,N,A,1,0,0,0,21451.0,2,38.44649979,-122.68802945,4
2015,2015-04-21,911,4,1,9,2,Y,B,N,A,H,A,A,01,,03,C,,,,,C,N,N,A,1,0,0,0,22350.0,2,38.41810999,-122.74017992,4
2015,2015-04-27,1328,4,1,13,1,N,A,N,A,H,A,A,01,N,03,C,,,,,C,N,N,D,3,0,0,0,22350.0,2,38.43930067,-122.68713667,4
2015,2015-04-22,1544,4,1,15,3,N,A,Y,A,H,A,A,01,E,10,G,Y,,,,B,N,N,A,1,1,0,0,21950.0,2,38.45909862,-122.67364557,4
2015,2015-04-23,1625,4,1,16,4,Y,A,N,A,H,A,A,01,,12,D,,Y,,,G,N,N,A,1,0,1,0,21453.0,2,,,4
2015,2015-04-28,1802,4,1,18,2,N,A,N,A,H,A,A,01,N,03,C,,,,,C,Y,N,A,2,0,0,0,22350.0,2,38.4161147,-122.73997656,3
2015,2015-04-29,1649,4,1,16,3,N,A,Y,A,H,A,A,07,E,04,C,,,Y,,C,Y,N,A,1,0,0,1,21703.0,2,38.45544439,-122.67973714,2
2015,2015-04-29,1411,4,1,14,3,Y,A,Y,A,H,A,A,01,,03,C,,,,,C,N,N,D,1,0,0,0,22350.0,2,38.46505698,-122.65784133,4
2015,2015-04-27,1455,4,1,14,1,Y,A,N,A,H,A,A,01,,09,D,,,,,C,Y,N,A,1,0,0,0,21801.0,2,38.41440998,-122.71946993,4
2015,2015-04-17,1747,4,1,17,5,N,A,N,A,H,A,A,07,E,03,C,,,,,C,Y,N,D,5,0,0,0,22350.0,3,38.45784661,-122.64844307,3