ACCIDENT_YEAR,COLLISION_DATE,COLLISION_TIME,MONTH,SEASON,24HOURS,DAY_OF_WEEK,INTERSECTION,WEATHER_1,STATE_HWY_IND,ROAD_SURFACE,ROAD_COND_1,LIGHTING,STWD_VEHTYPE_AT_FAULT,CHP_VEHTYPE_AT_FAULT,DIRECTION,PCF_VIOL_CATEGORY,TYPE_OF_COLLISION,PEDESTRIAN_ACCIDENT,BICYCLE_ACCIDENT,MOTORCYCLE_ACCIDENT,TRUCK_ACCIDENT,MVIW,TOW_AWAY,HIT_AND_RUN,CONTROL_DEVICE,NUMBER_INJURED,COUNT_PED_INJURED,COUNT_BICYCLIST_INJURED,COUNT_MC_INJURED,PCF_VIOLATION,PARTY_COUNT,POINT_Y,POINT_X,COLLISION_SEVERITY
2015,2015-12-15,1240,12,4,12,2,N,B,N,A,H,A,A,01,W,04,C,,,,,C,Y,N,A,1,0,0,0,21703.0,2,,,4
2015,2015-11-29,1146,11,3,11,7,N,A,Y,A,H,A,A,01,E,21,D,,,,,C,N,N,A,1,0,0,0,22106.0,2,38.38933407,-122.81534704,4
2016,2016-01-01,1648,1,4,16,5,N,A,N,A,H,A,A,01,S,08,E,,,,,I,Y,N,D,1,0,0,0,22107.0,1,38.25287706,-122.63245105,4
2016,2016-01-17,1454,1,4,14,7,Y,C,Y,B,H,A,A,07,,12,D,,,,,C,Y,N,A,2,0,0,0,21453.0,2,38.27119575,-122.66868596,4
2016,2016-01-09,2200,1,4,22,6,Y,C,Y,B,H,C,A,07,,03,C,,,,,-,N,N,A,1,0,0,0,22350.0,2,38.2362452,-122.61954915,4
2016,2016-01-05,226,1,4,2,2,N,C,N,B,H,C,L,04,S,15,C,,Y,Y,,G,N,N,D,1,0,1,0,21201.0,2,38.25194695,-122.63081062,4
2016,2016-01-08,1925,1,4,19,5,N,A,N,A,H,C,N,60,E,11,G,Y,,,,B,N,N,A,1,1,0,0,21954.0,2,38.25626775,-122.63833225,3
2016,2016-01-15,1257,1,4,12,5,N,A,Y,A,G,A,A,07,W,08,D,,,,,C,N,N,D,1,0,0,0,22102.0,2,38.27119575,-122.66868596,4
2015,2015-12-31,1813,12,4,18,4,Y,A,Y,A,H,C,C,02,,01,A,,,Y,,C,Y,N,A,3,0,0,1,23152.0,3,38.29462891,-122.4758007,2
2015,2015-12-29,1407,12,4,14,2,N,A,Y,A,H,A,-,,N,03,C,,,,,C,N,N,A,2,0,0,0,22350.0,2,38.40340578,-122.8250217,4
2016,2016-01-10,2033,1,4,20,7,Y,B,N,A,H,C,A,01,,01,D,,,,,C,Y,N,A,1,0,0,0,23153.0,2,38.26215995,-122.66032999,3
2016,2016-01-17,1733,1,4,17,7,Y,C,N,B,H,C,A,01,,03,E,,,,,I,Y,M,D,1,0,0,0,22350.0,1,38.53076,-122.78292987,3
2016,2016-01-23,1108,1,4,11,6,N,B,N,B,H,A,D,22,W,03,C,,,,,C,Y,N,A,1,0,0,0,22350.0,4,38.24513127,-122.6448158,4
2015,2015-12-09,1726,12,4,17,3,Y,B,N,B,H,C,L,04,,05,D,,Y,,,G,N,N,D,1,0,1,0,21650.0,2,38.24291993,-122.63169986,4
2016,2016-01-13,626,1,4,6,3,Y,C,N,B,H,E,N,60,,11,G,Y,,,,B,Y,N,A,1,1,0,0,21456.0,2,38.24659994,-122.64522985,2
2016,2016-01-19,1756,1,4,17,2,Y,B,N,A,H,C,A,01,,09,A,,,,,C,N,N,A,1,0,0,0,21801.0,2,38.23695994,-122.63399999,4
2016,2016-01-15,2139,1,4,21,5,N,C,N,B,H,C,A,01,S,03,E,,,,,I,Y,N,D,1,0,0,0,22350.0,1,38.25976834,-122.66038317,4
2016,2016-01-11,1758,1,4,17,1,N,B,N,B,H,C,A,01,S,12,D,,,,,C,Y,N,D,1,0,0,0,22450.0,2,38.32825798,-122.70787534,4
2016,2016-01-19,1000,1,4,10,2,N,C,Y,B,H,A,A,07,E,21,C,,,,,C,N,N,A,1,0,0,0,22106.0,2,38.2362452,-122.61954915,4
2016,2016-01-21,803,1,4,8,4,N,A,N,A,H,A,A,01,S,03,C,,,,,C,Y,N,D,1,0,0,0,22350.0,2,38.29835737,-122.4672526,3
2016,2016-01-24,1818,1,4,18,7,Y,A,N,A,E,D,A,07,,03,B,Y,,,,B,N,N,D,1,1,0,0,22350.0,2,38.54031993,-122.78669987,4
2016,2016-01-22,800,1,4,8,5,N,B,N,B,H,A,A,01,,12,C,,,,,A,Y,N,C,1,0,0,0,22454.0,3,38.53577993,-122.78863986,4
2016,2016-01-26,1316,1,4,13,2,N,B,N,A,H,A,A,01,N,09,D,,,,,C,N,N,A,1,0,0,0,21453.0,2,38.25100071,-122.6291341,4
2016,2016-01-27,1658,1,4,16,3,Y,A,Y,A,H,A,I,11,,03,C,,,,,C,Y,N,A,1,0,0,0,22350.0,3,38.33156897,-122.71506833,3
2016,2016-01-13,1154,1,4,11,3,N,B,N,B,H,A,-,,W,09,D,,,,,C,N,F,D,1,0,0,0,21801.0,2,38.24069361,-122.63375171,4
2016,2016-01-13,1131,1,4,11,3,N,B,N,A,D,A,A,07,E,03,C,,,,,C,N,N,A,3,0,0,0,22350.0,4,38.34849958,-122.7051842,4
2016,2016-01-22,1053,1,4,10,5,Y,A,N,B,H,A,F,26,,12,D,,,,Y,C,Y,N,A,2,0,0,0,21453.0,2,38.23805995,-122.63600988,3
2016,2016-01-23,1650,1,4,16,6,N,A,N,A,H,A,A,01,W,09,D,,,,,C,Y,N,D,1,0,0,0,21801.0,2,38.23784225,-122.63622231,4
2016,2016-01-28,1408,1,4,14,4,N,C,N,B,H,A,A,07,N,09,D,,,,,C,Y,N,D,3,0,0,0,21804.0,2,38.24788496,-122.62348726,4
2015,2015-12-24,1907,12,4,19,4,N,C,N,B,H,C,A,01,W,08,D,,,,,C,Y,M,A,1,0,0,0,22108.0,2,38.43061071,-122.72533286,4
2016,2016-02-27,1841,2,4,18,6,Y,A,N,A,H,B,D,22,,09,D,,,,,C,Y,N,A,1,0,0,0,21801.0,2,38.33965992,-122.69078994,4
2016,2016-03-01,1558,3,1,15,2,N,B,Y,A,H,A,D,22,W,09,D,,,,,C,Y,N,D,1,0,0,0,21804.0,2,38.33301541,-122.72648203,3
2016,2016-01-26,1953,1,4,19,2,Y,A,N,A,H,C,A,01,,12,D,,,,,C,Y,N,A,1,0,0,0,21453.0,2,38.23247994,-122.63692999,4
2016,2016-01-27,2300,1,4,23,3,N,A,N,A,H,A,A,01,E,03,C,,,,,C,N,F,A,1,0,0,0,22350.0,2,38.24214015,-122.63242597,4
2016,2016-01-30,2105,1,4,21,6,N,A,N,A,H,C,N,60,S,11,G,Y,,,,B,N,N,D,1,1,0,0,21950.0,2,38.29361011,-122.45862178,3
2016,2016-01-23,1606,1,4,16,6,N,B,N,A,H,B,-,,E,03,E,,,,,I,Y,N,A,1,0,0,0,22350.0,1,38.22748817,-122.61766577,4
2016,2016-01-19,858,1,4,8,2,N,C,N,B,H,A,D,22,S,10,G,Y,,,,B,N,N,A,1,1,0,0,21950.0,2,,,4
2016,2016-02-06,1453,2,4,14,6,N,A,N,A,H,A,A,01,,03,C,,,,,C,N,N,D,1,0,0,0,22350.0,2,38.24005994,-122.63431999,4
2016,2016-01-10,317,1,4,3,7,Y,A,N,B,H,C,A,01,,12,A,,,,,I,Y,N,A,1,0,0,0,21453.0,1,38.56294998,-122.82594999,3
2016,2016-02-06,1616,2,4,16,6,N,A,Y,A,H,A,D,22,S,03,C,,,,,C,Y,N,A,1,0,0,0,22350.0,2,38.40180911,-122.82273054,4
2016,2016-02-03,2143,2,4,21,3,N,A,N,A,H,C,A,01,W,22,B,,,,,E,Y,N,D,1,0,0,0,,2,38.28814112,-122.45652117,4
2016,2016-01-05,1720,1,4,17,2,Y,B,N,B,H,A,A,01,,08,D,,,,,C,Y,N,A,1,0,0,0,22107.0,3,38.34907994,-122.72119985,4
2016,2016-01-14,852,1,4,8,4,Y,B,Y,B,H,A,A,07,,12,-,,,,,C,Y,N,A,1,0,0,0,21453.0,2,38.37004315,-122.71299174,4
2016,2016-02-11,700,2,4,7,4,N,A,N,A,H,A,D,22,S,03,B,,,,,C,N,N,A,2,0,0,0,22350.0,2,,,4
2016,2016-01-13,903,1,4,9,3,N,B,Y,B,H,A,A,01,W,17,H,,Y,,,E,N,N,A,1,0,1,0,22517.0,2,38.40525897,-122.82909735,4
2016,2016-01-27,859,1,4,8,3,Y,B,Y,A,H,A,A,07,,08,B,,,,,C,Y,N,A,2,0,0,0,22107.0,3,38.40326448,-122.82320166,3
2016,2016-01-20,1313,1,4,13,3,N,A,N,A,H,A,A,01,S,01,G,Y,,,,B,Y,N,D,1,1,0,0,23152.0,3,38.44198827,-122.60536807,1
2016,2016-01-10,1017,1,4,10,7,Y,A,N,A,H,A,A,01,,09,D,,,,,C,Y,N,A,4,0,0,0,21802.0,2,38.47330989,-122.6756399,1
2016,2016-03-21,2041,3,1,20,1,N,B,N,B,H,C,N,60,E,11,G,Y,,,,B,Y,N,A,0,0,0,0,21950.0,2,38.46101965,-122.71717105,1
2016,2016-02-04,1953,2,4,19,4,N,A,Y,A,H,C,-,- ,E,18,E,Y,,,,J,Y,F,D,0,0,0,0,,2,38.46481998,-122.65274294,1
2016,2016-07-28,1528,7,2,15,4,N,A,N,A,H,-,A,01,S,03,C,Y,,,,E,Y,N,D,2,1,0,0,22350.0,5,38.26196327,-122.62868428,1
2016,2016-10-27,2247,10,3,22,4,N,C,Y,B,H,D,A,01,W,01,A,,,,,I,Y,N,D,0,0,0,0,23152.0,1,38.22720699,-122.57696527,1
2016,2016-02-03,931,2,4,9,3,Y,A,N,A,H,A,A,01,,12,D,,,,,C,Y,N,A,2,0,0,0,21453.0,2,38.34842991,-122.71689,2
2016,2016-01-15,1155,1,4,11,5,N,A,N,A,H,A,D,22,E,04,C,,,,,C,N,N,D,1,0,0,0,21703.0,2,38.36331583,-122.71054794,4
2016,2016-01-05,1803,1,4,18,2,N,B,N,B,H,B,A,07,N,03,C,,,,,C,N,N,A,1,0,0,0,22350.0,2,38.3661087,-122.71344304,4
2016,2016-01-29,1050,1,4,10,5,N,C,N,B,H,A,-,- ,S,00,B,,,,,C,N,N,D,1,0,0,0,,2,38.34798105,-122.70958265,4
2016,2016-01-06,1238,1,4,12,3,N,C,N,B,H,A,A,01,S,09,D,,,,,C,N,N,D,1,0,0,0,21804.0,2,38.34798105,-122.70958265,4
2016,2016-02-06,14,2,4,0,6,N,A,N,A,H,C,A,01,S,10,B,Y,,,,B,N,N,D,1,1,0,0,21950.0,2,38.23088385,-122.64068443,4
2016,2016-02-16,1637,2,4,16,2,N,A,N,A,H,A,A,01,E,08,B,,,,,E,Y,N,D,1,0,0,0,22107.0,2,38.24131743,-122.60932005,4
2016,2016-02-17,1429,2,4,14,3,N,B,N,B,H,A,A,01,N,03,C,,,,,C,N,N,A,1,0,0,0,22350.0,3,38.24700298,-122.64533889,4
2016,2016-02-17,1816,2,4,18,3,N,C,N,B,H,C,A,07,S,03,B,,,,,I,Y,N,D,1,0,0,0,22350.0,1,38.25204311,-122.63098038,3
2016,2016-02-17,851,2,4,8,3,N,A,N,A,H,A,L,04,W,09,D,,Y,,,G,N,N,B,1,0,1,0,21804.0,2,38.24002616,-122.6343498,3
2016,2016-02-14,1124,2,4,11,7,Y,A,Y,A,H,A,D,22,,09,D,,,,,C,Y,N,A,4,0,0,0,21802.0,2,38.33301541,-122.72648203,4
2016,2016-02-12,1622,2,4,16,5,N,A,N,A,H,A,A,01,W,08,C,,,,,C,N,N,A,2,0,0,0,22107.0,2,38.62625596,-122.87338638,4
2016,2016-01-19,1720,1,4,17,2,Y,A,Y,A,H,A,A,01,,12,D,,,,,C,Y,N,A,3,0,0,0,21453.0,2,38.3337691,-122.71270816,4
2016,2016-02-08,1737,2,4,17,1,Y,A,N,A,H,A,A,07,,08,D,,,Y,,C,Y,N,D,1,0,0,1,22107.0,2,38.56180994,-122.82227997,4
2016,2016-02-13,109,2,4,1,6,N,A,N,A,H,C,A,01,E,00,G,Y,,,,B,,F,D,2,2,0,0,20001.0,3,,,2
2016,2016-02-19,2043,2,4,20,5,N,A,N,A,H,C,A,01,E,03,C,,,,,C,N,N,-,1,0,0,0,22350.0,2,38.24923655,-122.625803,4
2016,2016-02-22,1442,2,4,14,1,Y,A,N,A,H,A,A,07,,04,C,,,,,C,N,N,A,1,0,0,0,21703.0,2,38.27561998,-122.66930989,4
2016,2016-02-25,2156,2,4,21,4,N,A,N,A,H,C,-,,S,21,G,Y,,,,B,N,F,-,1,1,0,0,22106.0,2,38.24471,-122.63255,4
2016,2016-02-18,1811,2,4,18,4,N,A,N,A,H,B,L,04,S,05,-,,Y,,,B,N,N,D,1,0,1,0,21650.0,2,38.24845526,-122.62451145,2
2016,2016-02-27,1830,2,4,18,6,Y,A,N,A,H,C,A,01,,10,G,Y,,,,B,N,F,A,1,1,0,0,21950.0,2,38.2337399,-122.64114,3
2016,2016-10-14,1945,10,3,19,5,N,B,N,A,H,D,N,60,W,11,G,Y,,,,B,Y,N,D,0,0,0,0,21954.0,2,38.23558229,-122.62755816,1
2017,2017-03-12,2222,3,1,22,7,Y,A,Y,A,H,E,C,02,,01,D,,,Y,,C,Y,N,D,1,0,0,0,23152.0,2,38.46505698,-122.65784133,1
2016,2016-02-01,740,2,4,7,1,N,A,N,A,H,A,A,01,W,07,C,,,,,E,N,N,D,1,0,0,0,21658.0,2,38.35198664,-122.69595754,3
2016,2016-02-10,1405,2,4,14,3,Y,A,N,A,H,A,A,01,,00,G,Y,,,,B,N,N,D,1,1,0,0,23123.0,2,38.35479992,-122.72232994,4
2016,2016-03-01,629,3,1,6,2,N,A,N,A,H,B,A,01,E,09,A,,,,,C,Y,N,D,2,0,0,0,21801.0,2,38.52580564,-122.79907483,3
2016,2016-02-29,1505,2,4,15,1,N,A,N,-,H,A,A,01,S,17,B,,,,,E,Y,N,D,1,0,0,0,22517.0,2,38.23384572,-122.64536985,4
2016,2016-03-04,114,3,1,1,5,N,C,N,B,H,C,D,22,W,01,A,,,,,I,Y,N,-,1,0,0,0,23152.0,1,38.23952387,-122.63164218,4
2016,2016-03-08,1536,3,1,15,2,N,B,N,A,H,A,L,04,W,09,B,,Y,,,G,N,N,D,1,0,1,0,21804.0,2,38.23977121,-122.63457431,3
2016,2016-03-02,1553,3,1,15,3,Y,A,N,A,H,A,D,22,,03,C,,,,,C,N,N,A,1,0,0,0,22350.0,2,38.23695994,-122.63399999,4
2016,2016-03-02,1530,3,1,15,3,Y,A,N,A,H,A,-,- ,,00,A,Y,,,,B,N,F,A,1,1,0,0,,2,38.25075996,-122.62870989,4
2016,2016-02-27,933,2,4,9,6,Y,A,N,A,H,A,A,08,,03,C,,,,,-,N,N,-,1,0,0,0,22350.0,2,38.23098991,-122.63304997,4
2016,2016-02-23,1658,2,4,16,2,Y,A,N,A,H,A,L,04,,05,D,,Y,,,G,N,N,A,1,0,1,0,21650.0,2,38.25412991,-122.63459993,2
2016,2016-03-09,223,3,1,2,3,Y,C,N,B,H,C,A,01,,08,E,,,,,I,Y,N,A,1,0,0,0,22107.0,1,38.24203,-122.63252987,3
2016,2016-03-09,1311,3,1,13,3,N,B,N,B,H,A,A,01,S,03,C,,,,,C,N,N,A,1,0,0,0,22350.0,4,38.2669399,-122.63753995,4
2016,2016-03-06,733,3,1,7,7,Y,B,N,B,H,B,A,01,,05,A,,,,,C,Y,N,A,2,0,0,0,21650.0,2,38.5257899,-122.80032985,4
2016,2016-03-13,300,3,1,3,7,N,C,Y,B,H,C,D,22,E,08,E,,,,,I,Y,N,D,1,0,0,0,22107.0,1,38.23429224,-122.59849002,4
2016,2016-03-11,1102,3,1,11,5,N,C,N,B,H,A,A,07,S,03,C,,,,,C,Y,N,D,1,0,0,0,22350.0,3,38.25931639,-122.64397637,4
2016,2016-02-24,1825,2,4,18,3,Y,A,N,A,H,C,A,07,,09,D,,,,,-,Y,N,-,1,0,0,0,21801.0,2,38.22527992,-122.62805,3
2016,2016-02-24,1934,2,4,19,3,Y,A,Y,A,H,C,N,60,,11,G,Y,,,,B,N,N,A,1,1,0,0,21456.0,2,38.2336551,-122.60381345,2
2016,2016-03-10,1651,3,1,16,4,Y,C,N,B,H,A,A,07,,09,D,,,,,C,Y,N,A,2,0,0,0,21802.0,2,38.23487994,-122.64388986,3
2016,2016-02-27,1059,2,4,10,6,Y,A,N,A,H,A,A,01,,09,D,,,,,C,Y,N,D,1,0,0,0,21801.0,2,38.24913994,-122.60945,4
2016,2016-03-02,1430,3,1,14,3,N,B,N,A,H,A,-,- ,E,03,C,,,,,C,Y,N,D,1,0,0,0,22350.0,3,38.27574515,-122.45965818,4
2016,2016-02-26,1704,2,4,17,5,N,C,N,B,H,A,C,03,E,03,B,,,Y,,C,N,N,D,1,0,0,1,22350.0,2,38.42500497,-122.76659045,4
2016,2016-03-14,1258,3,1,12,1,N,A,N,A,H,A,L,04,E,07,D,,Y,,,G,N,N,D,1,0,1,0,21658.0,2,38.46003,-122.72350052,3
2016,2016-03-11,1258,3,1,12,5,Y,C,N,B,H,A,D,22,,09,A,,,,,C,Y,N,A,2,0,0,0,21801.0,2,38.45996996,-122.74028991,4
2016,2016-03-05,2117,3,1,21,6,N,C,N,B,H,C,D,22,N,03,E,,,,,I,Y,N,D,1,0,0,0,22350.0,1,38.45103684,-122.75133549,4
2016,2016-02-28,1549,2,4,15,7,Y,A,Y,A,H,A,A,01,,12,D,,,,,C,Y,N,A,1,0,0,0,21453.0,2,38.44649979,-122.68802945,3
2016,2016-02-24,1316,2,4,13,3,N,A,N,A,H,A,A,01,E,09,D,,,,,C,Y,N,D,2,0,0,0,21804.0,2,38.44583176,-122.73004928,3
2016,2016-03-04,1444,3,1,14,5,N,B,N,B,H,A,A,01,N,03,C,,,,,C,Y,N,A,1,0,0,0,22350.0,2,38.45782963,-122.71726077,4
2016,2016-02-25,918,2,4,9,4,Y,A,N,A,H,A,A,01,,09,A,,,,,C,Y,N,A,2,0,0,0,21801.0,2,38.45803,-122.67291,3
2016,2016-02-18,1003,2,4,10,4,N,C,N,B,H,A,A,01,N,03,C,,,,Y,C,Y,N,A,2,0,0,0,22350.0,2,38.44232657,-122.687373,2
2016,2016-02-20,1010,2,4,10,6,N,A,N,A,H,A,D,22,S,09,D,,,,,C,N,N,D,2,0,0,0,21801.0,2,38.44003601,-122.70931683,4
2016,2016-02-22,1806,2,4,18,1,N,A,N,A,H,C,D,22,W,03,C,,,,,C,Y,N,D,1,0,0,0,22350.0,3,38.44561124,-122.7161079,4
2016,2016-02-12,1529,2,4,15,5,N,A,N,A,H,A,A,07,E,03,C,,,,,C,N,M,A,4,0,0,0,22350.0,3,38.47112745,-122.68009523,4
2016,2016-02-20,1225,2,4,12,6,Y,A,Y,A,H,A,A,07,,12,D,,,,,C,Y,N,A,1,0,0,0,21453.0,2,38.43633397,-122.71737634,3
2016,2016-02-22,726,2,4,7,1,N,A,N,A,H,A,D,22,N,04,C,,,,,C,N,N,D,2,0,0,0,21703.0,2,38.41326494,-122.71354027,4
2016,2016-02-21,2049,2,4,20,7,Y,A,N,A,H,C,D,22,,01,D,,Y,,,G,Y,N,A,1,0,1,0,23152.0,3,38.43901996,-122.71295999,4
2016,2016-02-08,1204,2,4,12,1,N,A,Y,A,H,A,D,22,E,03,C,,,,,C,Y,N,A,1,0,0,0,22350.0,3,38.45823789,-122.63453613,4
2016,2016-01-20,1729,1,4,17,3,N,A,N,A,H,B,A,08,N,07,B,,,,,C,Y,N,A,1,0,0,0,21658.0,2,38.434358,-122.72676013,4
2016,2016-02-11,748,2,4,7,4,N,A,Y,A,H,A,L,04,N,09,D,,Y,,Y,G,N,N,A,1,0,1,0,21804.0,2,38.44820012,-122.72558829,3
2016,2016-02-01,854,2,4,8,1,N,A,N,A,H,A,D,22,W,03,C,,,,,C,Y,M,A,1,0,0,0,22350.0,3,38.43791433,-122.68183385,3
2016,2016-01-26,2347,1,4,23,2,Y,B,N,A,H,C,A,01,,01,B,,,,,E,Y,N,D,1,0,0,0,23152.0,3,38.43357989,-122.73902997,4
2016,2016-01-28,1636,1,4,16,4,N,C,N,B,H,A,D,22,E,04,C,,,,,C,Y,N,D,1,0,0,0,21703.0,2,38.4255417,-122.70326841,4
2016,2016-01-20,141,1,4,1,3,N,B,N,A,H,D,A,01,S,08,C,,,,,E,Y,N,D,1,0,0,0,22107.0,3,38.42546333,-122.71685372,4
2016,2016-01-12,1732,1,4,17,2,Y,A,Y,A,H,C,A,01,,12,D,,,,,C,Y,N,A,1,0,0,0,21453.0,2,38.44767311,-122.72509817,4
2016,2016-01-11,1810,1,4,18,1,Y,A,N,A,H,C,D,22,,09,D,,,,,C,Y,N,A,1,0,0,0,21801.0,2,38.445466,-122.710877,4
2016,2016-01-14,1727,1,4,17,4,Y,C,N,B,H,C,D,22,,12,D,,,,,C,Y,N,A,1,0,0,0,21453.0,2,38.449629,-122.6884905,4
2016,2016-01-01,445,1,4,4,5,N,A,N,A,H,C,A,08,E,01,C,,,,,E,N,M,D,1,0,0,0,23152.0,2,38.42066431,-122.71850791,3
2016,2016-01-19,1514,1,4,15,2,N,B,Y,B,H,A,D,22,W,10,G,Y,,,,B,N,N,A,1,1,0,0,21950.0,2,38.44971998,-122.68848033,4
2016,2016-01-15,1114,1,4,11,5,Y,A,N,A,H,A,D,22,,12,D,,,,,C,Y,N,A,1,0,0,0,22450.0,2,38.4379799,-122.71946992,4
2016,2016-01-10,1739,1,4,17,7,N,B,N,B,H,B,D,22,E,09,A,,,,,C,Y,N,A,3,0,0,0,21801.0,2,38.40352,-122.74148,4
2016,2016-01-03,1439,1,4,14,7,N,C,N,-,H,A,A,01,S,09,D,,,,,C,Y,N,D,1,0,0,0,21804.0,2,38.45210956,-122.75133,4
2016,2016-01-15,1810,1,4,18,5,N,B,N,A,H,C,A,01,W,09,D,,,,,C,Y,N,D,4,0,0,0,21804.0,3,38.41423535,-122.72963908,3
2016,2016-01-11,1516,1,4,15,1,N,B,N,A,H,A,D,22,S,09,D,,Y,,,G,N,N,D,1,0,1,0,21801.0,2,38.46623109,-122.76969532,4
2016,2016-01-10,1410,1,4,14,7,Y,B,N,A,H,A,A,01,,09,D,,,,,C,N,N,A,1,0,0,0,21802.0,2,38.43753991,-122.72865993,4
2015,2015-12-17,1755,12,4,17,4,N,A,N,B,H,C,D,22,W,03,C,,,,,C,Y,N,D,1,0,0,0,22350.0,2,38.46563147,-122.71471395,4
2016,2016-01-05,1503,1,4,15,2,N,B,N,B,H,A,D,22,S,03,E,,,,,I,Y,N,D,1,0,0,0,22350.0,1,38.48466775,-122.70648801,4
2016,2016-01-06,1519,1,4,15,3,N,B,N,B,H,A,A,01,N,03,C,,,,,C,Y,N,D,1,0,0,0,22350.0,2,38.43151943,-122.76975263,4
2015,2015-12-19,2050,12,4,20,6,N,A,N,A,H,C,N,60,E,11,G,Y,,,,B,N,N,D,1,1,0,0,21954.0,2,38.46736149,-122.74854418,4
2015,2015-12-31,655,12,4,6,4,Y,E,N,A,H,B,-,- ,,12,D,,,,,C,Y,N,A,1,0,0,0,21453.0,2,38.44308996,-122.66283986,4
2016,2016-03-11,1022,3,1,10,5,N,C,Y,B,H,A,A,01,W,03,C,,,,,C,N,N,D,1,0,0,0,22350.0,2,38.45759764,-122.72598697,4
2016,2016-03-07,927,3,1,9,1,Y,B,Y,B,H,A,A,01,,09,D,,,,,C,Y,N,A,2,0,0,0,21801.0,3,38.43889508,-122.68720882,4
2016,2016-03-10,746,3,1,7,4,Y,B,Y,B,H,A,-,- ,,- ,D,,,,,C,Y,N,A,3,0,0,0,,2,38.44649979,-122.68802945,4
2016,2016-03-02,1521,3,1,15,3,Y,B,N,A,H,A,N,60,,11,G,Y,,,,B,N,N,A,1,1,0,0,21456.0,2,38.45336997,-122.71743998,4
2016,2016-03-05,303,3,1,3,6,N,C,N,B,H,C,A,01,N,01,C,,,,,E,Y,M,D,1,0,0,0,23152.0,3,,,3
2016,2016-03-10,1745,3,1,17,4,Y,C,N,B,H,B,A,01,,05,B,,,,,C,Y,N,D,1,0,0,0,21460.0,2,38.41209,-122.76883996,4
2016,2016-03-08,741,3,1,7,2,Y,B,N,B,H,A,A,01,,09,D,,,,,C,Y,N,D,2,0,0,0,21802.0,2,38.41350999,-122.74357987,4
2016,2016-03-03,810,3,1,8,4,N,B,N,B,H,A,A,01,S,09,D,,,,,C,Y,N,D,1,0,0,0,21801.0,2,38.47378045,-122.72727179,4
2016,2016-03-09,1053,3,1,10,3,N,C,N,B,H,A,A,01,N,03,C,,,,,C,Y,N,A,2,0,0,0,22350.0,2,38.41330493,-122.70431924,4
2016,2016-03-04,1630,3,1,16,5,Y,C,N,B,H,A,A,01,,09,A,,,,,C,Y,N,D,1,0,0,0,21801.0,3,38.45209999,-122.73523999,4
2016,2016-03-04,1141,3,1,11,5,N,B,N,B,H,A,A,01,E,03,E,,,,,I,Y,N,D,1,0,0,0,22350.0,1,38.48818061,-122.69254171,3
2016,2016-03-13,1907,3,1,19,7,N,C,N,B,H,C,A,01,E,01,C,,,,,C,Y,N,D,1,0,0,0,23152.0,2,38.4298926,-122.72840613,4
2016,2016-03-11,1500,3,1,15,5,N,C,N,B,H,A,A,01,E,09,D,,,,,C,Y,N,D,1,0,0,0,21804.0,2,38.46889094,-122.74425053,3
2016,2016-03-13,1242,3,1,12,7,N,B,N,B,H,A,A,01,S,03,B,,,,,C,Y,N,A,4,0,0,0,22350.0,3,38.44171513,-122.71498413,3
2016,2016-03-09,1747,3,1,17,3,N,A,N,A,H,A,A,07,N,03,C,,,,,C,Y,N,D,2,0,0,0,22350.0,4,38.43424016,-122.74245997,4
2016,2016-03-11,1259,3,1,12,5,N,C,N,B,H,A,A,01,S,17,D,,Y,,,G,N,N,D,1,0,1,0,22517.0,2,38.43942585,-122.71327295,3
2016,2016-02-01,1333,2,4,13,1,N,A,N,A,H,A,A,01,W,03,C,,,,,C,N,N,A,1,0,0,0,22350.0,2,38.42125037,-122.71379112,4
2016,2016-02-04,1944,2,4,19,4,Y,B,Y,A,H,C,A,01,,12,D,,,,,C,Y,N,A,1,0,0,0,21453.0,2,38.44149368,-122.72079643,4
2016,2016-02-11,455,2,4,4,4,Y,A,Y,A,H,C,-,- ,,00,D,,,,,C,Y,N,A,2,0,0,0,,2,38.44449379,-122.68770889,4
2016,2016-02-14,1309,2,4,13,7,Y,A,Y,A,H,A,A,01,,12,D,,,,,C,Y,N,A,1,0,0,0,21453.0,2,38.43633397,-122.71737634,3
2016,2016-02-03,1444,2,4,14,3,N,B,N,A,H,A,A,01,W,08,F,,,,,A,Y,N,A,1,0,0,0,22107.0,1,38.42516418,-122.67429565,3
2016,2016-02-07,1016,2,4,10,7,Y,A,N,A,H,A,A,01,,12,D,,,,,C,Y,N,A,1,0,0,0,21453.0,2,38.47585998,-122.67239998,4
2016,2016-02-09,702,2,4,7,2,Y,A,N,A,H,A,A,01,,12,D,,,,,C,Y,N,A,5,0,0,0,21453.0,2,38.45254994,-122.76962989,3
2016,2016-02-03,1758,2,4,17,3,N,A,N,A,H,C,A,07,N,03,C,,,,,C,N,N,A,2,0,0,0,22350.0,3,38.46116943,-122.71725314,4
2016,2016-02-10,1743,2,4,17,3,N,A,N,A,H,C,A,01,S,09,D,,,,,C,Y,N,D,1,0,0,0,21804.0,3,38.45494,-122.67216,4
2016,2016-02-11,1103,2,4,11,4,N,A,N,A,H,A,C,02,N,06,B,,,Y,,C,N,N,D,1,0,0,1,21750.0,2,38.41699938,-122.71356179,3
2016,2016-02-11,1517,2,4,15,4,N,A,N,A,H,A,C,02,W,06,D,,,Y,,C,N,N,D,1,0,0,1,21754.0,2,38.44018383,-122.71223359,3
2016,2016-02-12,746,2,4,7,5,Y,A,N,A,H,A,A,01,,09,A,,,,,C,Y,N,A,2,0,0,0,21801.0,2,38.46506,-122.71938,3
2016,2016-02-12,1210,2,4,12,5,N,A,N,A,H,A,N,60,E,11,G,Y,,,,B,Y,M,D,1,1,0,0,21954.0,2,38.42729886,-122.71246212,3