ACCIDENT_YEAR,COLLISION_DATE,COLLISION_TIME,MONTH,SEASON,24HOURS,DAY_OF_WEEK,INTERSECTION,WEATHER_1,STATE_HWY_IND,ROAD_SURFACE,ROAD_COND_1,LIGHTING,STWD_VEHTYPE_AT_FAULT,CHP_VEHTYPE_AT_FAULT,DIRECTION,PCF_VIOL_CATEGORY,TYPE_OF_COLLISION,PEDESTRIAN_ACCIDENT,BICYCLE_ACCIDENT,MOTORCYCLE_ACCIDENT,TRUCK_ACCIDENT,MVIW,TOW_AWAY,HIT_AND_RUN,CONTROL_DEVICE,NUMBER_INJURED,COUNT_PED_INJURED,COUNT_BICYCLIST_INJURED,COUNT_MC_INJURED,PCF_VIOLATION,PARTY_COUNT,POINT_Y,POINT_X,COLLISION_SEVERITY
2016,2016-06-02,821,6,2,8,4,N,B,N,A,H,A,D,22,E,03,C,,,,,C,N,F,A,1,0,0,0,22350.0,2,38.23329,-122.61803,4
2016,2016-05-15,1751,5,1,17,7,Y,A,N,A,H,A,A,01,,21,D,,Y,,,G,N,N,A,1,0,1,0,22106.0,2,38.56190999,-122.81430987,4
2016,2016-05-16,1621,5,1,16,1,Y,A,N,A,H,A,A,01,,08,D,,,,,C,N,N,D,1,0,0,0,22102.0,2,38.29178994,-122.45670996,4
2016,2016-05-11,1906,5,1,19,3,N,A,N,A,H,A,A,01,N,08,B,,Y,,,G,N,N,D,1,0,1,0,22107.0,2,38.56220731,-122.82474556,3
2016,2016-09-18,1142,9,3,11,7,Y,A,N,A,H,A,A,01,,12,D,,,,,-,N,N,A,2,0,0,0,21453.0,2,38.2689899,-122.67061988,4
2016,2016-09-18,102,9,3,1,7,N,A,N,A,H,C,A,01,E,08,E,,,,,I,Y,N,D,1,0,0,0,22107.0,1,38.27051156,-122.64768268,4
2016,2016-06-04,815,6,2,8,6,Y,A,Y,A,H,A,A,07,,09,D,,,,,C,Y,N,A,1,0,0,0,21453.0,2,38.23416855,-122.59884308,4
2016,2016-06-02,2140,6,2,21,4,N,A,N,A,H,C,L,04,S,01,F,,Y,,,J,N,N,D,1,0,1,0,21200.0,1,38.22216353,-122.6472257,3
2016,2016-06-11,1605,6,2,16,6,Y,A,N,A,H,A,A,01,,09,D,,,,,C,N,N,D,2,0,0,0,21801.0,2,38.23835992,-122.59035987,4
2016,2016-06-06,738,6,2,7,1,N,B,N,A,H,A,D,22,N,08,D,,,Y,,C,Y,N,D,1,0,0,1,22103.0,2,38.25596248,-122.61806252,3
2016,2016-02-08,1614,2,4,16,1,N,A,Y,A,H,A,A,01,N,08,H,,Y,,,G,N,N,A,1,0,1,0,22107.0,2,38.39440756,-122.81889179,3
2016,2016-01-23,1935,1,4,19,6,N,A,N,A,H,C,A,01,E,10,G,Y,,,,B,N,N,A,1,1,0,0,21950.0,2,38.39814053,-122.83314907,2
2016,2016-05-28,2122,5,1,21,6,N,A,N,A,H,C,-,,N,03,B,,,,,C,Y,N,D,2,0,0,0,22350.0,2,38.5435765,-122.80079452,4
2016,2016-06-17,651,6,2,6,5,N,A,N,A,C,A,A,01,S,03,C,,,,,C,N,N,A,4,0,0,0,22350.0,3,38.33069306,-122.71010168,4
2016,2016-06-17,1731,6,2,17,5,N,A,Y,A,H,A,A,01,E,03,C,,,Y,,C,Y,N,A,1,0,0,1,22350.0,3,38.33210611,-122.71934099,4
2016,2016-06-13,1821,6,2,18,1,Y,A,N,A,H,A,A,01,,09,H,,Y,,,G,N,N,D,1,0,1,0,21801.0,2,38.265261,-122.654492,4
2016,2016-06-19,1106,6,2,11,7,Y,A,N,A,H,A,A,01,,12,D,,,,,C,Y,N,A,2,0,0,0,22450.0,2,38.24992994,-122.60736996,4
2016,2016-06-08,809,6,2,8,3,Y,B,N,A,H,A,-,- ,,00,D,,,,,C,Y,N,A,1,0,0,0,,2,38.23704993,-122.59155995,4
2016,2016-06-09,2211,6,2,22,4,Y,A,Y,A,H,C,D,22,,12,A,,,,,C,Y,N,A,1,0,0,0,21453.0,2,38.27579684,-122.46034542,4
2016,2016-06-18,835,6,2,8,6,N,A,N,A,H,A,A,01,N,03,C,,,,,C,N,N,A,1,0,0,0,22350.0,2,38.36593295,-122.7134489,4
2016,2016-06-23,608,6,2,6,4,Y,A,N,A,H,A,A,01,,09,D,,,,,C,N,N,D,2,0,0,0,21804.0,2,38.60857998,-122.86882988,4
2016,2016-06-22,746,6,2,7,3,N,A,N,A,H,A,-,,E,03,C,,,,,C,Y,N,A,1,0,0,0,22350.0,2,38.52579507,-122.79686733,4
2016,2016-06-19,2014,6,2,20,7,Y,A,N,A,H,B,A,07,,22,E,Y,,,,I,Y,N,D,1,1,0,0,,2,38.55649994,-122.82609993,3
2016,2016-06-17,1053,6,2,10,5,Y,B,N,A,H,A,L,04,,09,D,,Y,,,G,Y,N,A,1,0,1,0,21804.0,2,38.25937995,-122.64408991,2
2016,2016-06-21,1630,6,2,16,2,N,A,N,A,H,A,A,07,E,01,B,,,,,E,Y,N,D,1,0,0,0,23152.0,2,38.23624939,-122.59976421,3
2016,2016-06-17,509,6,2,5,5,Y,A,Y,A,H,B,G,25,,12,D,,,,Y,C,Y,N,A,1,0,0,0,21453.0,2,38.23416855,-122.59884308,4
2016,2016-05-29,943,5,1,9,7,N,A,N,A,H,A,L,04,W,05,D,,Y,,,G,N,N,D,1,0,1,0,21650.0,2,38.25041149,-122.6248412,4
2016,2016-06-25,2126,6,2,21,6,Y,A,N,A,G,C,A,01,,17,D,,,,,C,N,N,A,1,0,0,0,21461.0,2,38.60825994,-122.86990989,4
2016,2016-06-23,1234,6,2,12,4,N,A,N,A,H,A,D,22,W,09,D,,Y,,,G,N,N,A,1,0,1,0,21801.0,2,38.24589458,-122.6564575,3
2016,2016-07-20,1150,7,2,11,3,Y,A,N,A,D,A,A,01,,03,C,,,,,C,N,N,A,1,0,0,0,22350.0,2,38.60825994,-122.86990989,4
2016,2016-06-03,1913,6,2,19,5,N,A,N,A,H,A,A,01,W,03,C,,,,,C,Y,N,A,2,0,0,0,22350.0,2,38.33977214,-122.69109689,4
2016,2016-06-25,913,6,2,9,6,N,A,N,A,H,A,A,01,E,03,C,,,,,C,Y,N,A,3,0,0,0,22350.0,4,38.34850369,-122.7052957,3
2016,2016-07-03,1154,7,2,11,7,N,A,N,A,H,A,A,01,N,03,C,,,,,C,Y,N,A,1,0,0,0,22350.0,4,38.24210852,-122.63267289,4
2016,2016-06-28,1307,6,2,13,2,N,A,Y,A,H,A,-,,W,21,H,,,,,C,N,F,D,1,0,0,0,22106.0,2,38.23314474,-122.61755097,4
2016,2016-07-02,453,7,2,4,6,N,A,N,A,H,C,A,01,S,01,E,,,,,I,Y,N,D,2,0,0,0,23152.0,1,38.24209,-122.59015,2
2016,2016-05-29,1936,5,1,19,7,Y,A,N,A,H,A,A,07,,03,E,,,,,I,Y,N,A,1,0,0,0,22350.0,1,38.56294998,-122.82594999,3
2016,2016-06-27,1400,6,2,14,1,Y,A,N,A,H,A,A,07,,03,C,,,,,C,Y,N,A,1,0,0,0,22350.0,2,38.52575,-122.78569998,4
2016,2016-06-23,1254,6,2,12,4,Y,A,N,A,H,A,A,01,,03,C,,,,,C,Y,N,D,1,0,0,0,22350.0,2,38.27505993,-122.45282987,4
2016,2016-06-30,2221,6,2,22,4,Y,A,N,A,H,A,A,07,,10,G,Y,,,,B,N,F,A,1,1,0,0,21950.0,2,38.29389997,-122.4679399,3
2016,2016-04-07,1818,4,1,18,4,Y,A,Y,A,H,A,A,07,,03,C,,,,,C,Y,N,A,1,0,0,0,22350.0,2,38.33139784,-122.71378045,4
2016,2016-06-15,1444,6,2,14,3,Y,A,N,A,H,A,A,01,,12,D,,,,,C,Y,N,A,1,0,0,0,21453.0,2,38.2669399,-122.63753995,4
2016,2016-07-09,1921,7,2,19,6,N,A,N,A,H,A,A,01,N,01,B,,,,,C,Y,N,D,1,0,0,0,23153.0,2,38.23561,-122.62941,4
2016,2016-07-13,820,7,2,8,3,Y,A,N,A,H,A,A,01,,09,D,,,,,C,Y,N,A,1,0,0,0,21802.0,2,38.26673997,-122.6666199,4
2016,2016-07-07,1552,7,2,15,4,Y,A,N,A,H,A,A,07,,09,D,,,,,C,N,N,A,1,0,0,0,21802.0,2,38.23270993,-122.63533987,4
2016,2016-07-19,1948,7,2,19,2,-,A,N,A,H,A,A,01,,01,E,,,,,I,Y,M,D,1,0,0,0,23152.0,1,38.622914,-122.853836,3
2016,2016-07-20,1649,7,2,16,3,Y,A,N,A,H,A,A,01,,12,D,,,,,C,Y,N,A,1,0,0,0,22450.0,2,38.23730989,-122.62404993,3
2016,2016-07-23,1852,7,2,18,6,Y,A,N,A,H,A,A,01,,10,G,Y,,,,B,N,N,A,1,1,0,0,21950.0,2,38.29194989,-122.45792985,3
2016,2016-06-30,1446,6,2,14,4,N,A,N,A,H,A,A,07,E,03,C,,,,,C,N,N,D,1,0,0,0,22350.0,2,38.23601,-122.64022,4
2016,2016-06-29,1330,6,2,13,3,Y,A,N,A,H,A,A,01,,09,D,,,,,C,N,N,A,2,0,0,0,21802.0,2,38.23517995,-122.64297989,4
2016,2016-06-27,821,6,2,8,1,Y,A,N,A,H,A,A,01,,03,C,,,,,C,N,N,A,1,0,0,0,22350.0,2,38.60825994,-122.86990989,4
2016,2016-05-31,1528,5,1,15,2,N,A,N,A,H,A,N,60,N,11,G,Y,,,,B,N,N,D,1,1,0,0,21954.0,2,38.80529172,-123.02123781,3
2016,2016-05-31,1538,5,1,15,2,Y,A,N,A,H,A,L,04,,05,-,,Y,,,G,N,N,A,1,0,1,0,21650.0,2,38.36177997,-122.68578987,3
2016,2016-06-16,1826,6,2,18,4,N,A,Y,A,H,A,A,07,E,09,D,,,,,C,N,N,A,2,0,0,0,21804.0,2,38.40245887,-122.82153943,3
2016,2016-06-30,1933,6,2,19,4,N,A,Y,A,H,A,A,01,E,03,C,,,,,C,Y,N,A,1,0,0,0,22350.0,2,38.40526075,-122.82872287,4
2016,2016-06-05,2009,6,2,20,7,N,A,N,A,H,A,A,07,S,01,E,,,,,I,Y,N,A,1,0,0,0,23152.0,1,38.40012238,-122.82770475,4
2016,2016-07-07,1611,7,2,16,4,Y,A,N,A,H,A,A,01,,09,D,,,,,C,Y,N,D,1,0,0,0,21802.0,2,38.26215995,-122.66032999,4
2016,2016-07-08,1036,7,2,10,5,Y,A,N,A,H,A,A,07,,09,A,,,,,C,N,N,D,1,0,0,0,21801.0,2,38.23315991,-122.63651991,4
2016,2016-07-13,1758,7,2,17,3,Y,A,N,A,H,A,A,01,,09,D,,,,,C,Y,N,A,1,0,0,0,21802.0,2,38.23487994,-122.64388986,3
2016,2016-07-06,1726,7,2,17,3,N,A,N,A,H,A,A,07,E,03,C,,,,,C,Y,N,A,1,0,0,0,22350.0,3,38.23314321,-122.61047816,4
2016,2016-07-05,1730,7,2,17,2,Y,A,N,A,H,A,-,,,10,B,Y,,,,B,N,N,A,1,1,0,0,21950.0,2,38.34852992,-122.70960994,4
2016,2016-06-23,1828,6,2,18,4,N,A,N,A,H,A,A,01,E,21,C,,,,,C,N,N,A,2,0,0,0,22106.0,2,38.34907303,-122.72102581,4
2016,2016-06-04,2153,6,2,21,6,N,A,N,A,H,C,A,01,W,08,D,,,,,C,N,N,D,1,0,0,0,22107.0,2,38.34586695,-122.68689269,4
2016,2016-07-05,1154,7,2,11,2,N,A,N,A,H,A,A,01,N,09,D,,,,,C,Y,N,A,1,0,0,0,21804.0,2,38.26748322,-122.65831289,3
2016,2016-07-06,1541,7,2,15,3,N,A,N,A,H,A,A,01,N,03,C,,,,,C,N,N,D,1,0,0,0,22350.0,2,38.27458705,-122.66744753,4
2016,2016-07-28,1340,7,2,13,4,N,A,N,A,H,A,A,01,W,03,C,,,,,C,Y,N,D,2,0,0,0,22350.0,2,38.23784225,-122.63622231,3
2016,2016-05-18,1956,5,1,19,3,N,A,N,A,H,A,A,01,W,03,E,,,,,I,Y,N,D,2,0,0,0,22350.0,1,38.45966366,-122.70933811,3
2016,2016-07-12,1600,7,2,16,2,-,A,Y,A,H,A,A,07,,09,D,,,,,C,Y,N,A,1,0,0,0,21804.0,2,38.40525654,-122.82723805,4
2016,2016-07-04,1626,7,2,16,1,Y,A,N,A,H,A,I,11,,03,C,,,,,C,N,N,A,1,0,0,0,22350.0,2,38.54650999,-122.80682987,4
2016,2016-07-07,1720,7,2,17,4,N,A,N,A,H,A,D,22,W,09,D,,,,,C,Y,N,D,1,0,0,0,21801.0,2,38.34865586,-122.71891138,4
2016,2016-07-11,1626,7,2,16,1,Y,A,N,A,H,A,D,22,,03,C,,,,,C,N,N,A,1,0,0,0,22350.0,2,38.34816999,-122.69614997,4
2016,2016-07-10,849,7,2,8,7,Y,A,N,A,H,A,A,01,,12,D,,,,,C,Y,N,A,2,0,0,0,21453.0,2,38.23600989,-122.64021988,4
2016,2016-07-20,1242,7,2,12,3,N,A,N,A,H,A,A,07,S,03,C,,,,,C,N,N,A,1,0,0,0,22350.0,2,38.27428587,-122.66690682,4
2016,2016-07-18,1654,7,2,16,1,Y,A,N,A,H,A,A,01,,09,D,,,,,C,N,N,D,1,0,0,0,21801.0,2,38.26095991,-122.62668987,4
2016,2016-03-31,1903,3,1,19,4,Y,A,N,A,H,A,-,,,08,G,Y,,,,B,N,N,D,1,1,0,0,22107.0,2,38.34472994,-122.71954994,4
2016,2016-06-24,1746,6,2,17,5,N,A,N,A,H,A,A,01,N,09,B,,,,,C,N,N,A,1,0,0,0,21804.0,2,38.33443101,-122.68816688,3
2016,2016-07-28,1817,7,2,18,4,N,A,N,A,H,A,A,01,W,03,C,,,,,C,Y,N,A,1,0,0,0,22350.0,2,38.33155025,-122.69243438,4
2016,2016-06-30,2204,6,2,22,4,Y,A,N,A,H,C,A,01,,10,G,Y,,,,B,Y,N,D,2,2,0,0,21950.0,3,38.54731997,-122.81373991,2
2016,2016-06-25,1636,6,2,16,6,N,A,N,A,H,A,A,01,W,03,C,,,,,C,Y,N,A,1,0,0,0,22350.0,2,38.36326,-122.712977,4
2016,2016-08-05,1752,8,2,17,5,N,A,Y,A,H,A,A,07,W,03,C,,,,,C,Y,N,D,1,0,0,0,22350.0,5,38.23360706,-122.60579976,4
2016,2016-08-07,1624,8,2,16,7,Y,A,N,A,H,A,A,01,,12,C,,,,,C,Y,N,A,1,0,0,0,22450.0,2,38.23976998,-122.61820986,4
2016,2016-08-05,1320,8,2,13,5,Y,A,N,A,H,A,A,01,,04,C,,,,,C,Y,N,A,2,0,0,0,21703.0,2,38.79489999,-123.01834987,3
2016,2016-07-23,913,7,2,9,6,N,A,N,A,H,A,A,01,E,17,H,,Y,,,G,N,N,D,1,0,1,0,22517.0,2,38.23187122,-122.64013055,4
2016,2016-07-26,1233,7,2,12,2,N,A,N,A,H,A,A,08,N,04,C,,,,Y,C,Y,N,D,1,0,0,0,21703.0,2,38.23328877,-122.60992992,3
2016,2016-08-05,1326,8,2,13,5,Y,A,N,A,H,A,A,01,,08,H,,Y,,,G,N,N,A,1,0,1,0,22107.0,2,38.60501999,-122.8686099,4
2016,2016-07-24,347,7,2,3,7,N,A,N,A,H,C,A,01,N,01,B,,,,,E,Y,N,D,1,0,0,0,23152.0,5,38.34974914,-122.69563,3
2016,2016-08-03,754,8,2,7,3,N,B,N,A,H,A,A,01,N,03,C,,,,,C,N,N,A,1,0,0,0,22350.0,2,38.25212001,-122.61118464,4
2016,2016-08-09,1921,8,2,19,2,N,A,N,A,H,A,A,01,S,09,D,,,,,C,N,N,D,2,0,0,0,21804.0,2,38.23548,-122.62559,4
2016,2016-06-16,1739,6,2,17,4,N,A,N,A,H,A,D,22,E,04,C,,,,,C,Y,N,A,1,0,0,0,21703.0,3,38.34848,-122.71298,4
2016,2016-08-09,1552,8,2,15,2,-,A,N,A,H,A,G,25,,08,B,,,,Y,C,N,N,D,1,0,0,0,22107.0,2,,,4
2016,2016-08-09,1912,8,2,19,2,Y,A,N,A,H,A,L,04,,12,D,,Y,,,G,N,N,A,1,0,1,0,22450.0,2,38.24992994,-122.60736996,3
2016,2016-08-08,2011,8,2,20,1,N,A,N,A,H,B,A,01,W,01,E,,,,,I,Y,N,D,1,0,0,0,23152.0,1,38.34556,-122.72309,3
2016,2016-08-20,2145,8,2,21,6,N,A,N,A,H,C,D,22,S,03,C,,,,,C,Y,N,A,1,0,0,0,22350.0,2,38.33111501,-122.71048535,3
2016,2016-08-16,1711,8,2,17,2,N,A,N,A,H,A,D,22,N,08,B,,,,,C,Y,N,D,1,0,0,0,22107.0,2,38.3494077,-122.71691619,4
2016,2016-08-10,2015,8,2,20,3,Y,A,N,A,H,C,A,01,,21,H,,Y,,,G,N,N,D,1,0,1,0,22106.0,2,38.25078998,-122.62024986,4
2016,2016-08-13,1816,8,2,18,6,N,A,N,A,H,A,A,01,W,12,D,,,,,C,Y,N,A,1,0,0,0,21453.0,2,38.54739168,-122.81101898,4
2016,2016-08-15,230,8,2,2,1,Y,A,N,A,H,C,A,01,,01,C,,,,,C,Y,N,A,2,0,0,0,23152.0,2,38.24727989,-122.62242991,4
2016,2016-08-07,2110,8,2,21,7,Y,A,N,A,H,C,A,01,,08,A,,,,,-,Y,N,A,7,0,0,0,22107.0,2,38.54782998,-122.80627992,4
2016,2016-05-25,1841,5,1,18,3,N,A,N,A,H,A,A,01,N,09,D,,,,,C,Y,N,D,1,0,0,0,21801.0,2,38.44589,-122.72874,4
2016,2016-06-11,1325,6,2,13,6,N,A,N,A,H,A,L,04,S,03,C,,Y,,,G,N,F,D,1,0,1,0,22350.0,2,,,3
2016,2016-06-17,1009,6,2,10,5,Y,C,N,B,H,A,A,01,,09,D,,,,,C,Y,N,A,1,0,0,0,21801.0,2,38.4425699,-122.71121997,4
2016,2016-06-04,1310,6,2,13,6,N,A,Y,A,H,A,D,22,W,04,C,,,,,C,N,N,A,2,0,0,0,21703.0,3,38.45583143,-122.67915824,4
2016,2016-06-24,1049,6,2,10,5,N,A,Y,A,H,A,D,22,W,03,C,,,,,C,N,N,A,1,0,0,0,22350.0,2,38.42747798,-122.76916812,4
2016,2016-08-24,1356,8,2,13,3,N,A,N,A,H,A,F,26,W,09,B,,,,Y,C,N,N,D,1,0,0,0,21801.0,2,38.43858141,-122.7089573,4
2016,2016-08-26,1414,8,2,14,5,Y,A,N,A,H,A,D,22,,09,D,,,,,C,Y,M,D,1,0,0,0,21801.0,2,38.4469099,-122.72656988,4
2016,2016-05-30,1839,5,1,18,1,Y,A,N,A,H,A,D,22,,12,D,,,,,C,Y,N,A,2,0,0,0,21453.0,2,38.45893995,-122.73256989,3
2016,2016-08-12,1225,8,2,12,5,Y,A,N,A,H,A,A,07,,09,A,,,,,C,Y,N,D,1,0,0,0,21804.0,2,38.4469099,-122.72656988,4
2016,2016-06-07,1851,6,2,18,2,N,A,N,A,H,A,A,01,N,03,C,,,,,C,N,N,A,1,0,0,0,22350.0,3,38.42299518,-122.74080877,4
2016,2016-08-12,723,8,2,7,5,N,B,N,A,H,A,A,01,E,08,C,,,,,E,Y,N,D,1,0,0,0,22107.0,2,38.43758442,-122.68056258,4
2016,2016-06-17,1626,6,2,16,5,N,B,N,A,H,A,D,22,N,01,C,,,,,C,Y,F,A,1,0,0,0,23152.0,3,38.45341467,-122.76967095,4
2016,2016-07-01,1556,7,2,15,5,Y,A,N,A,H,A,D,22,,01,C,,Y,,,G,Y,N,D,1,0,1,0,23152.0,2,38.46940995,-122.72213994,3
2016,2016-05-16,1935,5,1,19,1,Y,A,N,A,H,A,-,- ,,00,D,,,,,C,Y,N,A,1,0,0,0,,2,38.45252994,-122.75677995,4
2016,2016-06-29,2110,6,2,21,3,N,A,N,A,H,C,D,22,N,03,C,,,,,C,Y,M,A,3,0,0,0,22350.0,3,38.4161147,-122.73997656,4
2016,2016-07-03,1349,7,2,13,7,N,A,Y,A,H,A,A,01,E,03,C,,,,,C,Y,N,D,1,0,0,0,22350.0,2,38.46058706,-122.67155016,4
2016,2016-07-15,730,7,2,7,5,Y,B,N,A,H,A,D,22,,09,D,,,,,C,Y,N,A,2,0,0,0,21802.0,2,38.43699991,-122.74038993,3
2016,2016-06-20,1311,6,2,13,1,Y,A,Y,A,H,A,L,04,,05,D,,Y,,,G,N,N,A,1,0,1,0,21650.0,2,38.46294762,-122.72657854,3
2016,2016-06-27,1151,6,2,11,1,Y,A,N,A,H,A,A,01,,12,D,,,,,C,N,M,A,1,0,0,0,21453.0,2,38.45458989,-122.73937995,4
2016,2016-06-22,2232,6,2,22,3,Y,A,N,A,H,C,D,22,,17,D,,,,,C,Y,F,A,2,0,0,0,21451.0,2,38.44506993,-122.68566992,3
2016,2016-06-28,1101,6,2,11,2,Y,A,N,A,H,A,A,01,,09,A,,,,,C,Y,N,D,2,0,0,0,21801.0,2,38.46234,-122.62897997,3
2016,2016-06-27,1150,6,2,11,1,N,A,Y,A,H,A,D,22,S,03,C,,,,,C,Y,N,A,1,0,0,0,22350.0,2,38.43526673,-122.68861472,4
2016,2016-06-07,1632,6,2,16,2,N,A,N,A,H,A,A,01,E,08,B,,,,,E,Y,N,D,1,0,0,0,22107.0,2,38.44571596,-122.7198724,4
2016,2016-07-08,830,7,2,8,5,Y,A,N,A,H,A,I,09,,12,D,,,,,C,Y,N,A,5,0,0,0,21453.0,2,38.43311996,-122.70437996,3
2016,2016-06-27,1042,6,2,10,1,Y,A,N,A,H,A,A,01,,03,C,,,,,C,Y,N,A,2,0,0,0,22350.0,2,38.41423992,-122.72928997,3
2016,2016-07-03,1603,7,2,16,7,N,A,Y,A,H,A,A,01,W,07,B,,,,,C,Y,N,D,1,0,0,0,21658.0,2,38.46505698,-122.65784133,3
2016,2016-06-27,525,6,2,5,1,Y,A,Y,A,H,A,D,23,,12,D,,,,,C,Y,N,A,2,0,0,0,21453.0,2,38.46256186,-122.72634467,4
2016,2016-05-11,2039,5,1,20,3,N,A,N,A,H,C,A,01,W,03,B,,,,,C,N,N,D,1,0,0,0,22350.0,2,38.41436536,-122.71788844,4
2016,2016-08-17,14,8,2,0,3,N,A,N,A,H,D,D,22,S,01,B,,,,,E,Y,N,A,1,0,0,0,23152.0,4,38.44845897,-122.71076477,3
2016,2016-07-19,1306,7,2,13,2,N,A,N,A,H,A,D,22,W,05,D,,,,,C,Y,N,D,4,0,0,0,21460.0,2,,,3
2016,2016-06-22,1738,6,2,17,3,N,A,N,A,H,A,D,22,E,03,C,,,,,C,N,F,A,2,0,0,0,22350.0,2,38.44118059,-122.7142914,4
2016,2016-08-26,147,8,2,1,5,N,B,N,A,H,C,D,22,S,01,E,,,,,I,Y,M,D,1,0,0,0,23152.0,1,38.44027531,-122.76971,4
2016,2016-07-23,9,7,2,0,6,Y,A,N,A,H,C,D,22,,12,D,,,,,C,Y,M,A,1,0,0,0,21453.0,2,38.4339599,-122.69939992,3
2016,2016-05-27,1739,5,1,17,5,N,A,N,A,H,A,A,01,E,03,C,,,,,C,N,M,D,1,0,0,0,22350.0,2,38.41453636,-122.71631341,4
2016,2016-08-25,801,8,2,8,4,N,B,N,A,H,A,A,01,E,03,D,,,,,E,Y,N,D,1,0,0,0,22350.0,3,38.47816684,-122.75335906,3
2016,2016-07-26,1558,7,2,15,2,N,A,N,A,H,A,D,22,,09,D,,,,,C,Y,N,A,2,0,0,0,21804.0,2,38.428169,-122.725029,4
2016,2016-05-28,632,5,1,6,6,Y,A,N,A,H,A,L,04,,08,D,,Y,,,G,N,N,A,1,0,1,0,22107.0,2,38.44388993,-122.71655988,2
2016,2016-06-22,1231,6,2,12,3,N,A,N,A,H,A,D,22,E,03,C,,,,,C,Y,N,A,2,0,0,0,22350.0,5,38.45249,-122.76917317,4
2016,2016-08-07,1635,8,2,16,7,N,A,Y,A,H,A,A,01,W,03,C,,,,,C,Y,N,D,1,0,0,0,22350.0,2,38.43694187,-122.58177786,4
2016,2016-08-10,2134,8,2,21,3,N,A,Y,A,H,C,N,60,N,11,G,Y,,,,B,N,N,A,1,1,0,0,21456.0,2,38.45478909,-122.68040375,3
2016,2016-08-13,717,8,2,7,6,N,A,Y,A,H,A,A,01,S,01,D,,,,,C,Y,N,A,1,0,0,0,23152.0,2,38.45894978,-122.67362073,4
2016,2016-08-09,1328,8,2,13,2,Y,A,Y,A,H,A,A,01,,12,D,,,,,C,Y,N,A,1,0,0,0,21453.0,2,38.45759764,-122.72598697,4
2016,2016-08-12,1842,8,2,18,5,N,A,N,A,H,A,A,01,S,08,D,,,,,C,Y,N,D,1,0,0,0,22100.0,2,38.44526137,-122.73048658,4
2016,2016-08-04,2256,8,2,22,4,N,B,N,A,H,C,A,01,W,01,C,,,,,C,Y,N,A,1,0,0,0,23152.0,2,38.45892262,-122.73259706,4
2016,2016-08-19,1808,8,2,18,5,Y,A,N,A,H,A,A,01,,12,D,,,,,C,Y,N,A,1,0,0,0,21453.0,2,38.43914998,-122.71886997,4
2016,2016-08-03,1250,8,2,12,3,Y,A,N,A,H,A,A,01,,12,D,,,,,C,Y,N,A,3,0,0,0,21453.0,3,38.4453999,-122.70807989,3
2016,2016-08-03,1500,8,2,15,3,N,A,N,A,H,A,A,01,N,03,C,,,Y,,C,N,N,A,1,0,0,1,22350.0,2,38.44514658,-122.7512622,3
2016,2016-08-14,1936,8,2,19,7,Y,A,N,A,H,A,A,01,,01,D,,,,,C,Y,N,A,1,0,0,0,23152.0,2,38.45115996,-122.75675985,4
2016,2016-08-04,1130,8,2,11,4,N,A,N,A,H,A,A,01,S,03,C,,,,,C,Y,N,A,2,0,0,0,22350.0,2,,,4
2016,2016-08-26,1847,8,2,18,5,N,A,N,A,H,A,A,07,E,03,C,,,,,C,N,N,D,1,0,0,0,22350.0,2,38.46981565,-122.74164231,4
2016,2016-08-05,1730,8,2,17,5,N,A,N,A,H,A,A,01,N,08,C,,,,,E,Y,N,D,1,0,0,0,22107.0,3,38.43544684,-122.72767187,4
2016,2016-08-27,1409,8,2,14,6,Y,A,N,A,H,A,A,01,,09,A,,,,,C,Y,N,A,1,0,0,0,21801.0,2,38.44976995,-122.66856988,4
2016,2016-08-02,1808,8,2,18,2,N,A,N,A,H,A,A,07,N,03,C,,,,,C,N,N,A,2,0,0,0,22350.0,2,38.46876634,-122.7448299,4
2016,2016-08-01,1842,8,2,18,1,Y,A,N,A,H,A,A,01,,09,A,,,,,C,Y,N,D,2,0,0,0,21801.0,2,38.46954991,-122.75965993,3
2016,2016-08-22,1521,8,2,15,1,N,A,N,A,H,A,A,07,E,09,D,,,,,C,N,N,D,1,0,0,0,21804.0,2,38.46713794,-122.76503394,4
2016,2016-08-09,1656,8,2,16,2,Y,A,N,A,H,A,-,- ,,12,D,,,,,C,Y,N,A,1,0,0,0,21453.0,3,38.47585998,-122.67239998,4
2016,2016-08-06,849,8,2,8,6,N,B,N,A,H,A,A,01,S,03,C,,,,,C,Y,N,A,2,0,0,0,22350.0,2,38.4388395,-122.68722964,3
2016,2016-08-11,1624,8,2,16,4,N,A,N,A,H,A,C,02,N,08,D,,,Y,,C,Y,N,D,1,0,0,1,22107.0,2,38.47770613,-122.73291502,3
2016,2016-08-09,1613,8,2,16,2,Y,A,N,A,H,A,A,01,,09,D,,,,,C,Y,N,A,1,0,0,0,21801.0,2,38.43887991,-122.68721989,4
2016,2016-08-23,801,8,2,8,2,Y,B,N,A,H,A,A,01,,09,A,,,,,C,N,N,D,4,0,0,0,21801.0,2,38.44550999,-122.71228987,4
2016,2016-08-19,1227,8,2,12,5,N,A,N,A,H,A,A,01,N,11,G,Y,,,,B,N,N,A,1,1,0,0,21954.0,2,38.458802,-122.717215,4
2016,2016-08-23,1531,8,2,15,2,N,A,N,A,H,A,A,01,S,09,D,,,,,C,Y,N,D,2,0,0,0,21804.0,2,38.46256782,-122.7179734,4
2016,2016-08-09,1526,8,2,15,2,N,A,N,A,H,A,-,99,W,03,C,,,,,C,N,M,A,1,0,0,0,22350.0,2,38.44449697,-122.68778226,4
2016,2016-08-13,807,8,2,8,6,N,A,N,A,H,A,C,02,S,06,D,,,Y,,C,N,N,D,1,0,0,1,21755.0,2,38.42467523,-122.70867597,4