ACCIDENT_YEAR,COLLISION_DATE,COLLISION_TIME,MONTH,SEASON,24HOURS,DAY_OF_WEEK,INTERSECTION,WEATHER_1,STATE_HWY_IND,ROAD_SURFACE,ROAD_COND_1,LIGHTING,STWD_VEHTYPE_AT_FAULT,CHP_VEHTYPE_AT_FAULT,DIRECTION,PCF_VIOL_CATEGORY,TYPE_OF_COLLISION,PEDESTRIAN_ACCIDENT,BICYCLE_ACCIDENT,MOTORCYCLE_ACCIDENT,TRUCK_ACCIDENT,MVIW,TOW_AWAY,HIT_AND_RUN,CONTROL_DEVICE,NUMBER_INJURED,COUNT_PED_INJURED,COUNT_BICYCLIST_INJURED,COUNT_MC_INJURED,PCF_VIOLATION,PARTY_COUNT,POINT_Y,POINT_X,COLLISION_SEVERITY
2019,2019-07-31,930,7,2,9,3,N,A,N,A,H,A,A,01,N,07,B,,,,,C,N,N,A,1,0,0,0,21658.0,2,38.24920654296875,-122.62586975097656,4
2019,2019-07-28,1145,7,2,11,7,N,A,N,A,H,A,A,01,N,09,D,,,,,C,N,N,D,1,0,0,0,21804.0,2,38.35310745239258,-122.68570709228516,4
2019,2019-07-25,2139,7,2,21,4,N,A,N,A,H,C,A,01,E,07,H,,,,,E,N,N,D,2,0,0,0,21658.0,2,38.361778259277344,-122.685791015625,4
2019,2019-07-15,942,7,2,9,1,N,A,N,A,H,A,A,01,N,08,E,,,,,I,N,N,C,3,0,0,0,22107.0,1,,,2
2019,2019-07-13,1121,7,2,11,6,N,A,Y,A,H,A,A,01,W,10,G,Y,,,,B,N,N,A,1,1,0,0,21950.0,2,38.43140411376953,-122.73854064941406,4
2019,2019-07-27,1221,7,2,12,6,N,A,Y,A,H,A,-,- ,E,00,C,,,,,C,Y,N,D,2,0,0,0,,3,38.45486068725586,-122.6256103515625,4
2020,2020-03-04,1816,3,1,18,3,Y,A,N,A,H,B,C,02,,03,D,,,Y,,C,Y,N,D,1,0,0,0,22350.0,2,38.4250602722168,-122.74107360839844,1
2019,2019-10-18,1548,10,3,15,5,Y,A,N,A,H,A,A,01,,08,B,Y,,,,C,Y,N,D,1,0,0,0,22107.0,3,38.46623992919922,-122.72840118408205,1
2020,2020-05-26,928,5,1,9,2,N,A,N,A,H,-,A,01,E,01,G,Y,,,,B,Y,N,D,0,0,0,0,23152.0,3,38.263042449951165,-122.65977478027344,1
2019,2019-08-12,117,8,2,1,1,Y,A,N,A,H,C,D,22,,10,G,Y,,,,B,N,N,A,1,1,0,0,21950.0,2,38.3284912109375,-122.69976043701172,3
2019,2019-08-09,1847,8,2,18,5,Y,A,Y,A,H,A,L,04,,05,D,,Y,,,G,N,F,A,1,0,1,0,21650.0,2,38.24615097045898,-122.6261749267578,3
2019,2019-08-01,1735,8,2,17,4,Y,A,N,A,H,A,L,04,,12,B,,Y,,,G,N,N,A,1,0,1,0,21453.0,2,38.262489318847656,-122.62962341308594,3
2019,2019-07-25,2220,7,2,22,4,N,A,N,A,H,C,C,02,E,01,F,,,Y,,A,N,M,D,1,0,0,1,23152.0,1,38.547271728515625,-122.81571197509766,3
2019,2019-08-08,1801,8,2,18,4,Y,A,N,A,H,A,L,04,,05,H,,Y,,,G,N,N,D,1,0,1,0,21650.0,2,38.242919921875,-122.63169860839844,3
2019,2019-08-06,1006,8,2,10,2,N,A,N,A,H,A,A,01,W,09,D,,,,,C,N,N,D,1,0,0,0,21801.0,2,38.21951675415039,-122.6528778076172,4
2019,2019-08-14,1213,8,2,12,3,N,A,Y,A,H,A,D,22,E,03,C,,,,,C,Y,N,A,1,0,0,0,22350.0,3,38.232940673828125,-122.58723449707033,4
2019,2019-08-01,0,8,2,0,4,Y,A,Y,A,H,A,D,22,,03,C,,,,,C,N,N,A,1,0,0,0,22350.0,2,38.40526580810546,-122.82820892333984,3
2019,2019-07-09,907,7,2,9,2,N,A,Y,A,H,A,A,07,S,03,C,,,,,C,Y,N,A,1,0,0,0,22350.0,2,38.390182495117195,-122.81603240966795,4
2019,2019-06-08,1950,6,2,19,6,N,A,Y,A,H,A,A,01,E,03,C,,,,,C,Y,N,D,2,0,0,0,22350.0,2,38.40526580810546,-122.82846832275392,4
2019,2019-07-25,1112,7,2,11,4,Y,A,N,A,H,A,A,01,,08,D,,,,,C,Y,N,D,1,0,0,0,22107.0,2,38.41437911987305,-122.72055053710938,4
2019,2019-07-26,1358,7,2,13,5,Y,A,N,A,H,A,A,07,,12,D,,,,,C,Y,N,A,1,0,0,0,21453.0,2,38.44036865234375,-122.71614837646484,3
2019,2019-07-10,1327,7,2,13,3,N,A,N,A,H,A,C,02,E,03,C,,,Y,,C,N,N,D,1,0,0,1,22350.0,2,38.42506408691406,-122.66857147216795,4
2019,2019-08-08,1142,8,2,11,4,N,A,N,A,H,A,D,22,N,09,D,,,Y,,C,Y,N,D,1,0,0,1,21804.0,2,38.47356033325195,-122.73118591308594,4
2019,2019-08-06,744,8,2,7,2,Y,A,N,A,H,A,D,22,,05,A,,,,,C,Y,N,A,2,0,0,0,21650.0,2,38.472537994384766,-122.74928283691406,3
2019,2019-06-24,1614,6,2,16,1,N,A,N,A,H,A,D,22,S,08,B,,,,,C,N,N,D,1,0,0,0,22107.0,2,38.417526245117195,-122.71749877929688,4
2019,2019-07-04,1531,7,2,15,4,N,A,N,A,H,A,D,22,E,22,A,,,,,I,Y,N,D,1,0,0,0,,1,38.47273635864258,-122.68324279785156,4
2019,2019-08-01,1529,8,2,15,4,N,A,N,A,H,A,D,22,N,03,C,,,,,C,N,N,A,1,0,0,0,22350.0,4,38.45955276489258,-122.76964569091795,4
2019,2019-08-01,1308,8,2,13,4,Y,A,Y,A,H,A,A,07,,09,D,,,,,C,Y,N,A,2,0,0,0,21802.0,4,38.46505737304688,-122.65784454345705,3
2019,2019-07-26,808,7,2,8,5,N,A,Y,A,H,A,D,22,N,09,D,,,,,C,Y,N,D,1,0,0,0,21801.0,2,38.44707489013672,-122.68811798095705,4
2019,2019-08-06,748,8,2,7,2,N,A,N,A,H,A,A,01,S,03,C,,,,,C,N,N,A,2,0,0,0,22350.0,2,38.411815643310554,-122.74139404296876,4
2019,2019-07-22,958,7,2,9,1,N,A,N,A,H,A,A,01,S,09,D,,,,,C,Y,N,D,1,0,0,0,21804.0,2,38.47395706176758,-122.72752380371094,4
2019,2019-08-06,1331,8,2,13,2,Y,A,N,A,H,A,D,22,,09,D,,,,,C,Y,N,D,1,0,0,0,21802.0,2,38.42760848999024,-122.71038818359376,4
2019,2019-07-30,6,7,2,0,2,N,A,N,A,H,C,A,01,S,01,C,,,,,E,Y,M,D,1,0,0,0,23152.0,3,38.46665191650391,-122.67681121826172,3
2019,2019-08-02,1541,8,2,15,5,N,A,N,A,H,A,A,01,N,06,B,,,,Y,C,Y,N,D,1,0,0,0,21755.0,2,38.47660446166992,-122.73136901855467,4
2019,2019-07-09,1636,7,2,16,2,Y,A,N,A,H,A,A,01,,03,H,,,,,C,Y,N,D,1,0,0,0,22350.0,2,38.43547058105469,-122.75106048583984,4
2019,2019-07-28,1421,7,2,14,7,Y,A,N,A,H,A,D,22,,12,D,,,,,C,Y,N,A,1,0,0,0,21453.0,3,38.445068359375,-122.75135803222656,4
2019,2019-07-29,1542,7,2,15,1,Y,A,N,A,H,A,A,01,,09,D,,,,,C,Y,N,D,2,0,0,0,21804.0,3,38.46562957763672,-122.75113677978516,4
2019,2019-06-20,1023,6,2,10,4,N,A,N,A,H,A,A,01,W,08,B,,,,,C,Y,N,D,1,0,0,0,22107.0,3,38.44868087768555,-122.68060302734376,4
2019,2019-07-03,2318,7,2,23,3,N,A,N,A,H,C,N,60,S,11,G,Y,,,,B,N,N,D,1,1,0,0,21955.0,2,38.44510269165039,-122.68780517578124,4
2019,2019-07-24,659,7,2,6,3,N,A,N,A,H,A,A,01,E,03,B,,,,,E,Y,N,D,1,0,0,0,22350.0,2,38.435222625732415,-122.7069854736328,4
2019,2019-07-24,951,7,2,9,3,Y,A,N,A,H,A,D,22,,09,D,,,,,C,Y,N,A,1,0,0,0,21802.0,2,38.42760848999024,-122.71038818359376,3
2019,2019-06-17,1723,6,2,17,1,N,A,N,A,H,A,A,01,N,03,C,,,,,C,N,N,D,1,0,0,0,22350.0,2,38.43175506591797,-122.7257080078125,4
2019,2019-06-29,1232,6,2,12,6,N,A,N,A,H,A,L,04,S,08,A,,Y,,,J,N,N,A,1,0,1,0,22107.0,1,38.42439270019531,-122.67107391357422,4
2019,2019-06-30,213,6,2,2,7,N,A,N,A,H,C,A,01,S,01,E,,,,,I,Y,N,D,3,0,0,0,23152.0,1,38.46109390258789,-122.76414489746094,3
2019,2019-06-15,2151,6,2,21,6,N,A,N,A,H,C,A,01,E,03,E,,,,,I,Y,M,D,1,0,0,0,22350.0,1,38.43786239624024,-122.76148223876952,4
2019,2019-06-09,2208,6,2,22,7,N,A,N,A,H,C,A,01,N,01,C,,,,,E,Y,N,A,1,0,0,0,23152.0,2,38.45604705810546,-122.76725006103516,3
2019,2019-06-20,741,6,2,7,4,Y,A,N,A,H,A,A,01,,08,A,,,,,C,Y,N,D,1,0,0,0,22107.0,2,38.416500091552734,-122.70426940917967,3
2019,2019-06-07,2206,6,2,22,5,Y,A,N,A,H,C,A,01,,09,A,,,,,C,Y,N,A,2,0,0,0,21801.0,2,38.44564056396485,-122.7341537475586,3
2019,2019-06-14,922,6,2,9,5,Y,A,N,A,H,A,A,01,,12,D,,,,,C,Y,N,A,1,0,0,0,21453.0,3,38.44038009643555,-122.70282745361328,4
2019,2019-06-25,2139,6,2,21,2,N,A,N,A,H,D,A,01,W,09,A,,,Y,,C,Y,N,D,1,0,0,1,21804.0,2,38.403518676757805,-122.76321411132812,2
2019,2019-07-15,1248,7,2,12,1,Y,A,N,A,H,A,A,01,,01,C,,,,,C,,N,A,2,0,0,0,23152.0,2,38.41424179077149,-122.72928619384766,3
2019,2019-06-29,2115,6,2,21,6,N,A,N,A,H,C,A,01,N,01,B,,,,,E,Y,N,D,1,0,0,0,23152.0,2,38.42214584350586,-122.724365234375,4
2019,2019-07-10,1434,7,2,14,3,N,A,N,A,H,A,A,01,N,08,E,,,,,I,Y,N,D,1,0,0,0,22107.0,1,38.46566009521485,-122.71973419189452,3
2019,2019-06-30,1712,6,2,17,7,N,A,N,A,H,A,-,- ,S,12,D,,,,,C,N,N,A,2,0,0,0,21453.0,2,38.41162872314453,-122.71353149414062,4
2019,2019-07-04,1630,7,2,16,4,N,A,N,A,H,A,A,01,W,08,D,,,,,C,Y,N,A,1,0,0,0,22100.0,2,38.43286895751953,-122.70204925537108,4
2019,2019-07-03,1737,7,2,17,3,N,A,N,A,H,A,A,01,W,12,D,,,,,C,Y,N,A,2,0,0,0,21453.0,2,38.445659637451165,-122.7177505493164,3
2019,2019-07-02,1306,7,2,13,2,N,A,N,A,H,A,A,01,S,08,C,,,,,E,Y,N,D,1,0,0,0,22107.0,2,38.421585083007805,-122.72429656982422,4
2019,2019-07-05,1420,7,2,14,5,N,A,N,A,H,A,A,01,W,03,C,,,,,C,N,N,A,1,0,0,0,22350.0,2,38.42953872680664,-122.72991180419922,4
2019,2019-07-09,810,7,2,8,2,N,A,N,A,H,A,A,07,S,03,C,,,,,C,Y,N,D,1,0,0,0,22350.0,2,38.45448303222656,-122.73694610595705,4
2019,2019-07-13,2141,7,2,21,6,Y,A,N,A,H,C,A,01,,10,G,Y,,,,B,N,N,A,1,1,0,0,21950.0,2,38.43775939941406,-122.68740081787108,3
2019,2019-07-16,1919,7,2,19,2,N,A,N,A,H,A,A,01,W,01,E,,,,,I,Y,N,A,1,0,0,0,23152.0,1,38.45998001098633,-122.73258972167967,2
2019,2019-07-15,1218,7,2,12,1,Y,A,N,A,H,A,A,01,,01,D,,,,,C,Y,N,A,1,0,0,0,23152.0,2,38.41426849365234,-122.72701263427734,3
2019,2019-07-10,1512,7,2,15,3,N,A,N,A,H,A,L,04,N,08,B,,Y,,,G,N,N,A,1,0,1,0,22107.0,2,38.45985412597656,-122.72837829589844,4
2019,2019-07-17,1119,7,2,11,3,Y,A,N,A,H,A,A,01,,12,D,,Y,,,G,N,N,A,1,0,1,0,21453.0,2,38.44160842895508,-122.7289810180664,3
2019,2019-07-17,722,7,2,7,3,Y,A,N,A,H,A,L,04,,05,D,,Y,,,G,N,N,A,1,0,1,0,21650.0,2,38.45478057861328,-122.71739196777344,4
2019,2019-07-08,937,7,2,9,1,Y,A,N,A,H,A,-,- ,,00,G,Y,,,,B,N,N,A,1,1,0,0,,2,38.42594,-122.75336,3
2019,2019-07-07,1126,7,2,11,7,Y,A,N,A,H,A,A,01,,08,D,,Y,,,G,N,N,D,1,0,1,0,22107.0,2,38.4345817565918,-122.71192169189452,4
2019,2019-07-07,859,7,2,8,7,Y,A,N,A,H,A,-,- ,,12,D,,,,,C,Y,N,A,2,0,0,0,21453.0,2,38.439319610595696,-122.72046661376952,4
2019,2019-08-14,1533,8,2,15,3,Y,A,N,A,H,A,A,08,,01,D,,Y,,,G,N,N,A,1,0,1,0,23153.0,3,38.23381805419922,-122.63609313964844,3
2019,2019-07-09,1327,7,2,13,2,N,A,N,A,H,A,A,01,W,09,B,,,,,C,Y,N,D,1,0,0,0,21804.0,2,38.42682266235352,-122.74201202392578,4
2019,2019-08-07,1533,8,2,15,3,N,A,N,A,H,A,A,07,N,05,C,,,,,C,N,N,D,2,0,0,0,21460.0,2,38.6179313659668,-122.8756866455078,3
2019,2019-07-21,1715,7,2,17,7,Y,A,N,A,H,A,A,01,,03,C,,,,,C,N,N,A,2,0,0,0,22350.0,3,38.44524002075195,-122.75129699707033,4
2019,2019-07-26,1514,7,2,15,5,N,A,N,A,H,A,A,01,W,21,C,,,,,D,Y,N,D,1,0,0,0,22106.0,2,38.45970153808594,-122.73009490966795,4
2019,2019-07-19,1211,7,2,12,5,Y,A,Y,A,H,A,A,01,,09,D,,,,,C,N,N,B,2,0,0,0,21800.0,2,38.4334716796875,-122.72354888916016,4
2019,2019-08-05,1121,8,2,11,1,Y,A,N,A,H,A,A,01,,09,D,,,,,C,Y,N,A,2,0,0,0,21802.0,2,38.46540069580078,-122.71640014648438,3
2019,2019-07-30,1525,7,2,15,2,N,A,N,A,H,A,A,01,E,03,C,,,,,C,N,N,D,1,0,0,0,22350.0,3,38.432902,-122.701916,4
2019,2019-08-03,1720,8,2,17,6,N,A,N,A,H,A,A,01,W,03,C,,,,,C,Y,N,A,6,0,0,0,22350.0,3,38.426315307617195,-122.74843597412108,3
2019,2019-07-03,636,7,2,6,3,Y,B,N,A,H,A,A,07,,09,D,,Y,,,G,N,N,A,1,0,1,0,21800.0,2,38.44038009643555,-122.70282745361328,4
2019,2019-08-11,1520,8,2,15,7,Y,A,N,A,H,A,A,01,,03,C,,,,,C,N,N,A,1,0,0,0,22350.0,2,38.4549217224121,-122.76966094970705,4
2019,2019-07-29,1201,7,2,12,1,N,A,N,A,H,A,A,01,E,08,C,,,,,C,Y,N,D,1,0,0,0,22107.0,2,38.422069549560554,-122.73812866210938,3
2019,2019-08-07,1441,8,2,14,3,Y,A,N,A,H,A,A,01,,12,D,,,,,C,Y,N,A,5,0,0,0,21453.0,3,38.4388084411621,-122.70844268798828,3
2019,2019-07-27,1117,7,2,11,6,N,A,N,A,H,A,A,01,W,09,D,,,,,C,N,N,D,1,0,0,0,21804.0,2,38.44540023803711,-122.74008941650392,4
2019,2019-08-02,1525,8,2,15,5,Y,A,N,A,H,A,A,01,,09,D,,,,,C,Y,N,A,1,0,0,0,21801.0,2,38.45252990722656,-122.75678253173828,4
2019,2019-07-22,1312,7,2,13,1,N,A,N,A,H,A,A,01,W,17,B,,Y,,,G,N,N,D,1,0,1,0,22517.0,2,38.4447021484375,-122.71918487548828,4
2019,2019-08-01,1540,8,2,15,4,Y,A,N,A,H,A,A,01,,09,D,,,,,C,Y,N,D,1,0,0,0,21804.0,2,38.42491149902344,-122.75330352783205,4
2019,2019-07-27,1020,7,2,10,6,Y,A,N,A,H,A,A,07,,00,D,,Y,,,G,N,N,A,1,0,1,0,23103.0,2,38.44160842895508,-122.7289810180664,4
2019,2019-08-13,1018,8,2,10,2,Y,A,N,A,H,A,A,01,,03,C,,,,,C,N,N,A,2,0,0,0,22350.0,2,38.414409637451165,-122.71946716308594,4
2019,2019-07-29,1250,7,2,12,1,Y,A,N,A,H,A,A,01,,09,D,,,,,C,N,N,A,1,0,0,0,21802.0,2,38.47684860229492,-122.73809814453124,4
2019,2019-08-13,1559,8,2,15,2,Y,A,N,A,H,A,A,01,,09,D,,,,,C,Y,N,A,4,0,0,0,21802.0,2,38.44229888916016,-122.69583129882812,4
2019,2019-07-19,1908,7,2,19,5,Y,A,N,A,H,A,A,01,,08,D,,,,,C,N,N,A,1,0,0,0,22100.0,2,38.472480773925774,-122.73072052001952,3
2019,2019-08-13,1248,8,2,12,2,N,A,N,A,H,A,A,01,N,09,F,,,Y,,A,N,N,D,1,0,0,1,21804.0,2,,,4
2019,2019-07-25,1736,7,2,17,4,N,A,N,A,H,A,A,01,E,03,C,,,,,C,Y,N,D,2,0,0,0,22350.0,3,38.414344787597656,-122.72203826904295,4
2019,2019-07-31,1309,7,2,13,3,N,A,N,A,H,A,A,01,W,03,C,,,,,C,Y,N,D,1,0,0,0,22350.0,2,38.45981597900391,-122.66689300537108,3
2019,2019-08-09,1122,8,2,11,5,N,A,N,A,H,A,-,,E,08,E,,,,,I,Y,N,D,1,0,0,0,22107.0,1,38.46931076049805,-122.74272918701172,4
2019,2019-07-22,1751,7,2,17,1,N,A,N,A,H,A,A,01,S,04,C,,,,,C,Y,N,A,1,0,0,0,21703.0,3,38.411815643310554,-122.74139404296876,4
2019,2019-07-30,953,7,2,9,2,Y,A,Y,A,H,A,A,01,,12,A,,,,,C,Y,N,D,1,0,0,0,21453.0,2,38.42076110839844,-122.71543884277344,4
2019,2019-07-26,1310,7,2,13,5,N,A,Y,A,H,A,A,07,W,03,C,,,,,C,N,N,A,2,0,0,0,22350.0,2,38.46478271484375,-122.65168762207033,4
2019,2019-07-20,1024,7,2,10,6,Y,A,Y,A,H,A,-,- ,,00,F,,,Y,,A,Y,N,A,1,0,0,1,,1,38.46269226074219,-122.66830444335938,4
2019,2019-07-09,456,7,2,4,2,Y,A,Y,A,H,B,A,07,,12,D,,,,,C,Y,N,A,1,0,0,0,21453.0,3,38.44767379760742,-122.72509765625,4
2019,2019-07-17,823,7,2,8,3,Y,A,Y,A,H,A,A,07,,12,D,,,,,C,N,N,A,2,0,0,0,21453.0,2,38.42076110839844,-122.71543884277344,4
2019,2019-07-16,1203,7,2,12,2,Y,A,Y,A,H,A,A,01,,09,D,,,,,C,Y,N,A,1,0,0,0,21453.0,2,38.45705032348633,-122.72614288330078,4
2019,2019-07-03,1101,7,2,11,3,N,A,Y,A,H,A,-,,E,03,C,,,,,C,N,N,A,1,0,0,0,22350.0,2,38.45602035522461,-122.62811279296876,4
2019,2019-07-04,935,7,2,9,4,N,A,Y,A,H,A,A,01,E,03,C,,,,,C,N,N,A,2,0,0,0,22350.0,2,38.44820022583008,-122.7255859375,3
2019,2019-07-06,2102,7,2,21,6,Y,A,Y,A,H,C,A,01,,09,D,,,,,C,Y,M,A,1,0,0,0,21802.0,2,38.44076919555664,-122.68711090087892,4
2019,2019-07-11,839,7,2,8,4,Y,A,Y,A,A,A,-,- ,,12,D,,,,,C,Y,N,A,2,0,0,0,21453.0,2,38.44149398803711,-122.72079467773438,3
2019,2019-06-30,1053,6,2,10,7,Y,A,Y,A,H,A,A,01,,03,C,,,,,C,N,N,A,1,0,0,0,22350.0,2,38.40288925170898,-122.81917572021484,3
2019,2019-08-18,1731,8,2,17,7,N,A,Y,A,H,A,A,01,E,03,C,,,,,C,Y,N,D,1,0,0,0,22350.0,2,38.25345230102539,-122.39358520507812,4
2019,2019-07-18,805,7,2,8,4,Y,A,N,A,H,A,A,07,,10,G,Y,,,,B,N,N,A,1,1,0,0,21950.0,2,38.43724822998047,-122.70668029785156,3
2019,2019-07-28,1636,7,2,16,7,Y,A,N,A,H,A,A,01,,12,D,,,,,C,Y,N,A,2,0,0,0,21453.0,2,38.4323616027832,-122.70443725585938,4
2019,2019-06-19,1523,6,2,15,3,Y,A,N,A,H,A,A,01,,09,A,,,,,C,Y,N,A,3,0,0,0,21453.0,2,38.34843063354492,-122.71688842773438,4
2019,2019-06-14,1258,6,2,12,5,N,A,N,A,H,A,A,01,E,03,C,,,,,C,,N,A,3,0,0,0,22350.0,5,38.36326217651367,-122.72096252441406,4
2019,2019-08-14,744,8,2,7,3,Y,A,Y,A,H,A,D,22,,09,D,,,,,C,Y,F,D,2,0,0,0,21801.0,2,38.54943084716797,-122.81031036376952,3
2019,2019-08-15,1418,8,2,14,4,N,A,N,A,H,A,D,22,W,03,C,,,,,C,N,N,D,2,0,0,0,22350.0,3,38.52574920654297,-122.78588104248048,4
2019,2019-08-03,2325,8,2,23,6,N,A,N,A,H,C,A,07,S,13,C,,,,,C,Y,M,D,1,0,0,0,22500.0,3,38.53566360473633,-122.78851318359376,3
2019,2019-08-09,1214,8,2,12,5,N,A,Y,A,H,A,A,01,W,03,C,,,,,C,Y,N,A,1,0,0,0,22350.0,3,38.54958724975586,-122.81080627441406,4
2019,2019-08-08,2030,8,2,20,4,Y,A,N,A,H,B,A,01,,09,D,,,,,C,N,N,A,2,0,0,0,21453.0,2,38.3413314819336,-122.6948699951172,3
2019,2019-08-13,2333,8,2,23,2,Y,A,Y,A,H,C,A,01,,12,D,,,,,C,N,N,A,2,0,0,0,21453.0,2,38.350547790527344,-122.71324157714844,4
2019,2019-08-21,1716,8,2,17,3,N,A,N,A,H,A,A,07,W,09,D,,,,,C,Y,F,D,2,0,0,0,21804.0,2,38.25062942504882,-122.62462615966795,3
2019,2019-05-31,2355,5,1,23,5,N,A,N,A,H,C,A,01,N,03,E,,,,,I,Y,N,D,1,0,0,0,22350.0,1,38.41609191894531,-122.75406646728516,2
2019,2019-07-14,1804,7,2,18,7,N,A,N,A,H,A,-,,E,01,E,,,,,I,N,N,D,1,0,0,0,23152.0,1,,,4
2019,2019-05-04,1210,5,1,12,6,N,A,N,A,H,A,A,01,E,10,G,Y,,,,B,N,F,A,1,1,0,0,21950.0,2,38.456581115722656,-122.73627471923828,4
2019,2019-08-09,656,8,2,6,5,Y,B,N,A,H,B,A,01,,12,D,,,Y,,C,Y,N,A,1,0,0,1,21453.0,2,38.238059997558594,-122.6360092163086,4
2019,2019-08-18,1913,8,2,19,7,N,A,N,A,H,A,A,07,N,08,D,,,,,C,Y,N,D,1,0,0,0,22103.0,2,38.24252700805664,-122.59408569335938,3
2019,2019-08-12,2106,8,2,21,1,Y,A,N,A,H,C,A,01,,10,G,Y,,,,B,N,N,D,1,1,0,0,21950.0,2,38.334659576416016,-122.7124481201172,3
2019,2019-08-25,817,8,2,8,7,Y,A,N,A,H,A,D,22,,12,D,,,,,C,Y,N,A,1,0,0,0,22450.0,2,38.23144912719727,-122.64569854736328,4
2019,2019-08-26,1429,8,2,14,1,Y,A,N,A,H,A,A,07,,09,A,,,,,C,Y,N,D,2,0,0,0,21801.0,2,38.257148742675774,-122.63713836669922,3
2019,2019-08-27,1306,8,2,13,2,N,A,N,A,D,A,A,07,N,03,C,,,,,C,Y,N,A,1,0,0,0,22350.0,2,38.26861953735352,-122.65366363525392,4
2019,2019-09-05,805,9,3,8,4,N,A,N,A,H,A,A,01,S,09,D,,,,Y,C,Y,N,D,1,0,0,0,21804.0,3,38.23580932617188,-122.60205078125,4
2019,2019-08-28,855,8,2,8,3,Y,A,N,A,H,A,L,04,,09,D,,Y,,,G,N,N,A,1,0,1,0,21804.0,2,38.29473114013672,-122.46781158447266,3
2019,2019-08-30,1830,8,2,18,5,Y,A,N,-,A,-,A,07,,09,D,,,,,C,N,N,A,1,0,0,0,21802.0,2,38.24993133544922,-122.60736846923828,4
2019,2019-09-05,1309,9,3,13,4,Y,A,N,A,H,A,A,07,,09,D,,,,,C,Y,N,D,2,0,0,0,21801.0,2,38.242000579833984,-122.64389801025392,4
2019,2019-05-15,1250,5,1,12,3,N,C,N,B,H,A,A,01,S,03,A,,,,,C,,N,D,2,0,0,0,22350.0,2,38.4595947265625,-122.68353271484376,3
2019,2019-07-06,1348,7,2,13,6,Y,A,N,A,H,A,A,01,,09,D,,,,,C,N,N,D,1,0,0,0,21804.0,2,38.35195159912109,-122.69564056396484,4
2019,2019-08-03,1811,8,2,18,6,Y,-,N,A,H,A,D,72,,01,F,,,,,C,N,N,D,1,0,0,0,23152.0,2,38.338970184326165,-122.70142364501952,4
2019,2019-08-02,1818,8,2,18,5,N,-,N,A,H,A,A,01,W,01,B,,,,,C,Y,F,D,1,0,0,0,23152.0,2,38.34906768798828,-122.72450256347656,2
2019,2019-08-01,2251,8,2,22,4,Y,A,Y,A,H,C,A,08,,01,D,,,,,C,Y,F,A,1,0,0,0,23153.0,2,38.350547790527344,-122.71324157714844,4
2019,2019-08-20,1133,8,2,11,2,N,A,N,A,H,A,D,22,E,08,E,,,,,I,Y,N,D,1,0,0,0,22107.0,1,38.427345275878906,-122.69476318359376,3
2019,2019-08-02,37,8,2,0,5,N,A,Y,A,H,C,D,22,N,03,C,,,,,C,Y,F,A,1,0,0,0,22350.0,2,38.437694549560554,-122.68739318847656,4
2019,2019-07-24,1745,7,2,17,3,N,A,Y,A,H,A,L,04,S,05,D,,Y,,,G,N,F,A,1,0,1,0,21202.0,2,38.45759582519531,-122.72599029541016,2
2019,2019-09-01,1756,9,3,17,7,N,A,N,A,H,A,A,01,,01,E,,,,,I,Y,N,D,1,0,0,0,23152.0,2,38.42509078979492,-122.70455932617188,4
2019,2019-08-18,1755,8,2,17,7,Y,A,N,A,H,A,C,02,,12,D,,,Y,,C,N,N,A,1,0,0,1,22450.0,2,38.45647811889648,-122.71428680419922,3
2019,2019-09-07,1400,9,3,14,6,N,A,N,A,H,A,D,22,S,08,D,,,Y,,C,Y,N,D,1,0,0,1,22107.0,2,38.45021438598633,-122.7513427734375,4
2019,2019-08-08,2039,8,2,20,4,N,B,N,A,H,C,D,22,N,01,A,,,,,C,Y,N,D,2,0,0,0,23152.0,3,,,3
2019,2019-08-28,1505,8,2,15,3,Y,A,N,A,H,A,A,01,,09,A,,,,,C,Y,N,A,1,0,0,0,21801.0,3,38.47972106933594,-122.73811340332033,4
2019,2019-09-04,1935,9,3,19,3,Y,A,Y,A,H,B,A,01,,12,D,,,,,C,Y,N,A,2,0,0,0,21453.0,2,38.43251800537109,-122.72924041748048,4
2019,2019-09-03,1020,9,3,10,2,N,A,N,A,H,A,G,25,W,07,B,,,,Y,C,Y,N,D,1,0,0,0,21658.0,2,38.445507049560554,-122.7378158569336,4