ACCIDENT_YEAR,COLLISION_DATE,COLLISION_TIME,MONTH,SEASON,24HOURS,DAY_OF_WEEK,INTERSECTION,WEATHER_1,STATE_HWY_IND,ROAD_SURFACE,ROAD_COND_1,LIGHTING,STWD_VEHTYPE_AT_FAULT,CHP_VEHTYPE_AT_FAULT,DIRECTION,PCF_VIOL_CATEGORY,TYPE_OF_COLLISION,PEDESTRIAN_ACCIDENT,BICYCLE_ACCIDENT,MOTORCYCLE_ACCIDENT,TRUCK_ACCIDENT,MVIW,TOW_AWAY,HIT_AND_RUN,CONTROL_DEVICE,NUMBER_INJURED,COUNT_PED_INJURED,COUNT_BICYCLIST_INJURED,COUNT_MC_INJURED,PCF_VIOLATION,PARTY_COUNT,POINT_Y,POINT_X,COLLISION_SEVERITY
2019,2019-08-16,3,8,2,0,5,N,A,N,A,H,C,A,01,S,01,C,,,,,E,Y,N,D,1,0,0,0,23152.0,2,38.47013092041016,-122.69924926757812,4
2019,2019-08-11,1138,8,2,11,7,Y,A,N,A,H,A,A,01,,07,C,,,,,E,Y,N,A,1,0,0,0,21658.0,3,38.465450286865234,-122.7153778076172,4
2019,2019-08-26,1746,8,2,17,1,N,A,N,A,H,A,D,22,W,03,C,,,,,C,Y,M,D,3,0,0,0,22350.0,4,38.414226531982415,-122.73031616210938,4
2019,2019-08-27,530,8,2,5,2,N,B,N,A,H,C,D,22,E,10,G,Y,,,,B,N,M,D,1,1,0,0,21950.0,2,38.44384002685546,-122.76960754394533,3
2019,2019-08-23,1909,8,2,19,5,Y,A,N,A,H,A,D,22,,12,D,,,,,C,Y,N,A,1,0,0,0,22450.0,2,38.40351104736328,-122.76878356933594,4
2019,2019-06-15,2340,6,2,23,6,Y,B,N,A,H,C,A,01,,09,D,,,,,C,Y,N,A,1,0,0,0,21802.0,2,38.354591369628906,-122.70797729492188,4
2019,2019-07-17,954,7,2,9,3,Y,A,N,A,H,A,A,01,,12,D,,,,,C,N,N,A,1,0,0,0,21453.0,2,38.34604,-122.67066,4
2019,2019-08-26,1145,8,2,11,1,Y,A,N,A,H,A,A,01,,06,H,,Y,,,G,N,N,A,1,0,1,0,21951.0,2,,,4
2019,2019-08-19,1318,8,2,13,1,N,A,N,A,H,A,A,01,W,03,C,,,,,C,Y,N,A,1,0,0,0,22350.0,2,38.34598159790039,-122.66690063476562,4
2019,2019-08-16,20,8,2,0,5,N,A,Y,A,H,D,A,01,E,05,A,,,,,C,Y,N,A,1,0,0,0,21460.0,2,38.23122024536133,-122.58417510986328,4
2019,2019-09-08,536,9,3,5,7,Y,B,N,A,H,B,A,01,,08,H,,Y,,,G,N,N,A,1,0,1,0,22107.0,2,38.34817123413086,-122.69615173339844,4
2019,2019-07-01,28,7,2,0,1,N,A,N,A,H,C,A,07,E,03,E,,,,,I,Y,N,A,2,0,0,0,22350.0,1,38.49111175537109,-122.72056579589844,1
2019,2019-10-26,708,10,3,7,6,N,A,Y,A,H,C,N,60,W,11,G,Y,,,,B,Y,N,D,0,0,0,0,21954.0,2,38.45528793334961,-122.62651824951172,1
2019,2019-10-14,259,10,3,2,1,N,A,N,A,H,C,A,01,W,01,C,,,,,E,Y,F,D,1,0,0,0,23152.0,4,38.43796920776367,-122.681884765625,1
2019,2019-09-13,836,9,3,8,5,N,A,N,A,H,A,A,07,S,09,D,,,,,C,N,N,D,4,0,0,0,21801.0,2,38.24157333374024,-122.6437759399414,4
2019,2019-09-13,1336,9,3,13,5,Y,A,N,A,H,A,-,- ,,00,D,,,,,C,Y,N,A,3,0,0,0,,2,38.230918884277344,-122.63784790039062,4
2019,2019-08-24,2231,8,2,22,6,N,A,N,A,H,C,A,01,E,08,B,,,,,C,Y,N,D,1,0,0,0,22107.0,2,38.23501205444336,-122.62057495117188,4
2019,2019-08-30,1228,8,2,12,5,Y,A,N,A,H,A,A,07,,09,B,,,,,C,N,N,D,1,0,0,0,21802.0,2,38.23577880859375,-122.63507843017578,4
2019,2019-08-27,1037,8,2,10,2,N,A,N,A,H,A,A,01,S,05,B,,,,,C,Y,N,D,1,0,0,0,21650.0,2,38.24382019042969,-122.65750885009766,3
2019,2019-09-03,1456,9,3,14,2,N,A,N,A,H,A,A,01,W,05,E,,,,,I,Y,N,D,1,0,0,0,21650.0,1,38.55650329589844,-122.82865142822266,3
2019,2019-08-30,1408,8,2,14,5,Y,A,N,A,H,A,A,01,,09,D,,,,,C,Y,N,A,1,0,0,0,21801.0,2,38.3497314453125,-122.70599365234376,4
2019,2019-09-03,2050,9,3,20,2,N,A,N,A,A,D,A,01,E,08,E,,,,,I,Y,N,D,1,0,0,0,22107.0,1,38.361549377441406,-122.70516204833984,4
2019,2019-09-19,1527,9,3,15,4,N,A,N,A,H,A,A,07,E,03,C,,,,,C,N,N,D,1,0,0,0,22350.0,2,38.24309539794922,-122.63153076171876,4
2019,2019-09-22,1152,9,3,11,7,Y,A,N,A,H,A,A,01,,10,G,Y,,,,B,N,N,A,1,1,0,0,21950.0,2,38.292911529541016,-122.44960784912108,3
2019,2019-08-31,1732,8,2,17,6,Y,A,N,A,H,A,A,01,,08,D,,,,,C,Y,N,D,2,0,0,0,22107.0,2,38.27495956420898,-122.45175170898438,4
2019,2019-08-30,953,8,2,9,5,N,A,Y,A,H,A,D,22,E,05,D,,,,Y,C,Y,N,D,2,0,0,0,21650.0,3,38.22927474975586,-122.58064270019533,2
2019,2019-09-12,758,9,3,7,4,N,A,Y,A,D,A,D,22,W,03,C,,,,,C,Y,N,D,1,0,0,0,22350.0,3,38.62369537353516,-122.87825775146484,3
2019,2019-08-12,1841,8,2,18,1,N,A,N,A,H,A,N,60,E,11,G,Y,,,,B,N,N,D,1,1,0,0,21950.0,2,38.46377182006836,-122.76866912841795,4
2019,2019-09-09,1919,9,3,19,1,Y,A,N,A,H,A,A,01,,08,D,,,,,C,Y,F,A,1,0,0,0,22107.0,2,38.45254898071289,-122.76963043212892,2
2019,2019-09-03,1319,9,3,13,2,N,A,N,A,H,A,A,01,N,03,C,,,,,C,Y,N,A,3,0,0,0,22350.0,5,38.42689895629882,-122.74135589599608,4
2019,2019-09-02,1134,9,3,11,1,Y,A,N,A,H,A,A,01,,12,D,,,,,C,N,M,A,2,0,0,0,21453.0,2,38.44580841064453,-122.73045349121094,4
2019,2019-09-17,1620,9,3,16,2,Y,A,N,A,G,A,A,01,,09,D,,,,,C,Y,N,D,2,0,0,0,21801.0,2,38.32738876342773,-122.70706939697266,4
2019,2019-09-21,859,9,3,8,6,Y,A,N,A,H,A,D,82,,09,D,,,,,C,Y,N,D,1,0,0,0,21802.0,2,38.62947845458984,-122.87261962890624,3
2019,2019-09-22,1521,9,3,15,7,Y,A,N,A,H,A,D,72,,01,C,,,Y,,C,Y,N,D,1,0,0,1,23153.0,2,38.61098861694336,-122.86173248291016,3
2019,2019-08-07,1403,8,2,14,3,N,A,N,A,H,A,D,22,W,05,G,Y,,,,B,Y,N,A,1,1,0,0,21650.0,4,38.397506713867195,-122.84769439697266,2
2019,2019-09-10,653,9,3,6,2,N,A,N,A,H,B,A,01,E,03,C,,,,,E,N,N,A,1,0,0,0,22350.0,2,38.40117645263672,-122.82691192626952,3
2019,2019-07-18,1330,7,2,13,4,N,A,Y,A,H,A,A,01,W,07,B,,,,,C,N,N,A,1,0,0,0,21658.0,2,38.4022216796875,-122.8242645263672,4
2019,2019-09-12,738,9,3,7,4,Y,A,Y,A,H,A,G,25,,12,D,,,,Y,C,Y,F,A,2,0,0,0,21453.0,3,38.23426818847656,-122.59882354736328,4
2019,2019-09-14,1618,9,3,16,6,N,A,N,A,H,A,D,22,E,10,G,Y,,,,B,N,N,A,1,1,0,0,21950.0,2,38.26932907104492,-122.64023590087892,3
2019,2019-09-25,1610,9,3,16,3,Y,A,N,A,H,A,A,01,,09,A,,,,,C,Y,N,A,1,0,0,0,21801.0,2,38.26885986328125,-122.64327239990234,4
2019,2019-08-07,2209,8,2,22,3,N,A,N,A,H,C,N,60,N,11,G,Y,,,,B,Y,N,D,1,1,0,0,21954.0,2,38.43928527832031,-122.68714141845705,2
2019,2019-08-31,1316,8,2,13,6,N,A,N,A,H,A,A,01,N,22,G,Y,,,,B,N,M,D,1,1,0,0,,3,38.4752311706543,-122.7380828857422,4
2019,2019-08-07,1634,8,2,16,3,N,A,N,A,H,A,A,01,W,05,A,,,,,C,Y,N,D,1,0,0,0,21651.0,2,38.43830871582031,-122.60009002685548,3
2019,2019-08-10,1419,8,2,14,6,N,A,N,A,H,A,A,01,E,03,C,,,,,C,Y,N,D,3,0,0,0,22350.0,2,38.44169235229492,-122.69808197021484,3
2019,2019-08-10,2219,8,2,22,6,Y,A,N,A,H,C,A,01,,01,C,,,,,C,Y,M,A,1,0,0,0,23152.0,2,,,4
2019,2019-08-30,713,8,2,7,5,N,A,N,A,H,A,C,02,W,06,E,,,Y,,I,Y,N,A,1,0,0,1,21755.0,1,38.4764404296875,-122.72090911865234,2
2019,2019-08-14,1549,8,2,15,3,Y,A,N,A,H,-,A,01,,09,D,,,,,C,Y,N,A,2,0,0,0,21801.0,2,38.453121185302734,-122.70815277099608,4
2019,2019-08-11,1344,8,2,13,7,N,A,N,A,H,A,A,01,W,09,D,,,,,C,Y,N,D,1,0,0,0,21801.0,2,38.41326141357422,-122.70693969726562,4
2019,2019-08-25,2153,8,2,21,7,N,A,N,A,H,C,A,01,N,08,E,,,,,I,Y,N,D,4,0,0,0,22107.0,1,38.474655151367195,-122.72120666503906,3
2019,2019-08-14,750,8,2,7,3,Y,A,N,A,H,A,A,01,,09,D,,,,,C,Y,N,A,2,0,0,0,21802.0,2,38.44770050048828,-122.71221160888672,3
2019,2019-08-15,1533,8,2,15,4,Y,A,N,A,H,A,A,01,,10,G,Y,,,,B,N,M,D,1,1,0,0,21950.0,2,38.44197082519531,-122.72405242919922,3
2019,2019-08-26,1341,8,2,13,1,Y,A,N,A,H,A,-,- ,,00,C,,Y,,,G,N,M,D,1,0,1,0,,2,38.44351959228516,-122.70728302001952,3
2019,2019-08-20,804,8,2,8,2,Y,B,N,A,H,A,A,01,,09,D,,,,,C,Y,N,D,2,0,0,0,21802.0,2,38.40916061401367,-122.70416259765624,4
2019,2019-08-21,1538,8,2,15,3,Y,A,N,A,H,A,A,01,,09,D,,,,,C,Y,N,D,1,0,0,0,21801.0,2,38.4747200012207,-122.72866821289062,4
2019,2019-08-25,1921,8,2,19,7,N,A,N,A,H,B,A,01,W,03,E,,,,,I,Y,N,D,1,0,0,0,22350.0,1,38.49260711669922,-122.7068099975586,4
2019,2019-08-26,729,8,2,7,1,N,A,N,A,H,A,A,01,S,08,D,,,,,C,Y,N,D,2,0,0,0,22107.0,2,38.46149444580078,-122.76963806152344,4
2019,2019-08-23,2037,8,2,20,5,N,A,N,A,H,C,A,01,W,08,B,,,,,C,N,N,A,1,0,0,0,22107.0,2,38.45999526977539,-122.72711944580078,4
2019,2019-08-28,1727,8,2,17,3,N,A,N,A,H,A,-,- ,N,18,E,,,,,I,Y,N,A,1,0,0,0,,1,38.44587707519531,-122.7304458618164,4
2019,2019-08-18,1614,8,2,16,7,Y,A,N,A,H,A,A,01,,08,B,,,,,C,Y,N,A,3,0,0,0,22107.0,2,38.430618286132805,-122.72530364990234,3
2019,2019-08-23,1523,8,2,15,5,N,A,N,A,H,A,A,01,E,03,C,,,,,C,N,N,A,3,0,0,0,22350.0,2,38.4598388671875,-122.72830963134766,4
2019,2019-08-23,1456,8,2,14,5,N,A,N,A,H,A,A,01,W,09,D,,,,,C,Y,N,D,3,0,0,0,21804.0,2,38.4683952331543,-122.74634552001952,3
2019,2019-08-15,815,8,2,8,4,N,A,N,A,H,A,A,01,E,03,C,,,,,C,Y,N,A,1,0,0,0,22350.0,2,38.44572830200195,-122.72039031982422,4
2019,2019-08-23,1240,8,2,12,5,N,A,N,A,H,A,A,01,S,09,C,,,,,C,Y,N,D,1,0,0,0,21801.0,2,38.444034576416016,-122.73052215576172,4
2019,2019-08-04,1758,8,2,17,7,N,A,N,A,H,A,A,01,N,03,C,,Y,,,G,N,M,A,1,0,1,0,22350.0,2,38.41786956787109,-122.71749877929688,3
2019,2019-08-22,801,8,2,8,4,N,A,N,A,H,A,A,01,E,03,C,,,,,C,Y,N,D,2,0,0,0,22350.0,2,38.46036529541016,-122.72111511230467,4
2019,2019-08-02,406,8,2,4,5,N,A,N,A,H,C,A,01,E,03,E,,,,,I,Y,M,A,1,0,0,0,22350.0,1,,,4
2019,2019-08-17,2126,8,2,21,6,N,A,N,A,H,C,C,02,S,22,E,,,Y,,I,Y,N,D,1,0,0,1,,1,38.44469833374024,-122.75135040283205,2
2019,2019-08-14,1534,8,2,15,3,N,A,N,A,H,A,A,01,S,03,C,,,,,C,N,N,D,1,0,0,0,22350.0,2,38.44970703125,-122.73353576660156,3
2019,2019-08-31,1354,8,2,13,6,Y,A,N,A,H,A,A,01,,08,D,,,,,C,Y,N,A,1,0,0,0,22107.0,2,38.4578514099121,-122.6484603881836,4
2019,2019-08-15,758,8,2,7,4,Y,A,N,A,H,A,A,01,,09,D,,,,,C,N,F,D,3,0,0,0,21801.0,2,38.4469108581543,-122.72657012939452,3
2019,2019-08-28,815,8,2,8,3,Y,A,N,A,H,A,A,01,,09,D,,,,,C,Y,N,A,2,0,0,0,21802.0,2,38.43180084228516,-122.66831970214844,3
2019,2019-08-20,1114,8,2,11,2,N,A,N,A,H,A,A,01,E,09,D,,,,,C,Y,N,D,1,0,0,0,21804.0,2,38.44565200805664,-122.73387145996094,4
2019,2019-08-26,1513,8,2,15,1,Y,A,N,A,H,A,A,01,,03,C,,,,,C,N,N,A,1,0,0,0,22350.0,2,38.46100997924805,-122.71720123291016,4
2019,2019-08-20,1255,8,2,12,2,N,A,N,A,H,A,A,01,E,09,H,,,Y,,A,N,N,D,1,0,0,1,21804.0,2,38.458595275878906,-122.67236328125,3
2019,2019-08-30,721,8,2,7,5,Y,A,N,A,H,A,A,07,,17,D,,,,,C,Y,N,A,1,0,0,0,21451.0,2,38.416500091552734,-122.70426940917967,3
2019,2019-08-20,1733,8,2,17,2,Y,A,N,A,H,A,A,01,,09,D,,,,,C,Y,N,A,2,0,0,0,21801.0,2,38.440391540527344,-122.71177673339844,4
2019,2019-08-28,1508,8,2,15,3,N,A,N,A,H,A,A,07,W,09,D,,,,,C,Y,N,D,1,0,0,0,21804.0,2,38.44381332397461,-122.69789886474608,4
2019,2019-08-21,759,8,2,7,3,Y,A,N,A,H,A,A,07,,12,D,,,,,C,Y,N,A,2,0,0,0,21453.0,2,38.45998001098633,-122.73256683349608,3
2019,2019-08-12,1704,8,2,17,1,Y,A,N,A,H,A,A,01,,09,D,,,,,C,N,M,A,2,0,0,0,21802.0,2,38.45069122314453,-122.7175521850586,4
2019,2019-08-10,1304,8,2,13,6,N,A,N,A,H,A,A,01,E,12,D,,,,,C,Y,N,A,1,0,0,0,21453.0,2,38.44160842895508,-122.7289810180664,4
2019,2019-08-11,2102,8,2,21,7,Y,A,N,A,G,C,A,01,,12,D,,,,,C,Y,N,A,2,0,0,0,21453.0,2,38.467109680175774,-122.75118255615234,4
2019,2019-08-07,1652,8,2,16,3,Y,A,N,A,H,A,L,04,,05,A,,Y,,,G,N,F,D,1,0,1,0,21650.0,2,38.4039306640625,-122.71347808837892,4
2019,2019-08-29,1753,8,2,17,4,Y,A,N,A,H,A,A,01,,09,D,,,,,C,Y,N,A,2,0,0,0,21802.0,2,38.46952819824219,-122.75826263427734,4
2019,2019-09-04,754,9,3,7,3,Y,A,N,A,H,A,A,01,,12,D,,,,,C,Y,N,A,1,0,0,0,21453.0,2,38.44546890258789,-122.71087646484376,4
2019,2019-09-09,1944,9,3,19,1,N,A,N,A,H,B,A,01,W,10,G,Y,,,,B,Y,N,D,1,1,0,0,21950.0,2,38.439159393310554,-122.72879791259766,2
2019,2019-09-01,1641,9,3,16,7,N,A,N,A,H,A,A,01,S,09,D,,,Y,,C,Y,N,D,2,0,0,2,21804.0,2,38.45183563232422,-122.75132751464844,3
2019,2019-09-07,1120,9,3,11,6,Y,B,N,A,H,A,A,01,,08,B,,,Y,,C,N,N,D,1,0,0,1,22107.0,2,38.42424011230469,-122.71350860595705,3
2019,2019-09-07,1559,9,3,15,6,Y,A,N,A,H,A,A,01,,09,D,,,,,C,Y,N,A,3,0,0,0,21803.0,2,38.43233871459961,-122.75676727294922,3
2019,2019-09-04,1627,9,3,16,3,N,A,N,A,H,A,L,04,S,05,D,,Y,,,G,N,N,A,1,0,1,0,21650.0,2,38.445838928222656,-122.72972869873048,4
2019,2019-09-09,1647,9,3,16,1,N,A,N,A,H,A,-,- ,N,09,D,,,,,C,N,N,D,2,0,0,0,21804.0,2,38.41424179077149,-122.72928619384766,4
2019,2019-09-08,1018,9,3,10,7,N,A,N,A,H,A,L,04,E,03,E,,Y,,,I,N,N,D,1,0,1,0,22350.0,1,38.44053649902344,-122.70228576660156,3
2019,2019-07-28,2327,7,2,23,7,N,A,N,A,H,C,A,01,N,08,C,,,,,E,Y,N,D,1,0,0,0,22107.0,2,38.452919006347656,-122.67057037353516,4
2019,2019-07-11,1441,7,2,14,4,N,A,N,A,H,A,A,01,S,01,G,Y,,,,B,Y,F,D,1,1,0,0,23152.0,2,38.45734786987305,-122.73259735107422,2
2019,2019-07-29,1854,7,2,18,1,N,A,N,A,H,A,A,01,S,09,D,,,,,C,N,N,D,3,0,0,0,21804.0,2,38.42788314819336,-122.72499084472656,4
2019,2019-07-25,1827,7,2,18,4,Y,A,N,A,H,A,A,01,,09,D,,,,,C,N,M,A,2,0,0,0,21802.0,2,38.44911956787109,-122.72447967529295,4
2019,2019-07-26,953,7,2,9,5,Y,A,N,A,H,A,A,01,,12,D,,,,,C,Y,N,A,1,0,0,0,21453.0,2,38.46506118774414,-122.71938323974608,4
2019,2019-09-20,1730,9,3,17,5,Y,A,N,A,H,B,A,01,,10,G,,Y,,,G,N,F,D,1,0,1,0,21950.0,2,38.23609161376953,-122.62191772460938,3
2019,2019-09-25,1730,9,3,17,3,N,A,N,A,H,A,A,07,E,03,C,,,,,C,Y,N,D,2,0,0,0,22350.0,3,38.235176086425774,-122.63542938232422,4
2019,2019-09-11,830,9,3,8,3,N,A,N,A,H,A,A,01,S,21,C,,,,,C,N,N,D,1,0,0,0,22106.0,2,38.23563766479492,-122.64110565185548,4
2019,2019-09-29,1612,9,3,16,7,Y,A,N,A,H,A,A,01,,12,D,,,,,C,Y,N,A,2,0,0,0,22450.0,2,38.24993133544922,-122.60736846923828,4
2019,2019-09-13,1648,9,3,16,5,N,A,N,A,H,A,A,07,E,04,C,,,,,C,,N,A,2,0,0,0,21703.0,2,38.34854888916016,-122.70882415771484,4
2019,2019-09-10,1635,9,3,16,2,Y,A,N,A,H,A,A,01,,09,A,,,,,C,Y,N,A,2,0,0,0,21453.0,2,38.36727142333984,-122.68582916259766,3
2019,2019-09-04,1743,9,3,17,3,N,A,N,A,H,A,A,01,S,03,H,,Y,,,G,,N,A,1,0,1,0,22350.0,2,38.34325408935546,-122.68549346923828,3
2019,2019-10-01,1100,10,3,11,2,N,A,N,A,H,A,A,08,W,09,H,,Y,,,G,N,N,D,1,0,1,0,21802.0,2,38.337787628173835,-122.68544769287108,3
2019,2019-09-27,1536,9,3,15,5,N,B,N,A,H,A,A,01,W,04,C,,,,,C,N,N,A,1,0,0,0,21703.0,2,38.34850311279297,-122.71144104003906,4
2019,2019-09-11,1515,9,3,15,3,N,A,N,A,H,A,A,01,S,04,C,,,,,C,N,N,A,2,0,0,0,21703.0,2,38.3484764099121,-122.7060089111328,4
2019,2019-09-05,5,9,3,0,4,N,A,N,A,H,C,A,01,N,01,E,,,,,I,Y,N,D,1,0,0,0,23152.0,1,38.34481430053711,-122.7082977294922,4
2019,2019-08-26,1227,8,2,12,1,N,A,N,A,H,A,A,01,N,09,D,,,,,C,N,N,D,1,0,0,0,21804.0,2,38.36463165283203,-122.71450805664062,4
2019,2019-09-26,804,9,3,8,4,Y,A,N,A,H,A,A,01,,09,D,,,,,C,N,N,A,3,0,0,0,21802.0,2,38.336181640625,-122.681640625,3
2019,2019-09-24,2132,9,3,21,2,Y,A,N,A,H,C,A,01,,12,A,,,,,C,Y,N,A,2,0,0,0,21453.0,2,38.34587097167969,-122.685546875,4
2019,2019-09-19,10,9,3,0,4,Y,A,N,A,H,C,A,01,,12,G,Y,,,,B,N,F,A,1,1,0,0,22450.0,2,38.33649826049805,-122.6906967163086,3
2019,2019-09-09,1619,9,3,16,1,N,A,N,A,H,A,D,22,E,04,C,,,,,C,N,N,A,1,0,0,0,21703.0,2,38.34853744506836,-122.70925903320312,4
2019,2019-10-05,1637,10,3,16,6,Y,A,N,A,H,-,A,01,,01,D,,,,,C,Y,F,A,1,0,0,0,23152.0,2,38.22999954223633,-122.63839721679688,4
2019,2019-10-02,1928,10,3,19,3,N,A,N,A,H,C,A,01,S,03,E,,,,,I,Y,N,D,1,0,0,0,22350.0,1,38.61574935913086,-122.86724853515624,3
2019,2019-09-25,2103,9,3,21,3,N,A,N,A,H,C,C,02,E,03,E,,,Y,,I,N,N,D,1,0,0,1,22350.0,1,38.23329162597656,-122.61802673339844,4
2019,2019-10-10,1739,10,3,17,4,Y,A,N,A,H,A,A,07,,09,D,,,,,C,Y,N,A,2,0,0,0,21802.0,2,38.245708465576165,-122.6147918701172,3
2019,2019-10-17,1230,10,3,12,4,N,A,N,A,H,A,A,07,E,09,D,,,,,C,Y,N,D,1,0,0,0,21804.0,2,38.24879455566406,-122.60466003417967,4
2019,2019-10-17,1435,10,3,14,4,N,A,N,A,H,A,A,01,E,09,D,,,Y,,C,Y,N,D,1,0,0,1,21804.0,3,38.2688865661621,-122.64041137695312,3
2019,2019-10-10,2354,10,3,23,4,N,A,N,A,H,C,D,22,N,01,H,,,,,I,Y,N,D,1,0,0,0,23152.0,1,38.598499298095696,-122.85468292236328,2
2019,2019-10-10,1127,10,3,11,4,Y,A,N,A,H,A,L,04,,03,H,,Y,,,G,N,N,A,1,0,1,0,22350.0,2,38.611038208007805,-122.87075042724608,4
2019,2019-10-06,1802,10,3,18,7,Y,A,N,A,H,A,A,01,,09,A,,,,,C,Y,N,D,1,0,0,0,21801.0,2,38.259380340576165,-122.6440887451172,4
2019,2019-09-14,1614,9,3,16,6,Y,A,Y,A,H,A,A,01,,09,D,,,Y,,C,N,N,D,1,0,0,1,21801.0,2,38.272773742675774,-122.67073822021484,3
2019,2019-10-14,1049,10,3,10,1,N,A,N,A,H,A,A,01,E,03,C,,,,,E,Y,N,D,1,0,0,0,22350.0,2,38.55721664428711,-122.80191040039062,3
2019,2019-10-04,923,10,3,9,5,N,A,N,A,H,A,A,01,W,21,D,,,,,C,Y,N,D,2,0,0,0,22106.0,2,38.294532775878906,-122.46588897705078,4
2019,2019-09-25,1540,9,3,15,3,N,A,N,A,H,A,D,22,S,03,C,,,,,C,N,N,D,1,0,0,0,22350.0,2,38.27480316162109,-122.66943359375,4
2019,2019-10-05,1139,10,3,11,6,N,A,N,A,H,A,N,60,W,11,G,Y,,,,B,N,N,D,1,1,0,0,21950.0,2,38.22282409667969,-122.64276123046876,3
2019,2019-10-02,929,10,3,9,3,N,A,N,A,H,A,A,01,S,09,D,,,Y,,C,Y,N,D,1,0,0,1,21804.0,2,38.25818634033203,-122.6419677734375,4
2019,2019-10-09,1554,10,3,15,3,Y,A,N,A,H,A,A,01,,09,D,,,,,C,N,N,A,2,0,0,0,21802.0,2,38.2374382019043,-122.61226654052734,3
2019,2019-10-11,1130,10,3,11,5,Y,A,N,A,H,A,A,01,,12,D,,,,,C,Y,N,A,1,0,0,0,21453.0,2,38.25659942626953,-122.6191864013672,4
2019,2019-10-08,1833,10,3,18,2,Y,A,N,A,H,A,L,04,,12,H,,Y,,,G,N,N,A,1,0,1,0,21453.0,2,38.259891510009766,-122.66063690185548,3
2019,2019-08-22,1228,8,2,12,4,N,A,Y,A,H,A,A,01,S,04,C,,,,,C,N,N,A,1,0,0,0,21703.0,3,38.407470703125,-122.83853912353516,4
2019,2019-10-02,1706,10,3,17,3,Y,A,N,A,H,A,A,01,,09,D,,,,,C,Y,N,A,1,0,0,0,21802.0,2,38.32738876342773,-122.70706939697266,4
2019,2019-09-07,1525,9,3,15,6,N,A,Y,A,H,A,A,01,E,04,C,,,,,C,N,N,A,1,0,0,0,21703.0,3,38.34871292114258,-122.71318817138672,4
2019,2019-07-29,1735,7,2,17,1,N,A,Y,A,H,A,A,07,S,07,B,,,Y,,C,N,N,A,1,0,0,1,21658.0,2,38.403263092041016,-122.82320404052734,4
2019,2019-10-08,736,10,3,7,2,N,A,Y,A,H,A,A,01,E,03,C,,,,,C,Y,N,D,1,0,0,0,22350.0,3,38.22893142700195,-122.5800323486328,3
2019,2019-10-08,1841,10,3,18,2,N,A,N,A,H,D,A,01,,08,B,,,,,C,Y,N,A,2,0,0,0,22107.0,2,,,3
2019,2019-10-15,1811,10,3,18,2,N,A,N,A,H,A,C,02,S,03,E,,,Y,,I,N,N,D,1,0,0,1,22350.0,1,38.809688568115234,-123.02027130126952,2
2019,2019-10-05,816,10,3,8,6,N,A,N,A,H,B,D,22,E,09,D,,,,,C,N,N,D,1,0,0,0,21804.0,2,38.54511260986328,-122.80391693115234,4
2019,2019-10-05,1202,10,3,12,6,Y,A,N,A,H,A,D,22,,03,C,,,,,C,Y,N,D,1,0,0,0,22350.0,2,38.55720901489258,-122.82013702392578,4
2019,2019-08-13,2024,8,2,20,2,N,A,N,A,H,C,A,01,N,04,C,,,,,C,Y,N,D,1,0,0,0,21703.0,2,38.33525848388672,-122.68896484375,4
2019,2019-09-26,732,9,3,7,4,N,A,N,A,H,A,A,01,W,03,C,,,,,C,Y,N,D,2,0,0,0,22350.0,3,38.4416389465332,-122.66569519042967,3
2019,2019-10-22,1417,10,3,14,2,N,A,N,A,H,A,A,01,S,03,C,,,,,C,N,N,A,1,0,0,0,22350.0,2,38.46706008911133,-122.75120544433594,4
2019,2019-10-01,805,10,3,8,2,N,A,N,A,H,A,D,22,E,03,C,,,,,C,N,N,D,1,0,0,0,22350.0,2,38.4141960144043,-122.7316436767578,4
2019,2019-10-15,1610,10,3,16,2,N,A,N,A,H,A,A,01,N,08,D,,,,,C,Y,N,D,1,0,0,0,22107.0,2,,,3
2019,2019-09-24,516,9,3,5,2,N,A,Y,A,H,C,D,22,E,08,B,,Y,,,G,N,F,D,1,0,1,0,22107.0,2,38.45523834228516,-122.68001556396484,3
2019,2019-09-25,1217,9,3,12,3,Y,A,N,A,H,A,D,22,,09,D,,,,,C,N,N,D,2,0,0,0,21804.0,2,38.42675018310546,-122.74304962158205,3