ACCIDENT_YEAR,COLLISION_DATE,COLLISION_TIME,MONTH,SEASON,24HOURS,DAY_OF_WEEK,INTERSECTION,WEATHER_1,STATE_HWY_IND,ROAD_SURFACE,ROAD_COND_1,LIGHTING,STWD_VEHTYPE_AT_FAULT,CHP_VEHTYPE_AT_FAULT,DIRECTION,PCF_VIOL_CATEGORY,TYPE_OF_COLLISION,PEDESTRIAN_ACCIDENT,BICYCLE_ACCIDENT,MOTORCYCLE_ACCIDENT,TRUCK_ACCIDENT,MVIW,TOW_AWAY,HIT_AND_RUN,CONTROL_DEVICE,NUMBER_INJURED,COUNT_PED_INJURED,COUNT_BICYCLIST_INJURED,COUNT_MC_INJURED,PCF_VIOLATION,PARTY_COUNT,POINT_Y,POINT_X,COLLISION_SEVERITY
2019,2019-11-29,1548,11,3,15,5,Y,A,N,A,H,A,A,07,,09,D,,,,,C,N,N,A,1,0,0,0,21802.0,2,38.41529083251953,-122.72354125976562,4
2019,2019-11-26,942,11,3,9,2,Y,B,N,A,H,A,A,01,,12,D,,,,,C,Y,N,A,2,0,0,0,21453.0,2,38.44038009643555,-122.70282745361328,4
2019,2019-11-17,1407,11,3,14,7,N,A,N,A,H,A,A,01,,08,E,,,,,I,Y,N,D,2,0,0,0,22107.0,1,38.46566,-122.76271,3
2019,2019-11-15,1210,11,3,12,5,N,A,N,A,H,A,A,01,E,09,D,,,,,C,Y,N,D,1,0,0,0,21804.0,3,38.416458129882805,-122.71263122558594,4
2019,2019-11-18,1746,11,3,17,1,N,A,N,A,H,D,A,01,E,09,D,,Y,,,G,N,N,D,1,0,1,0,21801.0,2,38.42923355102539,-122.73116302490234,3
2019,2019-10-09,2047,10,3,20,3,N,A,N,A,H,E,A,01,W,03,C,,,,,C,Y,N,B,1,0,0,0,22350.0,2,38.4529685974121,-122.70189666748048,4
2019,2019-10-03,1258,10,3,12,4,Y,A,N,A,H,A,A,01,,09,D,,Y,,,G,N,N,A,1,0,1,0,21802.0,2,38.45576858520508,-122.72640991210938,4
2019,2019-10-15,2151,10,3,21,2,Y,A,N,A,H,C,A,01,,01,D,,,,,C,Y,M,A,1,0,0,0,23152.0,2,38.427200317382805,-122.71321868896484,3
2019,2019-10-24,1549,10,3,15,4,N,A,N,A,H,A,A,01,E,03,C,,,,,C,N,N,B,1,0,0,0,22350.0,2,38.47148132324219,-122.7008819580078,4
2019,2019-10-19,2033,10,3,20,6,Y,B,N,A,H,C,L,04,,12,G,,Y,,,G,N,N,A,1,0,1,0,21453.0,2,38.44160842895508,-122.7289810180664,3
2019,2019-10-22,1759,10,3,17,2,Y,A,N,A,H,A,A,01,,09,D,,,,,C,Y,N,A,1,0,0,0,21802.0,2,38.44390869140625,-122.69754791259766,4
2019,2019-10-25,2058,10,3,20,5,N,A,N,A,H,C,A,01,N,01,D,,,,,E,N,N,A,1,0,0,0,23152.0,2,38.46363830566406,-122.73506927490234,3
2019,2019-10-29,1831,10,3,18,2,Y,F,N,A,H,D,A,01,,12,D,,,Y,,D,Y,N,B,1,0,0,1,22450.0,2,38.438018798828125,-122.77039337158205,2
2019,2019-10-25,1501,10,3,15,5,Y,A,N,A,H,A,N,60,,11,G,Y,,,,B,N,N,A,1,1,0,0,21950.0,2,38.43798065185546,-122.71946716308594,4
2019,2019-10-17,819,10,3,8,4,N,A,N,A,H,A,A,01,S,03,C,,,,,C,N,M,A,1,0,0,0,22350.0,2,38.409492492675774,-122.71352386474608,4
2019,2019-10-05,844,10,3,8,6,Y,A,N,A,H,A,A,01,,09,D,,,,,-,Y,N,A,2,0,0,0,21804.0,2,38.4275016784668,-122.72862243652344,3
2019,2019-10-22,1627,10,3,16,2,Y,A,N,A,H,A,N,60,,11,D,Y,,,,B,N,N,A,1,1,0,0,21456.0,2,38.457611083984375,-122.71726989746094,3
2019,2019-10-16,1750,10,3,17,3,Y,A,N,A,H,A,A,07,,09,D,,,,,C,Y,N,A,2,0,0,0,21802.0,3,38.45975112915039,-122.74295806884766,3
2019,2019-10-31,2210,10,3,22,4,N,A,N,A,H,C,A,01,W,03,A,,,,,C,Y,N,D,2,0,0,0,22350.0,2,38.427978515625,-122.72868347167967,4
2019,2019-10-24,1445,10,3,14,4,N,A,N,A,H,A,A,01,N,03,C,,,,,C,N,N,D,1,0,0,0,22350.0,2,38.43422317504882,-122.71931457519533,4
2019,2019-10-25,702,10,3,7,5,Y,A,N,A,H,C,A,08,,17,G,Y,,,,B,N,N,A,1,1,0,0,21451.0,2,38.45998001098633,-122.73256683349608,4
2019,2019-10-27,1635,10,3,16,7,Y,A,N,A,H,A,A,01,,09,A,,,,,C,Y,N,A,1,0,0,0,21801.0,2,38.430618286132805,-122.72530364990234,4
2019,2019-10-28,1203,10,3,12,1,Y,A,N,A,H,A,A,01,,09,D,,,,,C,Y,N,D,2,0,0,0,21801.0,2,38.445850372314446,-122.72972869873048,4
2019,2019-11-29,1140,11,3,11,5,N,A,N,A,H,A,I,11,N,10,G,Y,,,,B,N,N,A,1,1,0,0,21950.0,2,38.25507354736328,-122.65162658691406,4
2019,2019-11-23,508,11,3,5,6,N,A,N,A,H,C,N,60,W,11,G,Y,,,,B,N,N,A,1,1,0,0,21453.0,2,38.234180450439446,-122.59990692138672,2
2019,2019-11-18,1634,11,3,16,1,N,A,N,A,H,A,A,01,E,08,A,,,,,C,Y,N,D,1,0,0,0,22107.0,3,38.24411010742188,-122.60619354248048,4
2019,2019-12-16,33,12,4,0,1,N,A,N,B,H,C,A,01,N,01,E,,,,,I,Y,N,D,1,0,0,0,23152.0,1,38.27571105957031,-122.64684295654295,3
2019,2019-11-13,1200,11,3,12,3,N,A,N,A,H,A,A,01,E,03,C,,,,,C,N,N,A,1,0,0,0,22350.0,2,38.32662963867188,-122.7062530517578,4
2019,2019-11-10,1657,11,3,16,7,N,A,N,A,H,B,A,07,E,01,D,,,,,C,N,N,A,1,0,0,0,23152.0,2,38.32687377929688,-122.70494842529295,4
2015,2015-07-22,800,7,2,8,3,N,A,Y,A,H,A,A,01,W,03,C,,,,,C,Y,N,D,1,0,0,0,22350.0,3,38.43132822,-122.71560814,4
2015,2015-07-21,2310,7,2,23,2,N,A,N,A,H,D,A,01,W,08,E,,,,,I,Y,M,D,1,0,0,0,22107.0,1,38.24870079,-122.66768359,3
2019,2019-12-02,1331,12,4,13,1,Y,B,N,B,H,A,A,01,,09,D,,,,,C,Y,N,A,2,0,0,0,21801.0,2,38.42195129394531,-122.7406768798828,4
2015,2015-07-25,2034,7,2,20,6,N,A,N,A,H,D,A,07,N,01,E,,,,,I,Y,N,D,2,0,0,0,23152.0,1,38.59077616,-122.85082193,4
2015,2015-07-27,1115,7,2,11,1,N,A,Y,A,D,A,A,01,N,01,C,,,,,C,Y,N,D,1,0,0,0,23152.0,2,,,3
2015,2015-07-30,1020,7,2,10,4,N,A,N,A,H,A,A,01,W,08,C,,,,,C,Y,N,D,1,0,0,0,22107.0,2,38.50292327,-122.93812079,3
2015,2015-07-27,1843,7,2,18,1,N,A,N,A,H,A,A,01,S,08,E,,,,,I,Y,N,D,1,0,0,0,22107.0,1,38.37336944,-122.72924565,4
2015,2015-07-28,1215,7,2,12,2,N,A,Y,A,H,A,A,01,N,03,C,,,,,C,Y,N,D,1,0,0,0,22350.0,2,,,4
2015,2015-07-28,2100,7,2,21,2,N,A,N,A,H,B,-,99,E,21,H,,Y,,,G,N,F,D,1,0,1,0,22106.0,2,38.42927394,-122.73099526,3
2015,2015-07-29,1230,7,2,12,3,N,B,Y,A,H,A,A,01,N,08,F,,,,,A,N,N,D,1,0,0,0,22107.0,1,38.48131858,-123.16980111,2
2015,2015-07-30,640,7,2,6,4,N,A,Y,A,D,A,A,07,S,03,C,,,,,C,Y,N,D,1,0,0,0,22350.0,3,,,4
2015,2015-07-30,1705,7,2,17,4,N,A,N,A,H,A,A,01,S,03,C,,,,,C,Y,N,A,1,0,0,0,22350.0,2,38.27265662,-122.67571171,4
2015,2015-07-31,1631,7,2,16,5,N,A,N,A,H,A,D,22,N,03,C,,,,,C,Y,N,D,2,0,0,0,22350.0,3,38.39293988,-122.74160846,4
2015,2015-07-30,1600,7,2,16,4,N,A,N,A,H,A,C,02,S,08,F,,,Y,,A,Y,N,D,1,0,0,1,22107.0,1,38.21150751,-122.66626618,2
2015,2015-07-30,1825,7,2,18,4,N,A,Y,A,H,A,D,22,E,03,C,,,,,C,N,N,D,1,0,0,0,22350.0,2,38.35617249,-122.76781955,4
2015,2015-07-30,1915,7,2,19,4,N,A,Y,A,D,A,C,02,N,03,F,,,Y,,A,Y,N,D,1,0,0,1,22350.0,1,38.22835053,-122.61552836,3
2015,2015-07-30,1650,7,2,16,4,N,A,N,A,H,A,-,99,N,09,E,,,,,I,Y,M,D,1,0,0,0,21801.0,2,38.25444129,-122.70339518,4
2015,2015-08-01,1508,8,2,15,6,N,A,Y,A,H,A,A,07,S,07,E,,,,,I,Y,N,D,1,0,0,0,21658.0,2,38.49258657,-122.75138415,4
2015,2015-08-01,2050,8,2,20,6,N,A,N,A,H,D,A,01,W,03,C,,,,,C,N,N,D,2,0,0,0,22350.0,2,38.55106059,-122.70313951,4
2015,2015-08-01,2138,8,2,21,6,N,A,N,A,H,D,A,07,S,01,E,,,,,I,Y,N,D,1,0,0,0,23152.0,1,38.60101018,-122.88525725,2
2015,2015-07-27,749,7,2,7,1,N,A,Y,A,H,A,D,22,N,03,C,,,,,C,Y,N,D,2,0,0,0,22350.0,4,38.38947098,-122.71604457,2
2015,2015-08-01,350,8,2,3,6,N,B,N,A,H,C,N,60,S,11,G,Y,,,,B,N,N,D,1,1,0,0,21954.0,2,38.41762827,-122.72381891,2
2015,2015-08-02,1315,8,2,13,7,N,A,Y,A,H,A,A,01,N,07,C,,,Y,,C,N,N,D,1,0,0,1,21658.0,2,38.22306435,-122.61102342,3
2015,2015-08-03,1615,8,2,16,1,N,A,N,A,H,A,A,01,E,03,C,,,,,C,Y,N,D,1,0,0,0,22350.0,2,38.50085927,-122.73925355,4
2015,2015-08-03,1907,8,2,19,1,N,A,Y,A,H,A,C,02,S,03,E,,,Y,,I,Y,N,D,1,0,0,1,22350.0,1,38.43561,-122.71728,2
2015,2015-08-04,830,8,2,8,2,N,A,N,A,H,A,C,02,E,06,B,,,Y,,C,N,N,D,1,0,0,1,21755.0,2,38.25274135,-122.57723297,4
2015,2015-08-04,2200,8,2,22,2,N,A,N,A,H,D,A,01,E,09,C,,,,,C,Y,N,D,1,0,0,0,21801.0,2,38.25054721,-122.56039333,4
2015,2015-07-24,1520,7,2,15,5,N,A,Y,A,H,A,A,01,E,07,B,,,Y,,C,N,N,D,1,0,0,1,21658.0,2,38.11704042,-122.50359338,4
2015,2015-08-05,750,8,2,7,3,N,A,Y,A,H,A,A,01,N,04,C,,,,,C,Y,N,D,2,0,0,0,21703.0,2,38.49687089,-122.7570341,4
2015,2015-08-06,1410,8,2,14,4,N,A,Y,A,H,A,A,07,E,07,F,,,Y,,C,Y,N,D,1,0,0,1,21658.0,2,38.43150839,-122.70873297,2
2015,2015-08-07,2112,8,2,21,5,N,A,N,A,H,D,D,22,W,09,A,,,,,C,Y,N,D,1,0,0,0,21801.0,2,,,4
2015,2015-08-07,950,8,2,9,5,N,A,Y,A,H,A,A,07,W,03,C,,,,,C,Y,N,D,3,0,0,0,22350.0,2,38.82431945,-123.03101378,3
2015,2015-08-08,1135,8,2,11,6,N,A,N,A,H,A,L,04,N,08,F,,Y,,,G,N,N,D,1,0,1,0,22107.0,1,38.66160532,-122.66762631,2
2015,2015-08-08,1830,8,2,18,6,N,A,N,A,H,A,A,01,E,03,B,,,,,C,Y,M,D,1,0,0,0,22350.0,2,38.36997401,-122.64113278,4
2015,2015-08-10,2300,8,2,23,1,N,A,N,A,H,D,A,07,W,08,F,,,,,A,Y,N,D,1,0,0,0,22107.0,1,38.40351,-122.77430947,4
2015,2015-08-04,1400,8,2,14,2,N,A,Y,A,H,A,A,07,N,03,C,,,,,C,Y,N,D,1,0,0,0,22350.0,2,38.4320268,-122.7155208,4
2015,2015-08-11,1140,8,2,11,2,N,A,N,A,H,A,A,01,S,09,A,,,,,C,Y,N,D,1,0,0,0,21801.0,2,38.37787971,-122.71345908,4
2015,2015-08-12,1120,8,2,11,3,N,A,Y,A,H,A,A,01,N,03,C,,,,,C,Y,N,D,1,0,0,0,22350.0,3,38.23155815,-122.6171391,4
2015,2015-08-13,700,8,2,7,4,Y,B,N,B,H,A,A,01,,05,B,,Y,,,G,N,N,D,1,0,1,0,21460.0,2,38.1905599,-122.6625199,3
2015,2015-07-23,1918,7,2,19,4,N,A,Y,A,H,A,A,01,S,08,A,,,,,C,Y,N,D,2,0,0,0,22107.0,2,38.23383289,-122.46061693,2
2015,2015-07-31,1820,7,2,18,5,N,A,Y,A,H,A,A,01,W,03,C,,,,,C,Y,N,D,3,0,0,0,22350.0,3,,,4
2015,2015-08-04,1730,8,2,17,2,N,A,Y,A,H,A,A,01,S,07,B,,,,,C,Y,N,D,2,0,0,0,21658.0,3,38.41251667,-122.84279548,4
2015,2015-08-05,1645,8,2,16,3,N,A,N,A,H,A,D,22,S,03,C,,,,,C,Y,N,D,1,0,0,0,22350.0,2,38.18556336,-122.53883374,3
2015,2015-08-09,1735,8,2,17,7,N,A,Y,A,H,A,A,07,N,08,E,,,,,I,Y,N,D,2,0,0,0,22107.0,1,38.43707087,-123.10480736,4
2015,2015-08-08,1520,8,2,15,6,N,A,N,A,H,A,A,07,E,08,E,,,,,I,Y,N,D,1,0,0,0,22107.0,1,38.43182848,-122.73416676,4
2015,2015-08-08,1910,8,2,19,6,N,A,Y,A,H,A,A,01,N,03,B,,Y,,,G,N,N,D,1,0,1,0,22350.0,2,38.32586649,-122.94145911,2
2015,2015-08-15,1835,8,2,18,6,N,A,N,A,H,A,A,07,E,08,E,,,,,J,Y,N,D,2,0,0,0,22107.0,1,38.19143092,-122.66114746,3
2015,2015-08-09,1005,8,2,10,7,N,A,Y,A,H,A,A,01,S,01,C,,,,,C,Y,N,D,1,0,0,0,23152.0,2,,,4
2015,2015-08-09,1410,8,2,14,7,N,A,Y,A,H,A,A,01,N,09,D,,,,,C,Y,N,D,4,0,0,0,21804.0,2,38.53820572,-122.64690422,4
2015,2015-08-09,1500,8,2,15,7,N,A,Y,A,H,A,A,08,S,03,C,,,,,C,N,N,D,1,0,0,0,22350.0,2,38.27084826,-122.66855615,4
2015,2015-08-07,1235,8,2,12,5,N,A,Y,A,H,A,E,22,W,03,C,,,,,C,Y,N,D,1,0,0,0,22350.0,2,38.15580261,-122.40912213,4
2015,2015-08-09,1345,8,2,13,7,N,A,N,A,H,A,A,01,N,08,E,,,,,I,Y,N,D,1,0,0,0,22107.0,1,38.51021022,-122.85911424,4
2015,2015-08-08,1500,8,2,15,6,N,A,N,A,A,A,L,04,E,03,F,,Y,,,A,N,N,D,1,0,1,0,22350.0,1,38.1833284,-122.63129167,2
2015,2015-08-10,355,8,2,3,1,N,A,N,A,H,C,A,01,E,03,E,,,,,E,Y,F,A,1,0,0,0,22350.0,3,38.42828659,-122.73516534,4
2015,2015-08-15,1220,8,2,12,6,N,A,Y,A,H,A,A,07,W,03,C,,,,,C,Y,N,D,1,0,0,0,22350.0,4,38.14579472,-122.45684414,4
2015,2015-08-12,1210,8,2,12,3,Y,A,N,A,H,A,D,22,,09,D,,,,,C,Y,N,A,1,0,0,0,21453.0,2,38.3943999,-122.71354989,4
2015,2015-08-02,1410,8,2,14,7,N,A,Y,A,H,A,D,22,W,03,C,,,,,C,Y,N,D,1,0,0,0,22350.0,4,38.1555882,-122.4144037,4
2015,2015-08-15,1330,8,2,13,6,N,A,Y,A,H,A,D,22,S,03,C,,,,,C,Y,N,D,2,0,0,0,22350.0,3,38.18725383,-122.60086164,4
2015,2015-08-17,1830,8,2,18,1,N,B,N,A,H,A,A,08,S,01,A,,,,,C,Y,N,D,1,0,0,0,23152.0,2,38.62576958,-122.87918969,3
2015,2015-08-15,1320,8,2,13,6,N,A,Y,A,H,A,A,07,N,03,C,,,,,C,Y,N,D,2,0,0,0,22350.0,3,38.32475654,-123.03873364,4
2015,2015-08-09,1818,8,2,18,7,N,A,Y,A,H,A,A,01,N,08,E,,,,,I,Y,N,D,2,0,0,0,22107.0,1,38.65588764,-123.40179341,3
2015,2015-08-16,2020,8,2,20,7,N,A,N,A,H,D,D,22,E,01,E,,,,,J,Y,N,D,1,0,0,0,23152.0,1,38.65305576,-122.86729691,3
2015,2015-08-09,1715,8,2,17,7,N,A,Y,A,H,A,A,01,N,08,F,,,,,J,Y,N,D,1,0,0,0,22107.0,1,38.26597816,-122.66257421,4
2015,2015-08-19,1630,8,2,16,3,N,A,N,A,H,A,F,26,S,08,E,,,,Y,I,Y,N,D,1,0,0,0,22107.0,1,38.3756621,-122.74142235,3
2015,2015-08-07,1250,8,2,12,5,Y,A,Y,A,H,A,A,01,,08,D,,,,,A,Y,N,D,1,0,0,0,22107.0,2,38.21062849,-122.60085802,3
2015,2015-08-07,1640,8,2,16,5,N,A,N,A,H,A,-,- ,W,18,H,,,,,A,Y,N,D,1,0,0,0,,1,38.22360781,-122.37479127,3
2015,2015-08-14,1740,8,2,17,5,N,A,Y,A,H,A,D,22,S,01,D,,,,,C,Y,N,D,3,0,0,0,23152.0,3,38.67258165,-122.88023271,1
2015,2015-08-20,1955,8,2,19,4,N,A,Y,A,H,C,A,01,S,08,E,,,,,I,Y,N,D,1,0,0,0,22107.0,1,38.35977269,-122.71298804,4
2015,2015-08-17,1600,8,2,16,1,N,A,N,A,H,A,A,07,W,09,C,,,,Y,C,Y,N,D,1,0,0,0,21804.0,2,38.24197616,-122.53715969,4
2015,2015-08-16,220,8,2,2,7,N,A,Y,A,H,D,A,01,N,01,B,,,,,C,Y,N,D,1,0,0,0,23152.0,2,38.25234781,-122.63851576,4
2015,2015-08-21,1025,8,2,10,5,N,A,Y,A,H,A,A,07,W,05,A,,,,,C,Y,N,D,3,0,0,0,21460.0,2,38.41834484,-122.5502246,2
2015,2015-08-20,1220,8,2,12,4,N,A,Y,A,H,A,D,22,N,09,D,,,,,C,Y,N,A,1,0,0,0,21802.0,2,38.74930816,-123.51148217,3
2015,2015-08-04,1331,8,2,13,2,N,C,Y,B,H,A,D,22,N,08,A,,,,,C,Y,N,D,3,0,0,0,22107.0,3,,,2
2015,2015-08-24,1940,8,2,19,1,Y,A,N,A,H,A,A,01,,01,D,,,,,C,Y,N,A,2,0,0,0,23152.0,2,38.42639994,-122.83204,3
2015,2015-08-21,1315,8,2,13,5,N,A,N,A,H,A,A,01,E,08,E,,,,,I,Y,N,D,1,0,0,0,22107.0,1,38.55292782,-122.64674436,4
2015,2015-08-21,2250,8,2,22,5,N,B,Y,A,H,D,A,07,N,03,C,,,,,C,Y,N,D,2,0,0,0,22350.0,2,38.32501224,-122.930523,3
2015,2015-08-22,1705,8,2,17,6,N,A,Y,A,H,A,A,01,N,03,C,,,,,C,Y,N,D,1,0,0,0,22350.0,2,38.27354858,-122.67205278,4
2015,2015-08-22,1238,8,2,12,6,N,A,Y,A,H,A,A,01,E,08,E,,,,,I,Y,N,D,1,0,0,0,22107.0,1,38.66874036,-122.80930807,4
2015,2015-08-16,1334,8,2,13,7,N,A,Y,A,H,A,A,01,N,03,C,,,,,C,Y,N,D,3,0,0,0,22350.0,3,38.59715675,-122.85753718,4
2015,2015-08-21,1305,8,2,13,5,N,A,Y,A,H,A,-,99,S,03,C,,,,,C,Y,M,D,1,0,0,0,22350.0,3,38.48691715,-122.74302461,4
2015,2015-08-23,1442,8,2,14,7,N,A,Y,A,H,A,A,01,N,03,C,,,,,C,Y,N,D,1,0,0,0,22350.0,3,38.27346706,-122.67194689,4
2015,2015-08-24,740,8,2,7,1,N,B,N,A,H,B,-,- ,W,18,E,,,,,I,Y,N,D,1,0,0,0,,1,38.42326888,-122.80284084,4
2015,2015-08-21,1340,8,2,13,5,N,A,Y,A,H,A,L,04,W,08,F,,Y,,,G,N,N,D,1,0,1,0,22107.0,2,38.44633284,-123.08405787,2
2015,2015-08-25,1050,8,2,10,2,N,A,N,A,H,A,C,02,E,05,B,,,Y,,C,N,N,D,1,0,0,1,21460.0,2,38.25607943,-122.68744594,3
2015,2015-08-28,1555,8,2,15,5,N,B,Y,A,H,A,A,01,E,21,C,,,,,C,N,N,D,1,0,0,0,22106.0,2,38.15106422,-122.44872545,4
2015,2015-08-14,1130,8,2,11,5,N,A,Y,A,H,A,D,22,E,09,D,,,,,C,Y,N,D,2,0,0,0,21804.0,2,38.24202143,-122.46457713,3
2015,2015-08-22,1440,8,2,14,6,N,A,N,A,H,A,C,02,S,03,F,,,Y,,A,Y,N,D,1,0,0,1,22350.0,1,38.84105755,-123.01669742,3
2015,2015-08-09,1930,8,2,19,7,N,A,Y,A,H,A,A,01,S,09,A,,,,,C,Y,N,D,2,0,0,0,21801.0,3,38.22182151,-122.45621354,4
2015,2015-08-14,1625,8,2,16,5,N,A,Y,A,H,A,L,04,E,03,H,,Y,,,G,N,N,D,2,0,2,0,22350.0,2,38.23681432,-122.50812942,2
2015,2015-08-23,1848,8,2,18,7,N,A,Y,A,H,A,A,01,N,01,E,,,,,I,Y,N,D,1,0,0,0,23152.0,1,38.73101083,-122.9427091,2
2019,2019-11-26,1640,11,3,16,2,N,C,N,B,H,C,A,01,W,08,B,,,,,C,Y,N,D,1,0,0,0,22100.0,2,38.480815887451165,-122.99787902832033,4
2019,2019-11-19,821,11,3,8,2,Y,A,N,A,H,A,A,01,,09,D,,,,,C,N,N,A,1,0,0,0,21802.0,2,38.42760848999024,-122.71038818359376,4
2015,2015-08-14,1425,8,2,14,5,N,A,N,A,H,A,D,22,N,03,C,,,,,C,N,N,A,1,0,0,0,22350.0,2,38.252205,-122.489729,4
2019,2019-11-08,1659,11,3,16,5,N,A,N,A,H,B,A,07,N,01,C,,,,,C,Y,M,A,1,0,0,0,23152.0,2,38.445556640625,-122.75129699707033,4
2019,2019-11-12,1508,11,3,15,2,Y,A,N,A,H,A,A,01,,10,G,Y,,,,B,N,N,A,1,1,0,0,21950.0,2,38.42195129394531,-122.7406768798828,3
2019,2019-11-07,2022,11,3,20,4,N,B,N,A,H,C,C,02,W,01,E,,,Y,,I,Y,N,D,1,0,0,1,23152.0,1,38.449264526367195,-122.69843292236328,3
2015,2015-08-17,810,8,2,8,1,N,A,N,A,H,A,A,01,N,03,C,,,,,C,Y,N,A,1,0,0,0,22350.0,2,38.31093699,-122.49793812,4
2015,2015-08-19,640,8,2,6,3,N,A,Y,A,H,A,A,07,N,08,D,,,,,C,Y,N,D,1,0,0,0,22107.0,2,38.23682156,-122.45960705,4
2015,2015-08-25,841,8,2,8,2,N,A,Y,A,H,A,A,07,E,03,C,,,,,C,Y,N,D,1,0,0,0,22350.0,2,38.4330717,-122.72531025,4
2015,2015-08-15,1520,8,2,15,6,N,A,Y,A,H,A,D,22,E,03,C,,,,,C,N,N,A,1,0,0,0,22350.0,2,38.30931159,-122.47910094,4
2019,2019-11-30,1350,11,3,13,6,N,B,N,B,H,A,A,01,E,03,C,,,,,C,Y,N,D,3,0,0,0,22350.0,3,38.34843444824219,-122.7160873413086,4
2015,2015-08-20,30,8,2,0,4,N,A,Y,A,H,C,A,07,E,01,E,,,,,I,Y,N,D,1,0,0,0,23152.0,1,,,3
2015,2015-08-16,1930,8,2,19,7,N,A,N,A,H,B,A,01,N,01,E,,,,,I,Y,M,D,1,0,0,0,23152.0,1,38.28598939,-122.43638312,3
2015,2015-08-26,1150,8,2,11,3,N,A,N,A,H,A,A,01,N,08,A,,,,,C,Y,N,D,2,0,0,0,22107.0,2,38.41074672,-122.86240799,2
2015,2015-08-14,815,8,2,8,5,Y,A,N,A,H,A,-,99,,08,G,Y,,,,B,N,M,D,1,1,0,0,22107.0,2,38.50596991,-122.91374997,4
2015,2015-08-27,735,8,2,7,4,N,A,Y,A,H,A,A,01,E,07,C,,,,,C,Y,N,D,1,0,0,0,21658.0,3,38.43327682,-122.72217266,4
2015,2015-08-27,1615,8,2,16,4,N,A,Y,A,H,A,D,22,N,03,C,,,,,C,Y,N,D,1,0,0,0,22350.0,2,38.48212712,-122.73665447,4
2015,2015-08-17,1115,8,2,11,1,N,A,Y,A,H,A,D,22,E,03,C,,,,Y,C,Y,N,D,1,0,0,0,22350.0,2,38.33722432,-122.49288828,4
2015,2015-08-25,1525,8,2,15,2,Y,A,N,A,H,A,A,01,,09,B,,,,,C,N,N,D,1,0,0,0,21804.0,2,38.50101996,-122.75128991,4
2015,2015-08-19,2235,8,2,22,3,Y,A,N,A,H,D,A,01,,03,E,,,,,I,Y,N,A,1,0,0,0,22350.0,1,38.40917997,-122.55229986,3
2015,2015-08-29,501,8,2,5,6,N,B,N,B,H,E,A,01,S,08,F,,,,,A,Y,N,D,1,0,0,0,22107.0,1,38.21073141,-122.64481436,3
2015,2015-08-28,1318,8,2,13,5,N,A,N,A,H,A,A,07,E,03,C,,,,,C,N,N,D,1,0,0,0,22350.0,2,38.49636331,-122.75079737,4
2015,2015-08-29,1858,8,2,18,6,N,A,N,A,H,A,A,07,E,03,C,,,,,C,Y,N,A,1,0,0,0,22350.0,2,38.41158405,-122.79514653,4
2015,2015-08-30,1145,8,2,11,7,N,A,Y,A,H,A,A,01,N,03,C,,,,,C,Y,N,D,2,0,0,0,22350.0,2,38.59715675,-122.85753718,4
2015,2015-08-29,1220,8,2,12,6,N,A,N,A,H,A,A,07,W,08,E,,,,,I,Y,N,D,1,0,0,0,22107.0,1,38.36951056,-122.72946331,3
2015,2015-08-31,655,8,2,6,1,N,A,Y,A,H,A,A,07,E,03,C,,,,,C,Y,N,D,1,0,0,0,22350.0,3,38.44373552,-122.60174808,4
2015,2015-08-31,1730,8,2,17,1,N,A,Y,A,H,A,A,01,E,17,B,,Y,,,G,N,N,D,1,0,1,0,22517.0,2,38.50201946,-122.9982813,3
2015,2015-08-29,1525,8,2,15,6,N,A,Y,A,H,A,A,01,N,09,A,,,,,C,Y,N,A,1,0,0,0,21802.0,2,38.43690407,-123.10390398,4
2015,2015-08-27,825,8,2,8,4,N,A,Y,A,H,A,C,02,S,03,C,,,Y,,C,Y,N,D,1,0,0,1,22350.0,2,38.18758176,-122.60088314,3
2015,2015-08-27,858,8,2,8,4,N,A,Y,A,H,A,A,07,S,03,C,,,,,C,Y,M,D,1,0,0,0,22350.0,4,38.25713282,-122.64743716,4
2015,2015-08-30,1330,8,2,13,7,N,A,N,A,H,A,A,01,W,03,C,,,,,C,Y,N,D,2,0,0,0,22350.0,2,38.42332899,-122.78838426,3
2015,2015-08-16,1932,8,2,19,7,N,A,N,A,H,B,A,01,E,01,E,,,,,I,Y,N,D,1,0,0,0,23152.0,1,38.28245945,-122.43574261,3
2015,2015-08-29,750,8,2,7,6,N,C,N,B,H,A,A,01,E,05,A,,,,,C,Y,N,D,2,0,0,0,21460.0,2,38.38886369,-122.88884434,2
2015,2015-08-31,1230,8,2,12,1,Y,A,N,A,H,A,A,01,,04,C,,,,,C,Y,N,D,1,0,0,0,21703.0,3,38.42373,-122.77875991,4
2015,2015-08-31,1300,8,2,13,1,N,A,N,A,H,A,A,01,N,09,D,,,,,C,Y,N,C,1,0,0,0,21804.0,2,38.57092412,-122.77463883,4
2015,2015-08-28,945,8,2,9,5,N,A,N,A,H,A,A,01,E,09,D,,,,,C,Y,N,D,1,0,0,0,21801.0,2,38.51091413,-122.7191406,3
2015,2015-08-17,1331,8,2,13,1,N,A,N,A,H,A,A,01,W,08,A,,,,Y,C,Y,N,D,2,0,0,0,22107.0,2,,,3
2015,2015-09-01,1405,9,3,14,2,N,A,N,A,H,A,D,22,W,03,B,,,,,C,Y,N,D,1,0,0,0,22350.0,2,38.39016482,-122.48270232,3