ACCIDENT_YEAR,COLLISION_DATE,COLLISION_TIME,MONTH,SEASON,24HOURS,DAY_OF_WEEK,INTERSECTION,WEATHER_1,STATE_HWY_IND,ROAD_SURFACE,ROAD_COND_1,LIGHTING,STWD_VEHTYPE_AT_FAULT,CHP_VEHTYPE_AT_FAULT,DIRECTION,PCF_VIOL_CATEGORY,TYPE_OF_COLLISION,PEDESTRIAN_ACCIDENT,BICYCLE_ACCIDENT,MOTORCYCLE_ACCIDENT,TRUCK_ACCIDENT,MVIW,TOW_AWAY,HIT_AND_RUN,CONTROL_DEVICE,NUMBER_INJURED,COUNT_PED_INJURED,COUNT_BICYCLIST_INJURED,COUNT_MC_INJURED,PCF_VIOLATION,PARTY_COUNT,POINT_Y,POINT_X,COLLISION_SEVERITY
2015,2015-10-18,2300,10,3,23,7,N,A,N,A,H,D,A,01,E,01,E,,,,,I,N,N,D,1,0,0,0,23152.0,1,38.65375821,-123.36286118,4
2015,2015-10-06,1220,10,3,12,2,Y,A,N,A,B,A,C,02,,03,F,,,Y,,A,Y,N,A,1,0,0,1,22350.0,1,38.31078998,-122.73471,4
2015,2015-10-06,1752,10,3,17,2,N,A,Y,A,H,A,A,01,N,03,C,,,,,C,Y,N,D,2,0,0,0,22350.0,2,38.43221842,-122.71594144,4
2015,2015-10-07,1520,10,3,15,3,N,A,Y,A,H,A,D,22,E,08,E,,,,,I,Y,N,D,1,0,0,0,22107.0,1,38.42196998,-122.77724592,2
2015,2015-10-03,1035,10,3,10,6,N,A,N,A,H,A,L,04,E,03,F,,Y,,,G,N,N,D,0,0,0,0,22350.0,1,38.58932142,-123.30263142,1
2015,2015-09-04,740,9,3,7,5,N,A,Y,A,H,A,N,60,S,11,G,Y,,,,B,N,N,D,0,0,0,0,21461.0,2,38.42152606,-122.71529881,1
2015,2015-10-09,1705,10,3,17,5,N,A,Y,A,H,A,A,07,E,03,C,,,,,C,Y,N,D,2,0,0,0,22350.0,3,38.15295385,-122.44159231,3
2015,2015-10-16,2110,10,3,21,5,N,B,Y,A,H,D,-,99,W,03,C,,,,,C,N,M,A,1,0,0,0,22350.0,2,38.38133443,-122.80642258,4
2015,2015-10-16,1720,10,3,17,5,N,A,Y,A,H,A,D,22,W,21,C,,,,,C,N,N,D,2,0,0,0,22106.0,2,38.42854948,-122.73400005,4
2015,2015-10-17,1825,10,3,18,6,N,A,Y,A,H,A,A,01,S,03,C,,,,,C,Y,N,A,1,0,0,0,22350.0,3,38.18609057,-122.60078079,4
2015,2015-10-17,745,10,3,7,6,N,B,Y,B,H,A,A,07,S,03,E,,,,,C,Y,N,D,1,0,0,0,22350.0,1,38.59462,-122.85265,4
2015,2015-10-19,1700,10,3,17,1,N,A,N,A,H,A,A,01,E,08,E,,,,,I,Y,N,D,1,0,0,0,22107.0,1,38.23063189,-122.65786736,3
2015,2015-10-27,1750,10,3,17,2,N,B,Y,A,H,A,D,22,S,03,C,,,,,C,Y,N,D,1,0,0,0,22350.0,2,38.35826009,-122.71300571,4
2015,2015-10-23,1700,10,3,17,5,N,B,N,A,H,A,A,07,S,08,E,,,,,I,Y,N,D,1,0,0,0,22107.0,1,38.69711745,-122.95002761,2
2015,2015-10-17,1955,10,3,19,6,N,A,Y,A,H,A,A,01,N,03,C,,,,,C,Y,N,D,1,0,0,0,22350.0,3,38.25568097,-122.64447726,4
2015,2015-10-17,1610,10,3,16,6,N,A,N,A,H,A,A,01,N,08,B,,,,,I,Y,N,D,1,0,0,0,22107.0,1,38.49987662,-123.06985617,3
2015,2015-10-19,1750,10,3,17,1,N,A,Y,A,H,A,A,01,S,03,C,,,,,C,Y,N,D,2,0,0,0,22350.0,3,38.469223,-122.7289207,4
2015,2015-10-24,1420,10,3,14,6,N,A,Y,A,H,A,A,01,W,03,C,,,,,C,N,N,D,1,0,0,0,22350.0,2,38.15573817,-122.40797068,4
2015,2015-10-17,1140,10,3,11,6,Y,B,Y,B,H,A,-,- ,,00,D,,,,,C,Y,N,A,1,0,0,0,,2,38.25494531,-122.48078072,4
2015,2015-10-20,2128,10,3,21,2,N,A,N,A,H,D,A,01,W,05,B,,,,,C,N,N,D,1,0,0,0,21460.0,2,38.51759,-122.72061,4
2015,2015-10-22,1345,10,3,13,4,N,A,Y,A,H,A,A,01,S,03,C,,,,,C,N,N,D,1,0,0,0,22350.0,2,38.25449193,-122.64269029,4
2015,2015-10-26,700,10,3,7,1,N,E,Y,A,H,B,C,02,N,07,C,,,Y,Y,C,Y,N,D,0,0,0,0,21658.0,3,38.22936086,-122.61601094,1
2015,2015-09-04,1150,9,3,11,5,N,A,Y,A,H,A,A,01,N,08,E,,,,,I,Y,N,D,1,0,0,0,22107.0,1,38.7189747,-122.9237122,3
2015,2015-10-20,1532,10,3,15,2,N,A,Y,A,H,A,A,01,N,08,E,,,,,I,Y,N,D,1,0,0,0,22107.0,1,38.2377876,-122.45666284,4
2015,2015-10-08,1430,10,3,14,4,N,A,N,A,H,A,A,07,E,08,E,,,,,I,Y,N,D,1,0,0,0,22107.0,1,38.48434153,-122.8180807,3
2015,2015-10-12,1245,10,3,12,1,N,A,N,A,H,A,A,07,E,05,A,,,,,C,Y,N,D,3,0,0,0,21460.0,4,38.425653,-122.847308,2
2015,2015-10-17,1710,10,3,17,6,N,B,Y,B,H,A,C,02,S,05,A,,,Y,,C,Y,N,D,1,0,0,1,21460.0,2,38.5811775,-123.3322135,3
2015,2015-10-22,1545,10,3,15,4,N,A,Y,A,H,A,A,07,N,03,C,,,,,C,Y,N,D,2,0,0,0,22350.0,2,38.46296622,-122.72640093,4
2015,2015-10-20,750,10,3,7,2,N,A,Y,A,H,A,C,02,W,03,D,,,Y,Y,C,Y,N,D,1,0,0,1,22350.0,2,38.25127043,-122.47591064,2
2015,2015-10-21,110,10,3,1,3,N,A,Y,A,H,D,A,01,E,08,E,,,,,I,Y,N,D,1,0,0,0,22107.0,1,38.50313932,-122.90931739,4
2015,2015-10-22,1830,10,3,18,4,N,A,Y,A,H,B,D,22,S,03,C,,,,,C,Y,N,D,1,0,0,0,22350.0,2,38.4104606,-122.71617604,4
2015,2015-10-25,50,10,3,0,7,N,A,N,A,H,D,D,22,S,08,F,,,,,A,Y,N,D,1,0,0,0,22107.0,1,,,3
2015,2015-10-26,655,10,3,6,1,N,E,Y,A,H,D,A,01,N,03,C,,,,,C,Y,N,D,1,0,0,0,22350.0,2,38.27303391,-122.67138379,4
2015,2015-09-14,810,9,3,8,1,N,B,N,B,H,A,A,01,W,01,E,,,,,I,Y,N,D,0,0,0,0,23152.0,1,38.5589548,-122.63399853,1
2015,2015-11-03,1623,11,3,16,2,N,A,Y,A,H,B,A,01,W,03,C,,,,,C,Y,N,A,1,0,0,0,22350.0,2,38.2549647,-122.48020488,4
2015,2015-10-29,2235,10,3,22,4,Y,A,N,A,H,D,D,23,,09,D,,Y,,,G,N,N,D,1,0,1,0,21801.0,2,38.3143299,-122.69437989,3
2015,2015-10-29,1600,10,3,16,4,N,A,Y,A,H,A,F,26,S,03,C,,,,Y,C,N,N,D,1,0,0,0,22350.0,3,38.43655517,-122.71775878,4
2015,2015-10-29,1815,10,3,18,4,N,A,N,A,H,B,A,01,N,21,C,,,,,C,N,N,A,1,0,0,0,22106.0,2,38.48596,-122.96198,4
2015,2015-10-18,1350,10,3,13,7,N,B,Y,A,H,A,A,07,N,08,E,,,,,I,N,N,D,1,0,0,0,22107.0,1,38.59743729,-122.85766662,3
2015,2015-10-26,535,10,3,5,1,N,E,Y,B,D,D,A,07,S,03,C,,,,,C,N,N,D,1,0,0,0,22350.0,4,38.27169271,-122.66965754,4
2015,2015-10-30,1520,10,3,15,5,N,A,N,A,H,A,A,01,W,03,C,,,,,C,N,N,D,1,0,0,0,22350.0,2,38.25597178,-122.58617684,4
2015,2015-10-02,1920,10,3,19,5,Y,A,Y,A,H,C,A,01,,09,A,,,,,C,Y,N,A,2,0,0,0,21801.0,2,38.21203931,-122.54927526,3
2015,2015-09-18,711,9,3,7,5,N,A,N,A,H,B,D,22,E,03,C,,,,,C,Y,N,A,1,0,0,0,22350.0,2,38.45243482,-122.81286536,3
2019,2019-12-11,1009,12,4,10,3,N,C,N,B,H,A,D,82,E,08,E,,,,,I,,N,D,1,0,0,0,22107.0,1,38.336181640625,-122.68401336669922,4
2015,2015-10-11,1918,10,3,19,7,N,A,Y,A,H,D,A,01,E,03,C,,,,,C,Y,F,D,3,0,0,0,22350.0,2,38.27249654,-122.43664498,4
2015,2015-10-24,1345,10,3,13,6,N,A,Y,A,H,A,A,01,E,21,B,,,,,C,Y,N,D,2,0,0,0,22106.0,2,38.62103044,-122.66195223,3
2015,2015-10-01,640,10,3,6,4,N,B,Y,A,H,B,A,01,N,07,B,,,,,C,Y,N,D,1,0,0,0,21658.0,2,38.2482725,-122.63062856,3
2015,2015-10-23,1330,10,3,13,5,N,A,Y,A,H,A,F,27,E,03,C,,,,Y,C,Y,N,D,3,0,0,0,22350.0,4,38.13505283,-122.47495171,4
2015,2015-10-29,1140,10,3,11,4,N,A,Y,A,H,A,L,04,E,05,H,,Y,,Y,G,N,N,D,1,0,1,0,21650.0,2,,,3
2015,2015-10-29,2108,10,3,21,4,Y,A,Y,A,H,C,A,01,,09,D,,,,Y,C,Y,N,D,3,0,0,0,21801.0,2,38.21206361,-122.54922047,4
2015,2015-10-30,805,10,3,8,5,N,A,N,A,H,A,A,08,N,03,C,,,,,C,Y,N,D,1,0,0,0,22350.0,2,38.48980682,-122.77012721,4
2015,2015-10-30,1645,10,3,16,5,N,A,Y,A,H,A,A,07,N,03,C,,,,,C,Y,N,D,1,0,0,0,22350.0,2,38.46188814,-122.72650125,4
2015,2015-11-01,35,11,3,0,7,N,A,Y,A,H,C,A,08,N,01,E,,,,,I,Y,N,D,1,0,0,0,23152.0,1,38.45996754,-122.72614704,3
2015,2015-10-31,1445,10,3,14,6,N,A,N,A,H,A,A,01,W,08,E,,,,,I,Y,N,D,1,0,0,0,22107.0,1,38.53915343,-122.72152436,3
2015,2015-10-29,629,10,3,6,4,Y,E,N,A,H,D,G,27,,21,D,,,,Y,C,Y,N,D,1,0,0,0,22106.0,2,38.19448995,-122.54425,4
2015,2015-10-28,925,10,3,9,3,N,C,N,B,H,A,A,08,N,03,E,,,,,I,Y,N,D,2,0,0,0,22350.0,1,38.49236,-122.65753465,4
2015,2015-10-27,655,10,3,6,2,N,B,N,A,H,A,A,01,S,08,E,,,,,I,Y,N,D,1,0,0,0,22107.0,1,38.54037981,-122.64799368,3
2015,2015-11-07,202,11,3,2,6,N,A,N,A,H,D,A,01,W,01,E,,,,,I,Y,N,D,1,0,0,0,23152.0,1,38.27751749,-122.47327276,3
2015,2015-10-30,700,10,3,7,5,Y,A,N,A,H,D,A,01,,09,D,,,,,C,N,N,D,1,0,0,0,21801.0,2,38.29922998,-122.71255986,3
2015,2015-10-30,745,10,3,7,5,N,A,N,A,H,A,D,22,S,03,C,,,,,C,Y,N,D,1,0,0,0,22350.0,3,38.32740766,-122.66672194,4
2015,2015-10-31,1520,10,3,15,6,N,A,N,A,H,A,D,22,E,03,C,,,,,C,N,N,D,1,0,0,0,22350.0,3,38.52135,-122.71844,4
2015,2015-10-31,1640,10,3,16,6,N,A,N,A,H,A,A,07,W,08,C,,,Y,,C,N,N,D,1,0,0,1,22107.0,2,38.4670702,-122.80865461,4
2015,2015-11-01,1058,11,3,10,7,N,C,N,B,H,A,A,01,E,03,A,,,,,C,Y,N,D,2,0,0,0,22350.0,2,38.54967345,-122.67017354,3
2015,2015-11-01,1840,11,3,18,7,Y,B,Y,B,H,D,A,01,,09,D,,,,,C,N,N,B,1,0,0,0,21802.0,2,38.5019745,-123.00221177,4
2015,2015-11-01,1520,11,3,15,7,N,B,Y,B,H,A,A,01,S,03,E,,,,,I,Y,N,D,2,0,0,0,22350.0,1,38.60117511,-122.86447391,4
2015,2015-11-01,2335,11,3,23,7,N,C,N,B,H,D,A,01,E,03,D,,,,,C,Y,N,D,2,0,0,0,22350.0,2,38.52796008,-122.72200008,4
2015,2015-11-04,855,11,3,8,3,N,A,N,A,H,A,A,01,N,09,D,,,Y,,C,Y,N,D,1,0,0,1,21804.0,2,38.31151233,-122.49817279,2
2015,2015-11-02,825,11,3,8,1,N,B,Y,B,H,A,A,07,N,03,B,,,,,C,Y,N,D,2,0,0,0,22350.0,2,38.38873939,-122.71629184,3
2015,2015-11-02,1815,11,3,18,1,N,B,N,A,H,D,A,01,N,03,C,,,,,C,Y,N,D,1,0,0,0,22350.0,2,38.28128902,-122.63110854,4
2015,2015-11-03,120,11,3,1,2,N,A,Y,A,H,D,A,01,N,08,E,,,,,I,Y,N,D,1,0,0,0,22107.0,1,38.48137497,-122.73521427,4
2015,2015-11-12,626,11,3,6,4,Y,A,Y,A,H,A,A,01,,10,G,Y,,,,B,N,N,A,1,1,0,0,21950.0,2,,,3
2015,2015-11-03,1430,11,3,14,2,N,A,Y,A,H,A,D,22,W,05,B,,,,,C,Y,N,D,1,0,0,0,21460.0,2,38.39554417,-122.53382505,4
2015,2015-11-06,830,11,3,8,5,N,A,Y,A,H,A,A,01,S,08,D,,,,,C,Y,N,D,1,0,0,0,22107.0,2,38.43620376,-122.7173094,4
2015,2015-11-04,1700,11,3,17,3,N,A,Y,A,H,B,A,07,S,08,E,,,,,I,Y,N,D,1,0,0,0,22107.0,1,38.523831,-122.7883989,4
2015,2015-11-05,1700,11,3,17,4,N,A,N,A,H,A,A,01,N,03,C,,,,,C,Y,N,D,3,0,0,0,22350.0,3,38.25283597,-122.58056895,4
2015,2015-11-12,1718,11,3,17,4,N,A,Y,A,H,D,A,07,N,03,C,,,,,C,Y,N,D,1,0,0,0,22350.0,3,38.51516553,-122.7804344,4
2015,2015-11-06,1010,11,3,10,5,N,A,N,A,H,A,L,04,N,08,F,,Y,,,A,N,N,D,1,0,1,0,22107.0,1,38.6121032,-122.89161009,3
2015,2015-11-06,1105,11,3,11,5,N,A,Y,A,H,A,F,27,W,03,C,,,,Y,C,Y,N,D,1,0,0,0,22350.0,2,38.42121734,-122.55311266,4
2015,2015-11-06,740,11,3,7,5,N,A,N,A,H,A,A,01,N,03,C,,,,,C,Y,N,D,1,0,0,0,22350.0,4,38.14006,-122.47631,4
2015,2015-11-01,1835,11,3,18,7,N,C,Y,B,H,D,A,01,S,08,E,,,,,I,Y,N,D,1,0,0,0,22107.0,1,38.37024659,-123.07295316,3
2015,2015-11-07,1715,11,3,17,6,Y,A,N,A,H,B,A,01,,09,D,,,,,C,Y,N,D,2,0,0,0,21804.0,2,38.47453997,-122.89019992,4
2015,2015-11-08,1725,11,3,17,7,N,A,Y,B,H,C,A,01,N,03,C,,,,,C,N,N,D,2,0,0,0,22350.0,3,38.27220899,-122.67031635,4
2015,2015-11-10,755,11,3,7,2,N,A,Y,A,H,A,D,22,N,04,C,,,,,C,N,N,D,1,0,0,0,21703.0,2,38.35138038,-122.71302,4
2015,2015-11-13,1745,11,3,17,5,N,A,Y,A,H,D,A,01,N,03,C,,,,,C,Y,N,D,2,0,0,0,22350.0,3,38.48069464,-122.73470975,4
2015,2015-11-17,850,11,3,8,2,N,A,Y,A,H,A,D,22,S,03,C,,,,,C,Y,N,D,1,0,0,0,22350.0,4,38.51085705,-122.77522881,4
2015,2015-11-05,1955,11,3,19,4,N,A,Y,A,H,C,A,01,S,07,E,,,,,I,Y,M,D,1,0,0,0,21658.0,2,38.44070054,-122.72025382,4
2015,2015-11-17,1415,11,3,14,2,N,A,N,A,H,A,D,22,W,05,C,,,,,C,Y,N,D,1,0,0,0,21460.0,2,38.59820995,-122.8831476,3
2015,2015-10-11,830,10,3,8,7,N,A,Y,A,H,A,A,01,S,08,E,,,,,I,Y,N,D,1,0,0,0,22107.0,1,38.66876693,-123.41160068,4
2015,2015-11-08,1555,11,3,15,7,N,A,N,A,H,A,A,07,E,08,E,,,,,I,Y,N,D,1,0,0,0,22107.0,1,38.45256002,-122.78165874,3
2015,2015-11-08,1005,11,3,10,7,N,B,N,B,H,A,A,07,W,03,E,,,,,I,Y,N,D,1,0,0,0,22350.0,1,38.51115977,-122.83567891,3
2015,2015-11-12,815,11,3,8,4,N,A,N,A,H,A,L,04,E,08,F,,Y,,,A,N,N,D,2,0,2,0,22107.0,2,38.45169603,-122.83908047,4
2015,2015-11-09,725,11,3,7,1,N,B,Y,B,H,A,A,01,N,04,C,,,,,C,N,N,D,1,0,0,0,21703.0,2,38.40366435,-122.71620331,4
2015,2015-11-09,1300,11,3,13,1,N,B,Y,B,H,A,A,01,S,03,C,,,,,C,Y,N,D,1,0,0,0,22350.0,5,38.41763307,-122.71610469,4
2015,2015-11-08,1115,11,3,11,7,N,B,N,B,H,A,A,01,S,03,D,,,,,C,Y,N,D,5,0,0,0,22350.0,2,38.20900489,-122.64690088,2
2015,2015-11-13,1350,11,3,13,5,N,A,Y,A,H,A,A,07,W,03,C,,,,,C,Y,N,D,4,0,0,0,22350.0,2,38.15473461,-122.42321725,4
2015,2015-11-08,1825,11,3,18,7,N,A,Y,A,H,C,A,01,N,03,C,,,,,C,Y,N,D,1,0,0,0,22350.0,3,,,4
2015,2015-11-07,1235,11,3,12,6,N,A,Y,A,H,A,D,22,E,03,C,,,,,C,N,N,D,2,0,0,0,22350.0,3,38.3788997,-122.79795629,4
2015,2015-11-10,610,11,3,6,2,Y,E,N,B,H,D,A,01,,03,E,,,,,I,N,N,D,1,0,0,0,22350.0,1,38.49054996,-122.89018992,3
2015,2015-11-15,235,11,3,2,7,N,C,Y,B,H,D,A,01,W,01,E,,,,,I,Y,N,D,1,0,0,0,23152.0,1,38.35427211,-122.76654594,3
2015,2015-11-10,1725,11,3,17,2,N,A,Y,A,H,A,D,22,N,03,C,,,,,C,Y,N,D,1,0,0,0,22350.0,4,38.35718133,-122.71302,3
2015,2015-11-11,835,11,3,8,3,N,A,Y,A,H,A,A,01,N,03,C,,,,,C,Y,N,D,1,0,0,0,22350.0,2,38.56247,-122.82350844,4
2015,2015-11-11,1111,11,3,11,3,Y,A,N,A,H,A,A,01,,09,A,,,,,C,Y,N,D,1,0,0,0,21802.0,2,38.66178991,-122.85349991,4
2015,2015-11-03,1529,11,3,15,2,N,A,N,A,H,A,A,01,E,17,A,,,,,C,Y,N,D,2,0,0,0,21662.0,2,38.3439997,-122.47791409,4
2015,2015-11-13,610,11,3,6,5,N,A,N,A,H,A,A,07,S,08,E,,,,,I,Y,N,D,1,0,0,0,22107.0,1,38.49248105,-122.77004,3
2015,2015-11-12,1353,11,3,13,4,Y,A,N,A,H,A,A,01,,09,D,,Y,,,G,N,N,A,1,0,1,0,21802.0,2,38.38716988,-122.72295996,4
2015,2015-11-14,1525,11,3,15,6,Y,A,Y,A,H,A,A,07,,09,D,,Y,,,G,N,N,D,1,0,1,0,21804.0,2,38.37724995,-122.71344988,3
2015,2015-11-16,1550,11,3,15,1,Y,A,N,A,H,A,A,07,,09,D,,,,,C,Y,N,A,1,0,0,0,21802.0,2,38.45241,-122.81591998,4
2015,2015-11-04,1925,11,3,19,3,Y,A,N,A,H,D,A,01,,05,A,,,,,C,Y,N,D,1,0,0,0,21460.0,2,38.29366993,-122.47966997,4
2015,2015-11-18,1610,11,3,16,3,N,A,Y,A,H,A,D,23,N,08,E,,,,,I,Y,N,D,2,0,0,0,22107.0,1,38.35283069,-122.7130243,4
2015,2015-11-14,1245,11,3,12,6,N,A,Y,A,H,A,A,01,N,08,C,,,,,E,Y,N,D,1,0,0,0,22107.0,2,38.49269265,-122.74280644,4
2015,2015-11-18,1650,11,3,16,3,N,A,Y,A,H,B,-,- ,E,18,E,,,,,I,Y,N,D,1,0,0,0,,1,,,4
2015,2015-11-11,1452,11,3,14,3,N,A,N,A,H,A,A,07,S,03,C,,,,,C,Y,N,D,1,0,0,0,22350.0,2,38.38194271,-122.68559016,4
2015,2015-11-21,1725,11,3,17,6,N,A,Y,A,H,D,D,22,S,03,C,,,,,C,Y,N,D,1,0,0,0,22350.0,2,38.24645384,-122.42172964,4
2015,2015-11-14,1800,11,3,18,6,N,A,N,A,H,C,A,01,W,09,A,,,,,C,Y,N,D,2,0,0,0,21801.0,2,38.62627,-122.87838757,4
2015,2015-11-20,1525,11,3,15,5,N,A,Y,A,H,A,A,01,N,03,C,,,,,C,Y,N,D,2,0,0,0,22350.0,2,38.53041025,-122.7941432,4
2015,2015-11-22,1945,11,3,19,7,N,A,Y,A,H,C,A,07,W,09,D,,,,,C,Y,N,A,2,0,0,0,21804.0,2,38.315557,-122.4824535,4
2015,2015-11-17,1310,11,3,13,2,N,A,N,A,H,A,-,30,W,03,C,,,,,C,N,N,D,2,0,0,0,22350.0,2,38.49575748,-122.89935111,4
2015,2015-11-17,1300,11,3,13,2,N,A,Y,A,H,A,A,07,N,03,C,,,,,C,N,N,D,1,0,0,0,22350.0,2,38.4601783,-122.72637189,4
2019,2019-12-05,1147,12,4,11,4,Y,A,Y,B,H,A,A,01,,08,B,,,,,C,N,N,D,1,0,0,0,22107.0,2,38.40049743652344,-122.8232879638672,4
2015,2015-11-14,1640,11,3,16,6,N,A,Y,A,H,B,D,22,N,03,D,,,,,C,Y,N,D,1,0,0,0,22350.0,2,38.50711868,-122.77057194,4
2015,2015-09-18,943,9,3,9,5,N,A,N,A,H,A,A,07,N,08,E,,,,,I,Y,N,D,0,0,0,0,22107.0,1,38.37918043,-122.74145158,1
2019,2019-11-21,1503,11,3,15,4,N,A,N,A,H,A,A,01,E,03,C,,,,,C,Y,N,A,3,0,0,0,22350.0,2,38.398143768310554,-122.83303833007812,4
2019,2019-11-14,1307,11,3,13,4,N,A,N,B,H,A,A,07,S,05,E,,,,,I,Y,N,A,1,0,0,0,21650.0,1,38.398475646972656,-122.84288787841795,2
2019,2019-11-01,1936,11,3,19,5,-,A,N,A,H,D,A,01,,01,C,,,,,E,N,N,A,1,0,0,0,23152.0,2,38.39870071411133,-122.82479095458984,3
2015,2015-11-18,852,11,3,8,3,N,B,Y,A,H,A,A,01,S,03,C,,,,,C,Y,N,D,2,0,0,0,22350.0,4,38.5114209,-122.77594487,4
2015,2015-10-18,430,10,3,4,7,N,A,N,A,H,D,A,07,S,01,E,,,,,I,Y,N,D,0,0,0,0,23152.0,1,38.54462989,-122.84621392,1
2015,2015-11-21,2200,11,3,22,6,N,A,N,A,H,D,A,01,E,01,E,,,,,I,Y,N,D,1,0,0,0,23152.0,1,38.28377625,-122.73860033,3
2015,2015-11-24,2030,11,3,20,2,N,B,N,A,H,C,A,07,N,01,E,,,,,I,Y,N,D,1,0,0,0,23152.0,1,38.51122839,-122.80031061,3
2015,2015-11-16,1450,11,3,14,1,N,A,N,A,H,A,A,08,E,08,E,,,,,J,Y,N,D,1,0,0,0,22107.0,1,38.42328786,-122.81837607,3
2015,2015-11-18,1750,11,3,17,3,N,A,Y,A,H,C,A,07,W,09,D,,,,,C,Y,N,D,2,0,0,0,21801.0,2,,,4
2015,2015-11-20,1655,11,3,16,5,N,A,Y,A,H,B,D,22,S,04,C,,,,,C,N,N,D,2,0,0,0,21703.0,2,38.37990009,-122.71610841,4
2015,2015-11-19,1315,11,3,13,4,N,A,Y,A,H,A,A,01,E,04,C,,,,,C,Y,N,D,1,0,0,0,21703.0,2,38.43214184,-122.57035744,4
2015,2015-11-19,1350,11,3,13,4,N,A,N,A,H,A,D,22,S,08,E,,,,,I,Y,N,D,1,0,0,0,22107.0,1,,,3
2015,2015-11-17,1235,11,3,12,2,N,A,N,A,H,A,C,02,W,08,E,,,Y,,I,Y,N,D,1,0,0,1,22107.0,1,38.38516416,-122.59921414,2
2015,2015-11-19,820,11,3,8,4,N,A,Y,A,H,A,A,01,N,03,C,,,,,C,Y,M,D,1,0,0,0,22350.0,2,38.4967246,-122.75718558,4
2015,2015-11-19,1655,11,3,16,4,N,A,N,A,H,C,A,01,S,08,E,,,,,I,Y,N,D,1,0,0,0,22107.0,1,38.42386571,-122.95603884,4
2015,2015-11-23,1710,11,3,17,1,N,A,Y,A,H,A,C,02,N,03,B,,,Y,,C,Y,N,D,1,0,0,1,22350.0,3,38.2471528,-122.62804864,3
2015,2015-11-19,1952,11,3,19,4,N,A,Y,A,H,D,C,02,S,08,F,,,Y,,A,Y,N,D,1,0,0,1,22107.0,1,38.42045,-122.71615,2
2015,2015-11-20,745,11,3,7,5,N,A,Y,A,H,A,A,08,W,03,C,,,,,C,Y,N,D,2,0,0,0,22350.0,2,38.43260465,-122.72874992,4
2015,2015-11-21,1758,11,3,17,6,N,A,N,A,H,D,N,60,W,11,G,Y,,,,B,N,N,D,1,1,0,0,21954.0,2,,,2
2015,2015-11-27,1240,11,3,12,5,N,A,Y,A,H,A,A,01,N,08,E,,,,,I,Y,N,D,3,0,0,0,22107.0,1,38.5317587,-122.79538973,3
2015,2015-11-24,1910,11,3,19,2,N,B,Y,B,H,C,A,01,S,08,E,,,,,I,Y,N,D,1,0,0,0,22107.0,1,38.59492,-122.8528,4
2015,2015-12-01,1730,12,4,17,2,N,A,Y,A,H,C,A,01,S,03,C,,,,Y,C,Y,N,D,1,0,0,0,22350.0,3,38.42198541,-122.7152378,4
2015,2015-11-22,1630,11,3,16,7,N,A,N,A,H,B,A,01,S,01,C,,,,,C,Y,N,A,1,0,0,0,23152.0,2,38.32882506,-122.66673,4
2015,2015-11-23,1817,11,3,18,1,N,A,Y,A,H,D,A,01,N,03,C,,,,,C,Y,N,D,2,0,0,0,22350.0,3,38.45301575,-122.72619633,4
2019,2019-10-15,1638,10,3,16,2,N,A,N,A,H,A,A,01,S,03,C,,,,,C,Y,N,A,1,0,0,0,22350.0,2,38.39892959594727,-122.8274383544922,4
2015,2015-11-24,745,11,3,7,2,N,C,N,B,H,A,D,22,S,03,C,,,,,C,N,N,D,1,0,0,0,22350.0,2,38.4446751,-122.72304178,4
2015,2015-11-24,1700,11,3,17,2,N,B,N,A,H,B,D,22,N,03,C,,,,,C,Y,N,D,1,0,0,0,22350.0,3,38.49943021,-122.77002216,4
2015,2015-11-24,1910,11,3,19,2,N,B,N,A,H,D,A,01,E,04,C,,,,,C,N,N,D,2,0,0,0,21703.0,2,38.45179487,-122.83816688,4
2015,2015-11-30,1720,11,3,17,1,N,B,Y,A,H,C,D,22,S,03,C,,,,,C,Y,N,D,1,0,0,0,22350.0,3,38.40426076,-122.71596213,4
2015,2015-11-24,1200,11,3,12,2,Y,A,Y,A,H,A,A,01,,09,A,,,,,C,Y,N,D,1,0,0,0,21801.0,4,,,4
2015,2015-11-24,1845,11,3,18,2,N,B,Y,A,H,C,A,01,W,03,D,,Y,,,G,N,N,A,1,0,1,0,22350.0,2,38.42985,-122.74209,4
2015,2015-11-25,1553,11,3,15,3,Y,A,Y,A,H,A,A,01,,09,D,,,,,C,Y,N,A,2,0,0,0,21802.0,2,,,3
2015,2015-11-27,1515,11,3,15,5,N,A,N,A,H,A,L,04,N,08,F,,Y,,,A,N,N,D,1,0,1,0,22107.0,1,38.69935474,-122.97098843,2
2015,2015-11-24,825,11,3,8,2,N,C,N,B,H,A,-,- ,W,18,A,,,,,I,N,N,D,1,0,0,0,,1,,,4
2015,2015-11-24,1030,11,3,10,2,N,B,N,B,H,A,D,22,E,03,E,,,,,I,Y,N,D,1,0,0,0,22350.0,1,38.41380116,-122.65353074,3
2015,2015-11-28,2030,11,3,20,6,N,A,Y,A,H,D,A,01,E,08,E,,,,,I,Y,N,A,1,0,0,0,22107.0,1,38.35298006,-122.73857927,2
2015,2015-11-24,710,11,3,7,2,N,C,Y,B,H,A,D,22,N,03,A,,,,,C,Y,N,D,1,0,0,0,22350.0,2,38.52596231,-122.79037534,4
2015,2015-11-27,2145,11,3,21,5,N,A,Y,A,H,C,A,01,N,03,C,,,,,C,N,N,D,1,0,0,0,22350.0,2,38.28634764,-122.68837511,4
2019,2019-12-30,1753,12,4,17,1,N,A,N,A,H,C,D,22,W,08,B,,,,,E,Y,N,D,1,0,0,0,22107.0,4,38.23629,-122.639316,4
2015,2015-11-27,1310,11,3,13,5,Y,A,N,A,H,A,A,07,,03,C,,,,,C,N,N,D,1,0,0,0,22350.0,2,38.28910991,-122.49014992,4