ACCIDENT_YEAR,COLLISION_DATE,COLLISION_TIME,MONTH,SEASON,24HOURS,DAY_OF_WEEK,INTERSECTION,WEATHER_1,STATE_HWY_IND,ROAD_SURFACE,ROAD_COND_1,LIGHTING,STWD_VEHTYPE_AT_FAULT,CHP_VEHTYPE_AT_FAULT,DIRECTION,PCF_VIOL_CATEGORY,TYPE_OF_COLLISION,PEDESTRIAN_ACCIDENT,BICYCLE_ACCIDENT,MOTORCYCLE_ACCIDENT,TRUCK_ACCIDENT,MVIW,TOW_AWAY,HIT_AND_RUN,CONTROL_DEVICE,NUMBER_INJURED,COUNT_PED_INJURED,COUNT_BICYCLIST_INJURED,COUNT_MC_INJURED,PCF_VIOLATION,PARTY_COUNT,POINT_Y,POINT_X,COLLISION_SEVERITY
2015,2015-11-26,1025,11,3,10,4,N,A,Y,A,H,A,A,01,S,08,E,,,,,I,Y,N,D,1,0,0,0,22107.0,1,,,3
2019,2019-12-17,1830,12,4,18,2,N,B,N,A,H,C,D,22,S,21,C,,,,,C,N,N,A,2,0,0,0,22106.0,4,38.275508880615234,-122.66909027099608,4
2015,2015-11-26,415,11,3,4,4,N,A,Y,A,H,D,A,01,N,03,D,,,,,C,Y,N,D,1,0,0,0,22350.0,2,38.30475748,-122.70926918,4
2015,2015-11-26,2004,11,3,20,4,N,A,N,A,H,D,A,01,N,05,B,,,,,C,Y,N,A,1,0,0,0,21460.0,2,38.30268071,-122.6664846,4
2015,2015-11-29,1235,11,3,12,7,Y,A,N,A,H,A,A,01,,08,E,,,,,I,Y,N,D,2,0,0,0,22107.0,1,38.29291994,-122.65179996,3
2019,2019-12-25,1759,12,4,17,3,N,B,N,A,H,C,A,01,E,08,C,,,,,E,Y,N,D,1,0,0,0,22107.0,2,38.22964859008789,-122.65382385253906,3
2015,2015-11-29,1735,11,3,17,7,N,A,Y,A,H,C,D,22,E,03,C,,,,,C,Y,N,D,2,0,0,0,22350.0,3,38.38331491,-122.81020416,4
2015,2015-11-24,1555,11,3,15,2,N,A,Y,A,H,A,A,01,W,03,C,,,,,C,Y,N,D,2,0,0,0,22350.0,2,38.40766174,-122.80423837,3
2015,2015-11-30,1815,11,3,18,1,N,B,N,A,H,D,N,60,E,11,G,Y,,,,B,N,N,A,1,1,0,0,21954.0,2,38.49634007,-122.75140833,2
2015,2015-11-25,1315,11,3,13,3,N,A,Y,A,H,A,-,- ,E,00,H,,,,,A,N,N,D,1,0,0,0,,2,38.43185,-122.74143,4
2015,2015-11-30,1913,11,3,19,1,N,B,N,A,H,D,A,01,N,08,E,,,,,I,Y,N,D,1,0,0,0,22107.0,1,38.50871048,-122.65264667,4
2015,2015-12-01,1450,12,4,14,2,N,A,Y,A,H,A,A,01,S,04,C,,,,Y,C,Y,N,D,1,0,0,0,21703.0,2,38.41975333,-122.71562807,4
2019,2019-12-31,1735,12,4,17,2,Y,A,N,A,H,C,A,01,,12,D,,,,,C,Y,N,A,1,0,0,0,22450.0,2,38.24993133544922,-122.60736846923828,4
2015,2015-11-27,2335,11,3,23,5,N,A,Y,A,H,D,J,48,N,22,E,,,,,I,Y,N,D,1,0,0,0,,1,38.43168,-122.7153,4
2015,2015-12-01,1710,12,4,17,2,N,B,N,A,H,B,L,04,E,14,A,,Y,,,G,N,N,D,1,0,1,0,21201.0,2,38.413024,-122.970722,3
2019,2019-12-31,1320,12,4,13,2,N,A,N,A,H,A,A,01,W,03,C,,,,,C,N,N,A,1,0,0,0,22350.0,2,38.238075256347656,-122.63603973388672,4
2015,2015-12-04,1733,12,4,17,5,N,B,Y,B,H,C,A,07,N,03,C,,,,,C,Y,N,D,1,0,0,0,22350.0,2,38.4767084,-122.73209248,4
2015,2015-12-08,1720,12,4,17,2,N,A,Y,A,H,C,A,01,N,03,C,,,,,C,Y,N,D,2,0,0,0,22350.0,2,38.50125305,-122.7632336,4
2015,2015-12-01,1555,12,4,15,2,N,A,N,A,H,A,D,22,N,08,E,,,,,I,Y,N,D,1,0,0,0,22107.0,1,38.50871048,-122.65264667,3
2015,2015-12-04,1730,12,4,17,5,N,A,Y,A,H,D,A,01,E,01,C,,,,,D,Y,N,D,1,0,0,0,23152.0,2,38.44376494,-122.60181105,3
2015,2015-12-02,1600,12,4,16,3,N,A,N,A,H,A,D,22,E,03,C,,,,,C,N,N,A,1,0,0,0,22350.0,2,38.5111315,-122.78465697,4
2015,2015-12-02,1555,12,4,15,3,N,A,N,A,H,A,A,01,W,09,D,,,,,C,Y,N,D,1,0,0,0,21804.0,2,38.43010494,-122.72745592,4
2015,2015-11-08,1915,11,3,19,7,N,A,Y,A,H,D,-,- ,S,18,A,,,,,C,Y,N,D,2,0,0,0,,2,38.17610895,-122.45159202,2
2015,2015-12-09,1750,12,4,17,3,N,B,N,B,H,D,A,01,S,03,C,,,,,C,Y,N,D,1,0,0,0,22350.0,2,38.48699175,-122.73560953,4
2015,2015-12-03,1535,12,4,15,4,N,B,N,B,H,A,D,22,W,03,C,,,,,C,N,N,A,2,0,0,0,22350.0,3,38.259948,-122.660795,4
2015,2015-12-07,616,12,4,6,1,N,B,Y,B,H,D,A,01,N,04,C,,,,,C,Y,N,D,4,0,0,0,21703.0,3,38.30647757,-122.71071256,3
2015,2015-12-04,1435,12,4,14,5,Y,A,Y,A,H,A,A,07,,09,D,,,,,C,Y,N,A,2,0,0,0,21453.0,2,38.15097806,-122.4493888,4
2015,2015-12-03,1905,12,4,19,4,N,B,Y,B,H,D,A,01,S,03,C,,,,,C,Y,N,D,2,0,0,0,22350.0,2,38.45336631,-122.72618456,4
2015,2015-12-04,2105,12,4,21,5,N,A,N,B,H,D,A,07,W,01,E,,,,,I,Y,N,D,1,0,0,0,23152.0,1,38.53370372,-122.72521361,3
2015,2015-12-03,1530,12,4,15,4,N,A,Y,B,H,A,A,07,N,01,E,,,,,I,Y,N,D,1,0,0,0,23152.0,1,38.69699237,-123.43317549,4
2015,2015-12-02,1750,12,4,17,3,N,A,Y,A,H,C,A,01,E,03,C,,,,,C,Y,N,D,1,0,0,0,22350.0,2,38.43132081,-122.71012414,4
2015,2015-12-05,2500,12,4,25,6,N,B,Y,B,H,D,A,01,E,08,E,,,,,I,Y,N,D,1,0,0,0,22107.0,1,38.64081549,-122.75975836,2
2015,2015-11-25,2320,11,3,23,3,N,A,Y,A,H,C,A,01,N,01,D,,,,,C,Y,N,D,3,0,0,0,23152.0,2,38.24474023,-122.44717237,3
2015,2015-12-05,2335,12,4,23,6,Y,A,Y,A,H,C,A,01,,09,D,,,,,C,Y,N,A,1,0,0,0,21801.0,2,38.44525534,-122.60505233,4
2015,2015-12-09,1635,12,4,16,3,N,B,Y,A,H,A,A,01,W,03,C,,,,,C,N,N,D,2,0,0,0,22350.0,2,38.14285806,-122.46161696,4
2015,2015-11-18,1536,11,3,15,3,N,A,Y,A,H,A,G,25,E,03,C,,,,Y,C,Y,N,D,2,0,0,0,22350.0,6,38.14236046,-122.46245405,1
2015,2015-12-05,1535,12,4,15,6,N,B,Y,A,H,A,A,01,N,12,G,,,,,B,N,N,A,1,0,0,0,21453.0,2,38.34848,-122.71481,4
2015,2015-11-30,720,11,3,7,1,N,B,N,A,H,B,C,02,S,08,F,,,Y,,A,N,N,D,1,0,0,1,22107.0,3,38.39643555,-122.71856,2
2015,2015-12-05,1840,12,4,18,6,Y,A,N,A,H,D,A,01,,08,E,,,,,I,Y,N,D,1,0,0,0,22107.0,1,38.50740996,-122.90504996,3
2015,2015-12-09,910,12,4,9,3,N,B,N,B,H,A,A,07,W,08,E,,,,,I,N,N,D,1,0,0,0,22107.0,1,38.28978652,-122.43604679,4
2015,2015-12-06,1455,12,4,14,7,N,B,Y,B,H,A,A,07,N,08,B,,,,,C,Y,N,D,3,0,0,0,22107.0,2,38.52613616,-122.79052867,4
2015,2015-11-26,1055,11,3,10,4,N,A,N,A,H,A,G,25,W,08,F,,,,Y,A,Y,N,D,1,0,0,0,22107.0,1,38.26022136,-122.7523799,2
2015,2015-12-07,710,12,4,7,1,N,B,Y,B,H,B,F,26,W,08,E,,,,Y,I,Y,N,D,1,0,0,0,22107.0,1,,,4
2015,2015-12-09,1705,12,4,17,3,N,C,Y,B,H,C,D,22,N,03,C,,,,,C,N,N,D,2,0,0,0,22350.0,3,,,4
2015,2015-12-09,642,12,4,6,3,N,B,Y,B,H,D,D,22,W,03,E,,,,,I,Y,N,D,1,0,0,0,22350.0,1,38.64881822,-122.73197882,3
2015,2015-12-09,2150,12,4,21,3,N,C,N,B,H,C,A,01,W,07,C,,Y,,,G,N,N,D,1,0,1,0,21658.0,2,38.42965043,-122.7294439,3
2015,2015-12-07,615,12,4,6,1,N,B,Y,B,H,B,A,01,N,07,B,,,,,C,Y,N,D,1,0,0,0,21658.0,2,38.30606518,-122.71035844,3
2015,2015-12-08,1750,12,4,17,2,N,B,Y,A,H,D,A,01,S,03,C,,,,,C,Y,N,D,1,0,0,0,22350.0,3,38.48944484,-122.74695072,4
2015,2015-12-10,800,12,4,8,4,N,B,Y,A,H,A,D,22,E,03,C,,,,,C,N,N,D,1,0,0,0,22350.0,2,38.30839743,-122.47860798,4
2015,2015-12-14,1625,12,4,16,1,Y,A,N,A,H,C,A,01,,09,D,,,,,C,Y,N,D,2,0,0,0,21801.0,2,38.38713997,-122.74156994,4
2015,2015-12-07,418,12,4,4,1,N,A,Y,B,H,C,A,01,E,03,E,,,,,I,Y,N,D,1,0,0,0,22350.0,1,38.43261,-122.71703,4
2015,2015-12-08,2015,12,4,20,2,N,B,N,B,H,D,A,01,E,03,F,,,,,A,Y,N,D,1,0,0,0,22350.0,1,38.21585799,-122.54698896,3
2015,2015-12-04,620,12,4,6,5,N,E,N,B,H,D,-,- ,E,18,H,,,,,H,Y,N,D,1,0,0,0,,1,38.27067624,-122.68790297,4
2015,2015-11-27,1530,11,3,15,5,N,A,N,A,H,A,C,02,S,03,C,,,Y,,C,Y,N,D,1,0,0,1,22350.0,2,38.421065,-122.72791397,3
2015,2015-12-06,1214,12,4,12,7,N,B,Y,B,H,A,A,01,E,08,E,,,,,I,Y,N,D,2,0,0,0,22107.0,1,38.45300535,-122.621666,4
2015,2015-12-03,1840,12,4,18,4,N,C,N,B,H,D,A,01,W,01,B,,,,,C,Y,N,D,1,0,0,0,23152.0,2,38.50460163,-122.94105844,3
2015,2015-12-06,2205,12,4,22,7,Y,B,N,B,H,D,A,01,,03,E,,,,,I,Y,N,D,1,0,0,0,22350.0,1,38.64989999,-122.86908992,3
2015,2015-12-08,220,12,4,2,2,N,B,N,A,H,D,A,01,S,01,E,,,,,I,Y,N,D,3,0,0,0,23152.0,1,38.56993768,-122.84249365,3
2015,2015-12-12,1430,12,4,14,6,N,A,Y,A,H,A,A,01,S,03,C,,,,,C,Y,N,D,1,0,0,0,22350.0,3,38.45710377,-122.72595609,4
2015,2015-12-09,1605,12,4,16,3,N,C,Y,B,H,A,A,01,N,03,C,,,,,C,N,N,D,1,0,0,0,22350.0,2,38.43889406,-122.7193098,4
2015,2015-12-16,1725,12,4,17,3,N,A,Y,A,H,C,A,07,N,04,C,,,,,C,Y,N,D,1,0,0,0,21703.0,3,38.38981989,-122.71628288,4
2015,2015-12-09,1100,12,4,11,3,N,C,Y,B,H,A,A,01,E,08,C,,,,Y,C,Y,N,D,1,0,0,0,22107.0,2,,,4
2015,2015-12-17,1745,12,4,17,4,N,A,Y,A,H,C,A,07,S,03,C,,,,,C,N,N,D,1,0,0,0,22350.0,2,38.36309072,-122.71257442,4
2015,2015-12-10,2115,12,4,21,4,N,C,N,B,H,D,A,01,,01,B,,,,,C,Y,N,D,2,0,0,0,23152.0,3,38.50335998,-122.90994989,3
2015,2015-12-15,2030,12,4,20,2,N,A,N,A,H,D,A,01,E,09,H,,Y,,,G,N,N,D,1,0,1,0,21801.0,2,38.29533526,-122.48908896,3
2015,2015-12-02,1820,12,4,18,3,N,A,N,A,H,D,A,01,E,01,A,,,,,C,Y,N,D,1,0,0,0,23152.0,2,38.45256,-122.77740527,2
2015,2015-12-13,4,12,4,0,7,N,B,Y,B,H,D,A,07,E,03,F,,,,,A,Y,M,D,1,0,0,0,22350.0,1,38.63925414,-122.7702349,3
2015,2015-12-15,505,12,4,5,2,N,A,Y,A,H,D,A,01,N,08,E,,,,,I,Y,N,D,1,0,0,0,22107.0,1,38.28794185,-122.69046519,4
2015,2015-12-21,935,12,4,9,1,N,B,Y,B,H,A,D,22,W,03,E,,,,,I,Y,N,D,1,0,0,0,22350.0,1,38.51759,-122.72061,4
2015,2015-12-14,1420,12,4,14,1,N,B,N,A,D,A,A,07,W,08,G,Y,,,,B,N,N,A,1,1,0,0,22107.0,3,38.51862194,-122.98016545,3
2019,2019-11-29,1732,11,3,17,5,N,A,N,A,H,C,A,07,N,03,C,,,,,C,N,N,D,7,0,0,0,22350.0,3,38.2393913269043,-122.64318084716795,4
2015,2015-12-09,720,12,4,7,3,Y,B,N,B,H,A,H,13,,09,D,,,,,C,N,N,D,1,0,0,0,21802.0,2,38.39874992,-122.71852997,4
2015,2015-12-21,1824,12,4,18,1,Y,C,Y,B,H,C,A,01,,03,E,,,,,I,Y,N,A,1,0,0,0,22350.0,1,38.66653499,-122.81971038,4
2015,2015-12-15,2210,12,4,22,2,N,A,N,A,H,D,A,07,E,03,G,Y,,,,B,N,N,D,1,1,0,0,22350.0,2,38.36950854,-122.71757563,2
2019,2019-12-12,832,12,4,8,4,N,A,N,B,H,A,A,01,W,03,C,,,,,C,N,N,D,1,0,0,0,22350.0,2,38.23176574707031,-122.63734436035156,4
2019,2019-12-11,1353,12,4,13,3,N,C,N,B,H,A,A,01,W,09,D,,,,,C,Y,N,D,2,0,0,0,21804.0,2,38.244843,-122.598251,3
2015,2015-12-14,1245,12,4,12,1,N,A,N,A,H,A,A,01,N,08,E,,,,,I,Y,N,D,1,0,0,0,22107.0,1,38.51450265,-122.84010671,3
2015,2015-12-07,933,12,4,9,1,N,B,N,B,H,A,L,04,E,08,H,,Y,,,G,N,N,D,1,0,1,0,22107.0,1,,,3
2015,2015-12-20,2205,12,4,22,7,N,C,Y,B,H,D,A,01,S,08,E,,,,,I,Y,N,D,1,0,0,0,22107.0,1,38.21073213,-122.45513908,2
2015,2015-12-12,1609,12,4,16,6,N,B,Y,A,H,A,A,01,S,03,E,,,,,I,Y,N,A,3,0,0,0,22350.0,1,38.3723,-122.71396,4
2015,2015-12-03,1410,12,4,14,4,N,C,N,B,H,A,H,13,W,03,H,,,,,A,N,N,D,1,0,0,0,22350.0,1,38.56203898,-122.79946522,3
2015,2015-12-20,1838,12,4,18,7,N,B,Y,A,H,D,A,01,W,07,B,,,,,C,N,N,D,1,0,0,0,21658.0,2,38.43311376,-122.72634193,4
2015,2015-12-17,430,12,4,4,4,N,B,N,A,H,D,A,07,E,08,F,,,,,A,Y,N,D,1,0,0,0,22107.0,1,38.41203502,-122.94652432,3
2015,2015-12-23,132,12,4,1,3,N,A,N,A,H,E,A,07,S,01,E,,,,,I,Y,N,D,1,0,0,0,23152.0,1,38.30811833,-122.6891623,3
2015,2015-12-18,1730,12,4,17,5,N,B,Y,B,H,D,D,22,E,03,C,,,,,C,N,M,D,1,0,0,0,22350.0,2,38.15357971,-122.43512069,4
2016,2016-01-02,1600,1,4,16,6,N,A,Y,A,H,A,D,22,E,03,C,,,,,C,Y,N,D,2,0,0,0,22350.0,2,38.23476999,-122.46095534,4
2015,2015-12-19,830,12,4,8,6,N,B,Y,B,H,A,A,01,S,03,E,,,,,I,Y,N,D,4,0,0,0,22350.0,1,38.43181268,-123.10855285,2
2015,2015-12-16,930,12,4,9,3,N,A,N,A,H,A,A,07,W,03,C,,,,,C,Y,N,D,2,0,0,0,22350.0,2,38.52566783,-122.76851584,3
2015,2015-12-30,1935,12,4,19,3,N,A,Y,B,H,D,D,22,N,03,C,,,,,C,Y,N,D,2,0,0,0,22350.0,2,38.25164879,-122.38699108,4
2015,2015-12-19,2230,12,4,22,6,N,A,Y,A,H,D,A,01,W,08,E,,,,,I,Y,N,D,1,0,0,0,22107.0,1,38.36629801,-122.78206843,3
2015,2015-12-20,1400,12,4,14,7,N,B,Y,B,H,A,A,01,S,03,C,,,,,C,Y,N,D,2,0,0,0,22350.0,2,38.45739449,-122.7259765,4
2015,2015-12-20,1408,12,4,14,7,N,B,N,B,H,A,A,01,W,01,E,,,,,I,Y,N,D,1,0,0,0,23152.0,1,38.40711044,-122.64383082,4
2015,2015-12-31,1105,12,4,11,4,N,A,Y,A,H,A,A,01,N,09,A,,,,,C,Y,N,D,3,0,0,0,21801.0,2,38.2299271,-122.45918514,4
2015,2015-12-22,350,12,4,3,2,N,C,Y,B,H,C,A,01,E,03,E,,,,,I,Y,N,D,1,0,0,0,22350.0,1,38.43228,-122.71724,3
2015,2015-12-22,1150,12,4,11,2,N,B,Y,A,H,A,A,07,S,03,C,,,,,C,Y,N,D,1,0,0,0,22350.0,3,38.46535154,-122.72727552,4
2015,2015-12-18,645,12,4,6,5,N,B,N,B,H,D,A,08,N,08,E,,,,,I,Y,N,D,1,0,0,0,22107.0,1,38.50610506,-122.86073991,2
2015,2015-12-22,700,12,4,7,2,Y,B,N,B,H,A,A,01,,12,D,,,,,C,Y,N,A,3,0,0,0,21453.0,2,38.49616999,-122.75605988,4
2015,2015-12-20,1545,12,4,15,7,N,C,Y,B,H,A,D,22,N,03,D,,,,,C,Y,N,D,2,0,0,0,22350.0,2,38.42350393,-122.71518824,4
2015,2015-12-21,1245,12,4,12,1,N,B,Y,B,H,A,A,01,S,03,C,,,,,C,Y,N,D,1,0,0,0,22350.0,2,,,3
2015,2015-12-21,540,12,4,5,1,N,B,Y,B,H,D,A,01,N,03,E,,,,,I,Y,N,D,2,0,0,0,22350.0,3,,,3
2015,2015-12-20,615,12,4,6,7,N,B,Y,A,H,D,A,01,S,01,E,,,,,I,Y,N,D,1,0,0,0,23152.0,1,38.26209077,-122.65623263,3
2015,2015-12-23,1717,12,4,17,3,N,A,Y,A,H,C,A,07,N,03,C,,,,,C,Y,N,D,2,0,0,0,22350.0,4,38.47839965,-122.7328527,4
2015,2015-12-23,2153,12,4,21,3,N,B,N,A,H,D,A,07,N,01,E,,,,,I,Y,N,D,1,0,0,0,23152.0,1,38.48856203,-122.78606117,3
2015,2015-12-25,2340,12,4,23,5,N,E,Y,A,H,D,A,07,E,01,F,,,,,A,Y,N,D,1,0,0,0,23152.0,1,38.47110234,-123.00663684,3
2015,2015-12-30,253,12,4,2,3,N,A,Y,A,H,C,A,01,S,01,E,,,,,I,Y,N,D,2,0,0,0,23152.0,1,38.28853823,-122.69127461,3
2015,2015-12-29,1610,12,4,16,2,N,A,Y,A,H,A,A,07,S,03,C,,,,,C,Y,N,D,1,0,0,0,22350.0,4,38.467846,-122.72834142,4
2015,2015-12-17,645,12,4,6,4,N,B,Y,A,H,A,A,01,N,03,C,,,,,C,Y,N,D,3,0,0,0,22350.0,3,38.43285,-122.71565,4
2015,2015-12-23,1040,12,4,10,3,N,A,N,A,H,A,D,22,E,08,F,,,,,I,Y,N,C,1,0,0,0,22107.0,1,38.54757304,-122.84552332,4
2015,2015-12-23,1545,12,4,15,3,N,A,Y,A,H,A,G,26,W,03,C,,,,Y,C,Y,N,D,3,0,0,0,22350.0,3,38.40578217,-122.80953354,4
2015,2015-12-21,1500,12,4,15,1,N,B,Y,B,H,A,A,07,S,03,C,,,,,C,N,N,D,1,0,0,0,22350.0,2,38.4271191,-122.71518373,4
2015,2015-12-27,1027,12,4,10,7,N,B,Y,A,H,A,D,22,E,08,E,,,,,I,Y,N,D,1,0,0,0,22107.0,1,38.43298448,-122.72726866,3
2015,2015-12-22,1149,12,4,11,2,N,B,Y,A,H,A,A,07,S,08,F,,,,,I,Y,N,D,1,0,0,0,22107.0,1,38.40591791,-122.71597927,3
2015,2015-12-28,1435,12,4,14,1,N,A,Y,A,H,A,A,01,N,05,A,,,,,C,Y,N,D,3,0,0,0,21460.0,2,38.17020106,-122.45736286,2
2016,2016-01-03,1750,1,4,17,7,Y,A,Y,A,H,B,A,01,,17,A,,,,,C,Y,N,A,1,0,0,0,21451.0,2,,,3
2015,2015-12-22,625,12,4,6,2,N,B,N,B,H,D,A,01,E,08,B,,,,,C,Y,N,D,3,0,0,0,22107.0,2,38.50595737,-122.95598279,4
2015,2015-12-18,2028,12,4,20,5,N,C,Y,B,H,C,J,48,S,21,F,,,,,A,Y,N,D,1,0,0,0,22106.0,1,38.1242867,-122.49235824,3
2015,2015-12-18,2212,12,4,22,5,N,B,Y,B,H,D,A,01,S,08,E,,,,,I,Y,N,D,2,0,0,0,22107.0,2,38.38625451,-122.71630008,4
2016,2016-01-06,1255,1,4,12,3,Y,B,Y,B,H,A,A,07,,12,D,,,,,C,Y,N,A,3,0,0,0,21453.0,3,38.334569,-122.73838571,4
2016,2016-01-03,1730,1,4,17,7,N,B,N,B,H,D,A,01,E,08,E,,,,,I,Y,N,D,1,0,0,0,22107.0,1,38.55272206,-122.64717453,3
2015,2015-12-27,710,12,4,7,7,N,A,Y,A,H,A,A,01,N,08,E,,,,,I,Y,N,D,1,0,0,0,22107.0,1,38.2684242,-122.66535351,4
2016,2016-01-02,1649,1,4,16,6,N,B,Y,A,H,B,A,01,S,08,E,,,,,I,Y,N,D,1,0,0,0,22107.0,1,38.55389664,-122.81565327,3
2016,2016-01-05,850,1,4,8,2,N,B,Y,B,H,A,A,07,E,09,B,,,,Y,C,Y,N,D,1,0,0,0,21801.0,2,38.38096489,-122.80493515,4
2016,2016-01-01,1735,1,4,17,5,Y,A,Y,A,H,D,D,23,,09,D,,,,,C,Y,N,A,2,0,0,0,21802.0,2,38.3361397,-122.98900072,4
2015,2015-12-31,814,12,4,8,4,N,A,Y,C,H,A,-,- ,W,18,E,,,,,I,Y,N,D,1,0,0,0,,1,38.1294552,-122.48380269,4
2016,2016-01-07,745,1,4,7,4,N,B,Y,B,H,A,A,01,N,03,C,,,,,C,Y,N,A,3,0,0,0,22350.0,3,38.41372,-122.71636,4
2016,2016-01-08,1448,1,4,14,5,N,B,N,A,H,A,A,01,N,08,D,,,,,C,N,N,D,1,0,0,0,22107.0,2,38.60872122,-122.77548182,4
2016,2016-01-04,825,1,4,8,1,N,C,Y,B,H,A,A,01,N,03,C,,,,,C,Y,M,D,1,0,0,0,22350.0,3,,,4
2016,2016-01-05,815,1,4,8,2,N,B,Y,B,H,A,A,01,S,03,C,,,,,C,Y,N,D,2,0,0,0,22350.0,3,38.47084,-122.73249,4
2016,2016-01-06,1715,1,4,17,3,N,C,Y,B,H,C,A,01,S,03,B,,,,,C,Y,N,D,1,0,0,0,22350.0,3,38.44543486,-122.72355795,2
2016,2016-01-06,1240,1,4,12,3,N,B,N,B,F,A,D,22,E,03,F,,,,,A,Y,N,D,1,0,0,0,22350.0,1,38.3134398,-122.88815882,3
2016,2016-01-06,1305,1,4,13,3,N,B,Y,B,H,A,A,01,N,08,B,,,,,C,Y,N,D,1,0,0,0,22107.0,2,38.51433642,-122.77952379,4
2015,2015-12-17,1730,12,4,17,4,N,A,N,A,H,C,A,07,S,03,C,,,,,C,Y,N,D,1,0,0,0,22350.0,3,38.38423926,-122.74156222,4
2016,2016-01-01,1758,1,4,17,5,N,A,Y,A,H,D,D,22,W,09,D,,,,,C,Y,N,D,2,0,0,0,21804.0,2,38.45377637,-122.62329702,4
2016,2016-01-02,1605,1,4,16,6,Y,B,Y,A,H,A,A,07,,09,D,,,,,D,Y,N,D,2,0,0,0,21801.0,3,38.42432214,-122.55623699,4
2016,2016-01-03,1900,1,4,19,7,N,B,Y,B,H,C,A,01,E,01,E,,,,,I,Y,N,A,1,0,0,0,23152.0,1,38.42430762,-122.77518865,3
2016,2016-01-02,2300,1,4,23,6,N,A,N,A,H,D,A,01,W,08,E,,,,,I,Y,N,D,1,0,0,0,22107.0,1,38.49763827,-122.90154796,4
2016,2016-01-06,1130,1,4,11,3,N,B,Y,B,H,A,A,01,N,03,C,,,,,C,Y,N,D,1,0,0,0,22350.0,2,38.43962278,-122.71953832,4
2016,2016-01-07,955,1,4,9,4,N,B,Y,B,H,A,D,22,N,03,E,,,,,I,Y,N,D,1,0,0,0,22350.0,1,38.462896,-122.726368,3
2016,2016-01-07,820,1,4,8,4,N,B,Y,B,H,A,D,22,N,03,C,,,,,C,Y,N,D,1,0,0,0,22350.0,5,38.44132013,-122.72099558,4
2016,2016-01-16,1705,1,4,17,6,N,B,N,B,H,D,A,01,S,03,E,,,,,I,Y,N,D,4,0,0,0,22350.0,2,38.49664807,-122.65555697,4
2016,2016-01-15,1630,1,4,16,5,N,A,Y,A,H,A,A,01,N,03,C,,,,,C,Y,N,D,1,0,0,0,22350.0,2,38.43532791,-122.71716369,4
2016,2016-01-14,1654,1,4,16,4,N,B,Y,B,H,D,A,01,N,03,C,,,,,C,Y,N,D,1,0,0,0,22350.0,2,38.48061555,-122.73462204,4
2016,2016-01-09,240,1,4,2,6,N,A,Y,A,H,D,A,07,W,08,E,,,,,J,Y,N,D,1,0,0,0,22107.0,1,38.42361437,-122.55544162,4
2016,2016-01-07,2010,1,4,20,4,N,A,Y,A,H,D,-,99,W,08,G,Y,,,,B,N,F,D,1,1,0,0,22107.0,2,38.49362351,-123.01221628,3
2016,2016-01-19,1606,1,4,16,2,Y,B,Y,A,H,A,A,07,,09,D,,,,,C,Y,N,A,1,0,0,0,21802.0,3,38.26543105,-122.46196257,4
2015,2015-11-08,825,11,3,8,7,N,B,N,B,H,A,A,01,W,05,D,,,,,C,Y,N,D,2,0,0,0,21460.0,2,38.54979871,-122.67035637,1
2016,2016-01-04,805,1,4,8,1,N,B,N,B,H,A,A,07,E,05,B,,,,,C,Y,N,D,2,0,0,0,21460.0,5,38.50019642,-122.74053372,4
2016,2016-01-11,1155,1,4,11,1,N,B,Y,A,H,A,A,07,S,01,E,,,,,I,Y,N,D,1,0,0,0,23152.0,1,38.29360942,-122.69880902,3
2016,2016-01-12,634,1,4,6,2,N,B,N,A,H,C,F,26,N,07,B,,,,Y,C,Y,N,D,2,0,0,0,21658.0,2,38.40001038,-122.71351,4
2016,2016-01-14,1807,1,4,18,4,N,C,Y,B,H,C,D,22,S,03,C,,,,,C,N,N,A,1,0,0,0,22350.0,2,38.25328674,-122.39430416,4
2016,2016-01-19,1430,1,4,14,2,N,B,N,A,H,A,D,22,W,03,C,,,,,C,N,N,D,1,0,0,0,22350.0,2,38.66378384,-122.86337663,4
2016,2016-01-11,1745,1,4,17,1,N,B,Y,A,H,C,A,01,N,03,C,,,,,C,Y,N,D,2,0,0,0,22350.0,3,38.27521184,-122.6739078,4
2016,2016-01-04,525,1,4,5,1,N,B,N,B,H,D,A,01,N,01,E,,,,,I,Y,N,D,1,0,0,0,23152.0,1,38.31701653,-122.7352824,4
2016,2016-01-11,2315,1,4,23,1,N,C,N,B,H,D,A,07,E,08,E,,,,,I,Y,N,D,1,0,0,0,22107.0,1,,,3
2016,2016-01-13,746,1,4,7,3,N,B,Y,B,H,A,D,22,S,08,A,,,,,I,Y,N,D,1,0,0,0,22107.0,1,,,4
2016,2016-01-13,1152,1,4,11,3,N,B,Y,B,H,A,A,01,S,04,C,,,,,C,N,N,D,1,0,0,0,21703.0,2,38.445156,-122.72337953,4
2016,2016-01-01,110,1,4,1,5,N,B,N,A,H,D,N,60,N,17,B,Y,,,,C,N,N,D,2,2,0,0,22517.0,4,38.37185488,-122.72523032,2
2016,2016-01-13,1630,1,4,16,3,N,A,Y,A,H,A,D,23,W,03,C,,,,,C,N,N,D,1,0,0,0,22350.0,2,,,4
2016,2016-01-13,1040,1,4,10,3,N,B,N,B,H,A,A,01,N,03,C,,,,,C,N,N,D,2,0,0,0,22350.0,2,38.38203506,-122.6856775,4
2016,2016-01-22,1445,1,4,14,5,Y,C,Y,B,H,A,A,01,,09,D,,,,,C,Y,N,A,3,0,0,0,21801.0,2,38.24283765,-122.50549597,3
2015,2015-12-16,1735,12,4,17,3,N,A,Y,A,H,C,A,01,S,01,B,,,,,C,Y,N,D,1,0,0,0,23152.0,2,38.30352448,-122.68161193,3