ACCIDENT_YEAR,COLLISION_DATE,COLLISION_TIME,MONTH,SEASON,24HOURS,DAY_OF_WEEK,INTERSECTION,WEATHER_1,STATE_HWY_IND,ROAD_SURFACE,ROAD_COND_1,LIGHTING,STWD_VEHTYPE_AT_FAULT,CHP_VEHTYPE_AT_FAULT,DIRECTION,PCF_VIOL_CATEGORY,TYPE_OF_COLLISION,PEDESTRIAN_ACCIDENT,BICYCLE_ACCIDENT,MOTORCYCLE_ACCIDENT,TRUCK_ACCIDENT,MVIW,TOW_AWAY,HIT_AND_RUN,CONTROL_DEVICE,NUMBER_INJURED,COUNT_PED_INJURED,COUNT_BICYCLIST_INJURED,COUNT_MC_INJURED,PCF_VIOLATION,PARTY_COUNT,POINT_Y,POINT_X,COLLISION_SEVERITY
2017,2017-02-14,755,2,4,7,2,N,B,Y,A,H,A,A,07,E,08,E,,,,,I,N,N,D,1,0,0,0,22107.0,1,38.4736254,-122.88951473,3
2017,2017-02-14,2359,2,4,23,2,N,A,Y,A,H,C,A,01,N,01,E,,,,,J,Y,N,D,1,0,0,0,23152.0,1,38.47138,-122.72908,3
2020,2020-01-16,829,1,4,8,4,N,C,N,B,H,A,N,60,S,11,G,Y,,,,B,N,N,D,1,1,0,0,21954.0,2,38.5557746887207,-122.80741119384766,3
2017,2017-02-07,20,2,4,0,2,N,B,Y,B,H,D,A,01,S,08,E,,,,,I,Y,N,D,1,0,0,0,22107.0,1,,,3
2017,2017-02-10,1455,2,4,14,5,Y,A,N,A,H,A,A,07,,05,B,,,,,C,Y,N,D,1,0,0,0,21460.0,3,38.2032399,-122.54771994,4
2017,2017-02-15,1900,2,4,19,3,N,A,N,A,H,D,A,01,N,05,A,,,,,C,Y,N,D,2,0,0,0,21460.0,2,38.33339472,-122.6667804,4
2020,2020-01-23,1518,1,4,15,4,N,A,N,A,H,A,A,07,N,22,C,,,,,C,N,N,D,1,0,0,0,,2,38.55064392089844,-122.79808807373048,4
2017,2017-02-13,245,2,4,2,1,N,A,Y,A,H,D,A,08,S,08,E,,,,,I,N,N,D,1,0,0,0,22107.0,1,38.56545749,-123.31906803,4
2020,2020-02-07,1121,2,4,11,5,Y,A,Y,A,H,A,A,08,,03,C,,Y,,,G,N,N,A,1,0,1,0,22350.0,2,38.23624420166016,-122.61955261230467,4
2020,2020-02-07,726,2,4,7,5,Y,A,Y,A,H,A,A,01,,12,D,,,,,C,Y,N,A,1,0,0,0,21453.0,2,38.23426818847656,-122.59882354736328,4
2017,2017-02-12,1330,2,4,13,7,N,A,N,B,A,A,C,02,E,03,F,,,Y,,A,Y,N,D,1,0,0,1,22350.0,1,38.30637817,-122.82992856,2
2017,2017-02-17,1410,2,4,14,5,N,C,Y,B,H,A,D,22,N,03,D,,,,,C,N,N,D,2,0,0,0,22350.0,2,38.27225641,-122.67006507,4
2017,2017-02-18,1820,2,4,18,6,Y,B,Y,A,H,C,A,01,,09,D,,,,,C,Y,N,A,1,0,0,0,21802.0,2,38.35800714,-122.76968745,4
2017,2017-02-17,1855,2,4,18,5,N,C,Y,B,H,C,A,01,S,03,C,,,,,C,N,N,D,1,0,0,0,22350.0,2,38.2234673,-122.61128323,4
2017,2017-02-15,1905,2,4,19,3,Y,A,N,A,H,D,A,07,,09,A,,,,,C,Y,N,D,2,0,0,0,21801.0,2,38.22660994,-122.66476996,2
2017,2017-02-18,225,2,4,2,6,Y,B,N,B,H,C,A,01,,09,D,,,,,C,Y,N,A,1,0,0,0,21801.0,2,38.36324998,-122.72922992,4
2017,2017-02-15,1150,2,4,11,3,N,A,Y,A,H,D,A,07,E,01,F,,,,,I,Y,N,A,1,0,0,0,23152.0,1,38.42155334,-122.77796192,4
2017,2017-02-18,1030,2,4,10,6,N,B,Y,B,H,A,A,01,N,03,E,,,,Y,I,Y,N,D,1,0,0,0,22350.0,2,38.28628852,-122.68860526,4
2017,2017-02-18,1600,2,4,16,6,N,B,N,A,H,A,A,01,E,05,A,,,,,C,Y,N,D,3,0,0,0,21460.0,2,38.51879024,-122.72006372,4
2017,2017-02-17,1151,2,4,11,5,N,B,Y,B,H,A,A,01,N,03,E,,,,,I,Y,M,D,2,0,0,0,22350.0,1,38.24029458,-122.6216527,3
2017,2017-02-21,1240,2,4,12,2,N,B,N,B,H,A,D,22,E,04,C,,,,,C,Y,N,D,1,0,0,0,21703.0,3,38.56028686,-122.62431258,3
2017,2017-02-17,1530,2,4,15,5,N,B,N,B,H,A,-,- ,N,18,H,,,,,A,N,N,D,1,0,0,0,,1,38.33175909,-122.7111262,3
2017,2017-02-21,1725,2,4,17,2,N,B,Y,B,H,A,A,07,N,08,E,,,,,I,Y,N,D,1,0,0,0,22107.0,1,,,4
2017,2017-02-13,2130,2,4,21,1,N,A,N,A,H,D,D,22,E,08,F,,,,,A,Y,M,D,1,0,0,0,22107.0,1,38.35549921,-122.94306019,4
2017,2017-02-16,1930,2,4,19,4,N,A,N,A,H,D,A,07,S,03,C,,,,,C,N,N,D,1,0,0,0,22350.0,2,38.30750597,-122.49622851,4
2017,2017-02-17,1011,2,4,10,5,N,C,N,B,H,A,G,25,S,05,B,,,,Y,C,Y,N,D,3,0,0,0,21460.0,2,38.2020872,-122.54764249,2
2017,2017-02-19,1940,2,4,19,7,N,C,Y,B,H,C,D,22,S,08,B,,,,,C,Y,N,D,2,0,0,0,22107.0,3,38.41136993,-122.71618037,4
2017,2017-02-24,2125,2,4,21,5,N,A,Y,A,H,C,A,01,E,01,C,,,,,C,Y,N,A,1,0,0,0,23152.0,4,38.42793491,-122.76849155,4
2017,2017-02-21,1520,2,4,15,2,N,B,N,B,H,A,A,01,S,01,E,,,,,I,Y,N,D,1,0,0,0,23152.0,1,38.5268049,-122.83070305,3
2017,2017-02-24,1635,2,4,16,5,N,A,N,A,H,A,A,01,S,04,C,,,,,C,Y,N,D,1,0,0,0,21703.0,3,38.39176913,-122.83743212,4
2017,2017-02-27,1715,2,4,17,1,N,A,N,A,G,A,A,01,E,08,E,,,,,I,Y,N,D,2,0,0,0,22107.0,1,38.28206393,-122.6151373,4
2019,2019-11-22,1606,11,3,16,5,N,A,N,A,H,A,A,01,S,01,C,,,,,C,N,N,D,1,0,0,0,23152.0,2,38.42604446411133,-122.74119567871094,4
2019,2019-11-30,45,11,3,0,6,N,A,N,A,H,C,N,60,W,11,G,Y,,,,B,N,N,A,1,1,0,0,21456.0,2,38.445659637451165,-122.71774291992188,4
2019,2019-11-01,926,11,3,9,5,Y,A,N,A,H,A,A,01,,10,G,Y,,,,B,N,N,A,1,1,0,0,21950.0,2,38.463088989257805,-122.72611236572266,3
2019,2019-11-15,2238,11,3,22,5,Y,E,N,A,H,C,A,01,,09,A,,,,,C,Y,N,A,2,0,0,0,21453.0,2,38.46506118774414,-122.71938323974608,4
2019,2019-11-09,1757,11,3,17,6,N,A,N,A,H,C,A,01,E,09,B,,,,,C,N,N,D,1,0,0,0,21804.0,2,38.41646194458008,-122.70957183837892,4
2019,2019-11-25,2250,11,3,22,1,Y,A,N,A,H,C,A,01,,09,D,,,,,C,Y,N,A,1,0,0,0,21453.0,2,38.44588851928711,-122.72663116455078,4
2019,2019-11-27,1214,11,3,12,3,Y,A,N,A,H,A,A,01,,09,D,,,,,C,N,M,A,2,0,0,0,21801.0,2,38.425338745117195,-122.76245880126952,3
2019,2019-11-29,333,11,3,3,5,Y,E,N,A,H,C,N,60,,11,G,Y,,,,B,N,N,A,1,1,0,0,21954.0,2,,,3
2019,2019-11-26,1652,11,3,16,2,N,C,N,B,H,C,A,01,N,03,E,,,,,I,N,N,A,1,0,0,0,22350.0,1,38.46028137207031,-122.74056243896484,4
2019,2019-11-24,1951,11,3,19,7,N,A,N,A,H,C,A,01,E,08,C,,,,,E,Y,N,D,1,0,0,0,22107.0,2,38.441532135009766,-122.60332489013672,4
2019,2019-11-25,1458,11,3,14,1,Y,A,N,A,H,A,A,01,,09,D,,Y,,,G,N,N,A,1,0,1,0,21802.0,2,38.437549591064446,-122.70144653320312,4
2019,2019-11-29,955,11,3,9,5,Y,A,N,A,H,A,A,01,,12,D,,,,,C,Y,N,A,2,0,0,0,21453.0,2,38.44113159179688,-122.71012115478516,4
2019,2019-11-07,1807,11,3,18,4,N,A,N,A,H,C,A,01,S,09,C,,,,,C,Y,N,D,3,0,0,0,21804.0,2,38.475921630859375,-122.76978302001952,4
2019,2019-11-28,1841,11,3,18,4,Y,A,N,A,H,C,A,01,,09,D,,,,,C,Y,N,A,1,0,0,0,21801.0,2,38.42293167114258,-122.70764923095705,3
2019,2019-11-30,1138,11,3,11,6,N,C,N,D,H,A,A,01,N,03,D,,,,,C,Y,N,A,1,0,0,0,22350.0,3,38.45280838012695,-122.75138854980467,4
2019,2019-12-06,1311,12,4,13,5,Y,B,N,A,H,A,A,07,,17,D,,,,,C,Y,N,A,1,0,0,0,21451.0,2,38.472480773925774,-122.73072052001952,4
2019,2019-12-15,1138,12,4,11,7,Y,A,N,A,H,A,A,01,,09,A,,,,,C,Y,N,A,2,0,0,0,21801.0,2,38.48606872558594,-122.7109603881836,3
2019,2019-12-16,629,12,4,6,1,N,A,N,A,H,C,A,01,E,10,G,Y,,,,B,N,M,A,1,1,0,0,21950.0,2,38.44420623779297,-122.72653198242188,4
2017,2017-02-22,1140,2,4,11,3,N,B,N,A,A,A,L,04,E,03,E,,Y,,,I,N,N,D,1,0,1,0,22350.0,1,38.71956074,-122.76390185,3
2019,2019-12-13,1722,12,4,17,5,N,C,N,B,H,C,A,01,S,03,C,,,,,C,N,N,A,1,0,0,0,22350.0,2,,,4
2017,2017-02-27,2110,2,4,21,1,N,A,Y,A,H,C,-,- ,W,18,H,,,Y,,H,Y,N,A,1,0,0,1,,1,38.4452913,-122.60512441,2
2017,2017-02-24,1640,2,4,16,5,N,A,N,A,H,A,A,01,N,05,B,,,,,C,Y,N,D,1,0,0,0,21460.0,2,38.25761017,-122.49222207,4
2017,2017-03-02,1515,3,1,15,4,N,A,N,A,H,A,A,07,W,03,C,,,,,C,Y,N,D,1,0,0,0,22350.0,4,38.49876691,-122.74409774,4
2017,2017-02-26,1430,2,4,14,7,N,A,Y,A,H,A,C,02,W,08,E,,,Y,,I,N,N,D,1,0,0,1,22107.0,1,38.49143454,-122.96052649,2
2017,2017-03-02,1358,3,1,13,4,N,A,Y,A,H,A,A,01,E,04,C,,,,,C,N,N,D,1,0,0,0,21703.0,3,38.15159042,-122.44729426,3
2017,2017-02-24,1055,2,4,10,5,N,A,Y,A,H,A,A,01,E,03,C,,,,,C,Y,N,D,1,0,0,0,22350.0,3,38.15285546,-122.44260666,4
2017,2017-02-24,2345,2,4,23,5,N,B,N,A,H,D,A,01,N,08,F,,,,,A,Y,N,D,1,0,0,0,22107.0,1,38.52805174,-123.08642347,2
2017,2017-02-28,1540,2,4,15,2,Y,A,N,A,H,A,A,01,,09,D,,,,,C,Y,N,D,5,0,0,0,21801.0,2,38.3133699,-122.87904997,4
2017,2017-02-27,2230,2,4,22,1,N,A,N,A,H,D,A,01,S,01,E,,,,,I,Y,N,D,4,0,0,0,23152.0,1,38.50221552,-122.65028681,2
2017,2017-03-02,1835,3,1,18,4,N,A,N,A,H,D,A,07,E,01,E,,,,,I,N,N,D,1,0,0,0,23152.0,1,38.52227571,-122.98442938,3
2017,2017-03-02,1345,3,1,13,4,N,A,Y,A,H,A,A,07,E,07,B,,,,,C,Y,N,D,1,0,0,0,21658.0,2,38.43084961,-122.71131693,4
2017,2017-03-04,1812,3,1,18,6,N,C,N,B,H,C,A,01,N,08,E,,,,,I,Y,N,D,1,0,0,0,22107.0,1,,,4
2016,2016-11-21,1600,11,3,16,1,N,A,Y,A,H,A,-,- ,S,00,F,,,,,A,Y,N,D,0,0,0,0,,1,38.49780058,-123.20617084,1
2017,2017-03-03,1424,3,1,14,5,N,A,Y,A,H,A,A,01,E,03,C,,,,,C,Y,N,D,1,0,0,0,22350.0,2,38.40566137,-122.80986594,4
2017,2017-03-04,1350,3,1,13,6,N,B,N,B,H,A,E,22,W,03,F,,,,,A,Y,N,D,1,0,0,0,22350.0,1,38.66616134,-123.02724123,3
2017,2017-03-06,745,3,1,7,1,N,B,Y,B,H,A,A,07,N,08,E,,,,,I,Y,N,D,1,0,0,0,22107.0,1,38.51441784,-122.77932905,4
2017,2017-03-03,2225,3,1,22,5,N,B,N,A,H,C,A,01,S,01,E,,,,,I,Y,M,D,1,0,0,0,23152.0,1,38.37972632,-122.74147323,3
2017,2017-03-02,1845,3,1,18,4,N,A,Y,A,H,C,A,07,S,03,C,,,,,C,Y,N,D,4,0,0,0,22350.0,3,38.4452753,-122.72372875,4
2017,2017-03-06,1700,3,1,17,1,N,B,N,B,H,A,D,22,E,03,C,,,,,C,Y,N,A,1,0,0,0,22350.0,2,38.50247658,-122.99536466,4
2017,2017-03-01,1745,3,1,17,3,N,A,Y,A,H,B,A,01,W,08,B,,,,,C,Y,N,D,1,0,0,0,22107.0,2,38.21446871,-122.55335848,3
2017,2017-03-05,1005,3,1,10,7,N,B,Y,B,H,A,D,22,N,03,C,,,,,C,N,N,A,1,0,0,0,22350.0,2,38.36456,-122.71306,4
2017,2017-03-06,800,3,1,8,1,N,B,Y,B,H,A,A,01,E,03,C,,,,,C,Y,N,D,1,0,0,0,22350.0,3,38.43129,-122.73769,4
2017,2017-03-03,1505,3,1,15,5,N,A,Y,A,H,A,A,01,E,03,C,,,,,C,Y,N,D,1,0,0,0,22350.0,3,38.3429146,-122.75668018,4
2017,2017-03-06,850,3,1,8,1,N,B,Y,B,H,A,A,01,S,03,C,,,,,C,N,N,D,1,0,0,0,22350.0,3,38.43817486,-122.71881178,4
2017,2017-03-06,1525,3,1,15,1,N,B,N,B,H,A,A,01,S,08,E,,,,,I,Y,N,D,1,0,0,0,22107.0,1,38.19264567,-122.54329783,4
2017,2017-03-04,1537,3,1,15,6,N,C,Y,B,H,A,A,07,S,08,E,,,,,I,Y,N,D,1,0,0,0,22107.0,1,38.25866543,-122.65015444,4
2017,2017-03-07,345,3,1,3,2,N,A,N,B,H,D,A,01,N,01,E,,,,,J,Y,N,D,1,0,0,0,23152.0,1,38.51786532,-122.99596137,3
2017,2017-03-08,820,3,1,8,3,N,A,Y,A,H,A,A,07,S,07,C,,,,,C,Y,N,D,1,0,0,0,21658.0,2,38.34675844,-122.71313459,4
2017,2017-03-07,1705,3,1,17,2,N,B,Y,B,H,A,C,02,W,03,F,,,Y,,A,Y,N,D,1,0,0,1,22350.0,1,38.47471553,-123.00329611,4
2017,2017-03-09,806,3,1,8,4,N,A,Y,A,H,A,C,02,S,03,C,,,Y,,C,Y,N,D,1,0,0,1,22350.0,2,38.40618989,-122.71595108,3
2017,2017-03-09,1458,3,1,14,4,Y,A,N,A,H,A,A,01,,12,D,,,,,C,Y,N,A,2,0,0,0,21453.0,2,38.34597991,-122.66688998,3
2017,2017-03-02,1240,3,1,12,4,N,A,N,A,H,A,A,01,E,01,A,,,,,C,Y,N,D,3,0,0,0,23152.0,2,38.38653106,-122.56189455,2
2017,2017-03-08,328,3,1,3,3,N,A,Y,A,H,C,A,01,S,01,G,,,,,C,Y,N,D,1,0,0,0,23152.0,2,38.31813423,-122.71432621,4
2017,2017-03-08,1900,3,1,19,3,N,A,Y,A,H,D,A,07,N,01,E,,,,,J,Y,N,D,1,0,0,0,23152.0,1,38.72134076,-123.45995984,2
2017,2017-03-08,1914,3,1,19,3,N,A,Y,A,H,C,D,22,W,07,B,,,,,C,Y,N,A,1,0,0,0,21658.0,2,38.15068387,-122.44969742,4
2017,2017-03-10,1220,3,1,12,5,N,A,N,A,H,A,-,- ,E,18,E,,,,,H,Y,N,D,1,0,0,0,,1,38.49045446,-122.87987357,4
2017,2017-03-10,1345,3,1,13,5,N,A,Y,A,H,A,G,25,N,03,C,,,,Y,C,N,N,D,1,0,0,0,22350.0,3,38.23768367,-122.62028226,4
2017,2017-03-11,1530,3,1,15,6,N,A,N,A,H,A,C,02,E,03,E,,,Y,,I,Y,N,D,1,0,0,1,22350.0,1,38.55318231,-122.67338245,4
2017,2017-01-26,1530,1,4,15,4,N,A,Y,A,H,A,A,01,N,05,D,,,,,C,Y,F,D,1,0,0,0,21651.0,2,38.15198023,-122.44877632,1
2017,2017-03-02,1430,3,1,14,4,Y,A,N,A,H,A,A,07,,12,D,,,,,C,Y,N,A,2,0,0,0,21453.0,3,38.51110999,-122.79295989,4
2017,2017-03-11,1246,3,1,12,6,N,A,Y,A,H,A,A,01,S,03,C,,,Y,,C,Y,N,D,1,0,0,1,22350.0,4,38.41891698,-122.71576928,3
2017,2017-03-11,2150,3,1,21,6,N,A,N,A,H,D,A,01,N,08,E,,,,,I,N,N,D,1,0,0,0,22107.0,1,38.54096274,-122.64825685,4
2017,2017-03-12,1440,3,1,14,7,N,A,Y,A,H,A,A,01,S,08,E,,,,,I,Y,N,D,1,0,0,0,22107.0,1,38.29617448,-122.70182984,4
2017,2017-03-14,145,3,1,1,2,N,A,Y,A,H,C,D,22,N,01,F,,,,,A,Y,N,D,1,0,0,0,23152.0,1,38.35009,-122.71375,3
2017,2017-03-14,1650,3,1,16,2,N,A,Y,A,H,A,A,07,N,03,C,,,,,C,Y,N,D,1,0,0,0,22350.0,4,,,4
2017,2017-03-11,1320,3,1,13,6,N,A,Y,A,H,A,A,01,S,03,C,,,,,C,Y,N,D,3,0,0,0,22350.0,3,,,4
2017,2017-03-09,938,3,1,9,4,Y,A,Y,A,H,A,D,22,,09,D,,,,,C,Y,F,A,1,0,0,0,21802.0,2,38.3622928,-122.77815848,4
2017,2017-03-11,45,3,1,0,6,N,A,N,A,H,D,A,07,W,01,E,,,,,I,Y,N,D,1,0,0,0,23152.0,1,38.314337,-122.69209246,3
2017,2017-03-13,1210,3,1,12,1,N,A,N,A,H,A,D,22,E,09,D,,,,,C,Y,N,D,2,0,0,0,21804.0,2,38.50907808,-122.9238651,3
2017,2017-03-14,1115,3,1,11,2,N,A,N,A,H,A,A,07,W,04,C,,,,,C,N,N,D,3,0,0,0,21703.0,2,38.4280873,-122.73599708,3
2017,2017-03-15,640,3,1,6,3,N,B,Y,A,H,D,A,07,N,07,B,,,,,C,Y,N,D,2,0,0,0,21658.0,3,38.33619028,-122.71273561,3
2017,2017-03-15,2031,3,1,20,3,N,B,N,A,H,D,A,01,E,05,D,,,,,D,Y,N,D,2,0,0,0,21460.0,2,38.69706,-122.8909,4
2017,2017-03-10,748,3,1,7,5,N,A,Y,A,H,A,A,01,E,03,C,,,,,C,Y,N,D,1,0,0,0,22350.0,3,38.13520961,-122.47469183,4
2017,2017-03-11,1600,3,1,16,6,N,A,Y,A,H,A,A,01,S,03,C,,,,,C,Y,N,A,1,0,0,0,22350.0,2,38.24501082,-122.4453002,4
2017,2017-03-12,1530,3,1,15,7,N,A,Y,A,H,A,A,07,E,03,C,,,,,C,Y,N,A,1,0,0,0,22350.0,2,38.31386591,-122.48153548,4
2017,2017-03-12,140,3,1,1,7,N,A,N,A,H,D,D,22,E,01,E,,,,,I,Y,N,D,1,0,0,0,23152.0,1,38.38567851,-122.81262819,3
2017,2017-03-12,2250,3,1,22,7,N,A,Y,A,H,C,A,01,S,08,E,,,,,I,Y,N,D,1,0,0,0,22107.0,1,38.28085729,-122.68156339,3
2017,2017-03-17,951,3,1,9,5,N,A,Y,A,H,A,F,26,E,03,C,,,,Y,C,Y,N,D,1,0,0,0,22350.0,2,38.38066703,-122.80336808,3
2017,2017-03-13,1330,3,1,13,1,N,A,N,A,H,A,A,01,N,03,C,,,,,C,N,N,A,1,0,0,0,22350.0,3,38.26622026,-122.48833048,4
2017,2017-03-17,1840,3,1,18,5,Y,A,N,A,H,A,D,22,,09,D,,,,,C,Y,N,A,2,0,0,0,21802.0,2,38.36950989,-122.72923988,4
2017,2017-03-14,825,3,1,8,2,N,A,Y,A,H,A,A,01,E,08,C,,,,Y,E,Y,N,D,1,0,0,0,22107.0,2,38.32461204,-122.48786933,4
2017,2017-03-20,1512,3,1,15,1,N,B,Y,B,H,A,A,01,E,03,C,,,,,C,N,N,A,1,0,0,0,22350.0,2,38.43184,-122.74123,3
2017,2017-03-16,1545,3,1,15,4,N,A,Y,A,H,A,A,01,S,08,E,,,,,I,Y,N,D,1,0,0,0,22107.0,1,,,4
2017,2017-03-17,1705,3,1,17,5,N,A,N,A,H,A,G,25,N,03,C,,,,Y,C,Y,N,D,1,0,0,0,22350.0,3,38.14006,-122.47631,4
2017,2017-03-21,820,3,1,8,2,N,B,Y,B,H,A,A,01,W,03,C,,,,,C,N,N,A,1,0,0,0,22350.0,2,38.43253,-122.71537,4
2017,2017-03-12,1640,3,1,16,7,N,A,Y,A,H,A,A,07,E,03,C,,,,,C,Y,N,D,2,0,0,0,22350.0,3,38.15382424,-122.43259817,4
2017,2017-03-16,915,3,1,9,4,Y,A,N,A,H,A,G,27,,09,D,,,,Y,C,N,N,A,1,0,0,0,21802.0,2,38.42373,-122.77875991,4
2017,2017-03-17,1035,3,1,10,5,Y,A,N,A,H,A,A,01,,09,D,,,,,C,Y,N,D,2,0,0,0,21802.0,2,38.48826999,-122.85510994,4
2017,2017-03-20,1435,3,1,14,1,N,B,Y,B,H,A,-,99,S,08,B,,,,,C,Y,N,D,1,0,0,0,22107.0,2,38.65353944,-122.87162362,4
2017,2017-03-16,810,3,1,8,4,N,B,N,A,H,A,L,04,S,05,D,,Y,,,G,N,N,A,1,0,1,0,21460.0,2,38.51121042,-122.76363748,4
2017,2017-03-21,1200,3,1,12,2,N,B,N,A,H,A,D,22,E,08,E,,,,,I,Y,N,D,2,0,0,0,22107.0,1,38.65229468,-122.86783468,4
2017,2017-03-19,1350,3,1,13,7,N,A,N,A,E,A,-,- ,N,03,A,,,,,C,Y,N,D,1,0,0,0,22350.0,2,38.5129921,-122.93469786,4
2017,2017-03-17,1545,3,1,15,5,N,A,N,A,H,A,C,02,W,08,F,,,Y,,A,N,N,D,1,0,0,1,22107.0,1,38.412582,-122.843234,2
2017,2017-03-21,1220,3,1,12,2,N,B,Y,A,H,A,A,01,N,07,B,,,,Y,A,Y,N,D,2,0,0,0,21658.0,2,38.44207259,-122.72151955,3
2017,2017-03-16,520,3,1,5,4,N,B,Y,B,H,D,A,01,E,03,C,,,,,C,Y,N,A,1,0,0,0,22350.0,3,38.13436665,-122.4760816,4
2017,2017-03-20,1735,3,1,17,1,N,B,Y,B,H,A,A,01,E,03,C,,,,,C,N,N,D,1,0,0,0,22350.0,2,38.15395479,-122.43125143,4
2017,2017-03-18,1920,3,1,19,6,Y,A,N,A,H,B,A,01,,10,G,Y,,,,G,N,M,D,1,1,0,0,21950.0,2,38.51121992,-122.76364996,4
2017,2017-03-19,1430,3,1,14,7,N,A,N,A,H,A,A,01,S,03,C,,,,,C,Y,N,D,2,0,0,0,22350.0,2,38.29428807,-122.4777321,4
2017,2017-03-10,440,3,1,4,5,N,A,Y,A,H,C,A,01,E,01,E,,,,,I,Y,N,D,2,0,0,0,23152.0,1,,,2
2017,2017-03-20,1050,3,1,10,1,N,C,Y,B,H,A,F,26,S,07,B,,,,Y,C,N,N,D,1,0,0,0,21658.0,2,38.45966697,-122.72634435,4
2017,2017-03-03,2330,3,1,23,5,N,A,Y,A,H,D,D,22,N,08,E,,,,,I,Y,N,D,3,0,0,0,22107.0,1,38.8348729,-123.02015739,2
2017,2017-03-17,628,3,1,6,5,N,A,Y,A,H,D,A,01,E,03,C,,,,,C,Y,N,D,1,0,0,0,22350.0,3,38.13538149,-122.47440693,4
2017,2017-03-19,825,3,1,8,7,N,B,N,A,H,A,D,22,N,01,F,,,,,I,Y,N,D,1,0,0,0,23152.0,1,38.4139079,-122.89387997,4
2017,2017-03-19,825,3,1,8,7,Y,B,N,A,H,A,D,22,,01,E,,,,,I,Y,N,D,1,0,0,0,23152.0,1,38.51758996,-122.72060992,2
2017,2017-03-19,100,3,1,1,7,N,A,N,A,H,D,A,01,N,01,E,,,,,I,Y,N,D,2,0,0,0,23152.0,1,,,2
2020,2020-01-11,1502,1,4,15,6,N,A,N,A,H,A,D,22,W,09,D,,,,,C,Y,N,D,1,0,0,0,21804.0,2,38.27431488037109,-122.66950988769533,4
2017,2017-03-21,2340,3,1,23,2,N,C,Y,B,H,C,A,01,S,08,E,,,,,I,Y,F,D,3,0,0,0,22107.0,1,38.65660224,-122.87287481,3
2017,2017-03-22,1725,3,1,17,3,N,A,Y,A,H,A,A,07,N,07,B,,,,,C,Y,N,D,1,0,0,0,21658.0,2,38.35718133,-122.71302,3
2017,2017-03-22,1648,3,1,16,3,N,A,Y,A,H,A,A,07,W,03,C,,,,,C,N,N,D,5,0,0,0,22350.0,3,38.14086787,-122.46491437,4
2017,2017-03-23,1700,3,1,17,4,N,B,Y,A,H,A,A,01,E,21,C,,,,,C,N,N,D,1,0,0,0,22106.0,2,,,4
2017,2017-03-23,1600,3,1,16,4,N,A,N,A,H,A,A,01,N,09,D,,,,,C,N,N,D,1,0,0,0,21804.0,2,38.50010906,-122.75000151,4
2017,2017-03-20,1425,3,1,14,1,N,B,Y,B,H,A,A,01,W,03,E,,,,,I,Y,N,D,1,0,0,0,22350.0,1,38.6218309,-122.66272018,3
2019,2019-12-27,2032,12,4,20,5,Y,A,N,A,H,C,-,- ,,00,D,,,,,C,Y,N,A,2,0,0,0,,2,38.45542907714844,-122.73786926269533,3
2017,2017-03-22,803,3,1,8,3,Y,B,N,B,H,A,A,01,,09,D,,,,,C,Y,N,A,1,0,0,0,21802.0,2,38.39693,-122.71855992,3
2019,2019-12-29,607,12,4,6,7,N,A,N,A,H,C,A,01,S,03,D,,Y,,,G,N,M,A,1,0,1,0,22350.0,2,38.44122695922852,-122.71239471435548,4
2019,2019-12-22,2014,12,4,20,7,N,A,N,A,H,C,A,01,E,21,D,,,,,C,N,N,D,1,0,0,0,22106.0,2,38.43077087402344,-122.72462463378906,4
2019,2019-12-06,14,12,4,0,5,Y,A,N,A,H,C,A,01,,12,D,,,,,C,Y,N,A,3,0,0,0,21453.0,2,38.47037124633789,-122.722900390625,4
2019,2019-12-21,126,12,4,1,6,N,A,N,A,H,C,-,- ,E,18,E,,,,,I,Y,N,D,1,0,0,0,,1,38.46133804321289,-122.76349639892578,4
2019,2019-12-26,1826,12,4,18,4,Y,A,N,A,H,C,A,01,,12,D,,,,,C,Y,N,A,1,0,0,0,21453.0,2,38.4549217224121,-122.76966094970705,4
2017,2017-03-24,1840,3,1,18,5,N,B,N,B,H,B,A,01,E,03,C,,,,,C,Y,N,A,1,0,0,0,22350.0,2,38.2992968,-122.71249876,4
2017,2017-03-23,2040,3,1,20,4,N,B,Y,B,H,C,A,01,N,08,E,,,,,I,Y,N,D,2,0,0,0,22107.0,1,38.43198,-122.71496,4
2019,2019-12-27,831,12,4,8,5,Y,A,N,A,H,A,A,01,,12,D,,,,,C,Y,N,A,1,0,0,0,21453.0,2,38.45978164672852,-122.75112152099608,4
2019,2019-12-23,1334,12,4,13,1,Y,A,N,A,H,A,A,07,,09,D,,,,,C,Y,N,D,3,0,0,0,21802.0,2,38.40713119506836,-122.74141693115234,3
2017,2017-03-25,1605,3,1,16,6,N,A,Y,A,H,A,A,01,N,07,C,,,,,C,N,N,D,2,0,0,0,21658.0,2,38.63664147,-122.87749311,4
2019,2019-12-31,1410,12,4,14,2,N,A,N,A,H,A,N,60,E,11,G,Y,,,,B,N,N,A,1,1,0,0,21456.0,2,38.445659637451165,-122.71771240234376,4
2017,2017-03-24,1945,3,1,19,5,Y,A,N,A,H,C,A,07,,01,C,,,,,C,Y,N,A,2,0,0,0,23152.0,2,38.496358,-122.750609,4
2019,2019-12-20,1717,12,4,17,5,Y,B,N,A,H,D,A,08,,09,D,,,,,C,Y,N,D,1,0,0,0,21804.0,2,38.41997909545898,-122.76608276367188,4
2017,2017-03-25,929,3,1,9,6,N,A,N,A,H,A,A,01,N,01,E,,,,,I,Y,N,D,1,0,0,0,23152.0,1,38.30739266,-122.68830118,3