ACCIDENT_YEAR,COLLISION_DATE,COLLISION_TIME,MONTH,SEASON,24HOURS,DAY_OF_WEEK,INTERSECTION,WEATHER_1,STATE_HWY_IND,ROAD_SURFACE,ROAD_COND_1,LIGHTING,STWD_VEHTYPE_AT_FAULT,CHP_VEHTYPE_AT_FAULT,DIRECTION,PCF_VIOL_CATEGORY,TYPE_OF_COLLISION,PEDESTRIAN_ACCIDENT,BICYCLE_ACCIDENT,MOTORCYCLE_ACCIDENT,TRUCK_ACCIDENT,MVIW,TOW_AWAY,HIT_AND_RUN,CONTROL_DEVICE,NUMBER_INJURED,COUNT_PED_INJURED,COUNT_BICYCLIST_INJURED,COUNT_MC_INJURED,PCF_VIOLATION,PARTY_COUNT,POINT_Y,POINT_X,COLLISION_SEVERITY
2019,2019-05-28,1924,5,1,19,2,N,A,Y,A,H,A,D,22,E,08,F,,,,,A,Y,N,D,1,0,0,0,22107.0,1,38.12038803100586,-122.4992446899414,3
2019,2019-06-02,1030,6,2,10,7,N,A,Y,A,H,A,A,01,S,03,C,,,,,C,Y,N,D,1,0,0,0,22350.0,2,38.23733139038086,-122.62010192871094,3
2019,2019-05-31,1200,5,1,12,5,N,A,Y,A,H,A,C,02,N,05,A,,,Y,,C,Y,N,D,2,0,0,1,21460.0,2,38.453311920166016,-123.13109588623048,2
2019,2019-06-01,2315,6,2,23,6,N,A,N,A,H,D,A,01,E,01,E,,,,,I,Y,N,D,1,0,0,0,23152.0,1,38.38120269775391,-122.80599212646484,3
2019,2019-06-01,2110,6,2,21,6,N,A,N,A,H,D,A,07,S,01,E,,,,,I,Y,N,D,1,0,0,0,23152.0,1,38.49571228027344,-122.76060485839844,3
2019,2019-06-02,700,6,2,7,7,N,A,Y,A,H,A,A,01,S,08,F,,,,,A,Y,N,D,1,0,0,0,22107.0,1,38.33523941040039,-122.9914321899414,3
2019,2019-06-03,1535,6,2,15,1,N,A,N,A,H,A,A,01,E,03,C,,,,,C,Y,N,D,3,0,0,0,22350.0,3,38.5111083984375,-122.79261016845705,4
2019,2019-06-03,920,6,2,9,1,N,A,N,A,H,A,A,07,W,08,E,,,,,I,Y,N,D,1,0,0,0,22107.0,1,38.48907470703125,-122.8696746826172,2
2019,2019-06-11,1300,6,2,13,2,N,A,Y,A,H,A,A,07,W,07,B,,,,,C,N,N,D,1,0,0,0,21658.0,2,38.150760650634766,-122.4499053955078,4
2019,2019-06-04,1035,6,2,10,2,N,A,Y,A,H,A,A,01,S,03,E,,,,,I,Y,N,D,1,0,0,0,22350.0,1,38.70036697387695,-123.43700408935548,3
2019,2019-06-04,5,6,2,0,2,N,A,Y,A,H,C,A,07,E,08,E,,,,,I,Y,N,D,1,0,0,0,22107.0,1,38.42414474487305,-122.55603790283205,3
2019,2019-06-06,1002,6,2,10,4,N,A,Y,A,H,A,N,60,S,11,G,Y,,,,B,N,N,D,1,1,0,0,21956.0,2,38.59461975097656,-122.85265350341795,3
2019,2019-06-08,1153,6,2,11,6,N,A,N,A,H,A,D,22,E,08,A,,,,,E,Y,N,D,1,0,0,0,22107.0,2,38.33962631225586,-122.50991058349608,2
2019,2019-06-04,29,6,2,0,2,N,A,Y,A,H,D,A,01,N,08,D,,,,,C,Y,N,D,2,0,0,0,22107.0,2,38.39944076538086,-122.71598815917967,3
2019,2019-06-06,1503,6,2,15,4,N,A,N,A,H,A,A,01,N,03,C,,,,,C,Y,N,D,1,0,0,0,22350.0,3,38.26006317138672,-122.45615386962892,4
2019,2019-06-06,1630,6,2,16,4,N,A,N,A,H,A,D,22,S,16,A,,,,,C,Y,M,D,2,0,0,0,29004.0,2,38.562305450439446,-122.84449005126952,4
2019,2019-06-09,1500,6,2,15,7,N,A,Y,A,H,A,A,01,N,03,C,,,,,C,Y,N,D,1,0,0,0,22350.0,3,38.247119903564446,-122.6284408569336,4
2019,2019-06-08,832,6,2,8,6,N,A,Y,A,H,A,A,08,W,05,A,,,,,C,Y,N,D,3,0,0,0,21460.0,2,38.21725082397461,-122.55807495117188,4
2019,2019-06-07,1600,6,2,16,5,N,A,Y,A,H,A,A,07,N,08,E,,,,,I,Y,N,D,1,0,0,0,22107.0,1,38.56967544555664,-123.3222198486328,3
2019,2019-06-08,1049,6,2,10,6,N,A,N,A,H,A,A,07,W,09,D,,,,,C,Y,N,D,1,0,0,0,21802.0,2,38.606607,-122.875321,3
2019,2019-06-09,2330,6,2,23,7,N,A,N,A,H,C,A,01,N,01,B,,Y,,,G,N,N,D,1,0,1,0,23152.0,2,38.389041900634766,-122.71359252929688,3
2019,2019-06-07,1210,6,2,12,5,N,A,N,A,H,A,D,22,N,08,E,,,,,J,Y,N,D,1,0,0,0,22107.0,1,38.51555633544922,-122.65494537353516,3
2019,2019-06-07,710,6,2,7,5,N,A,Y,A,H,A,A,01,E,01,C,,,,,C,Y,M,D,1,0,0,0,23152.0,2,38.45254135131836,-122.80130767822266,4
2019,2019-06-09,305,6,2,3,7,N,A,Y,A,H,D,A,01,S,03,C,,,,,C,Y,N,D,1,0,0,0,22350.0,2,38.216285705566406,-122.60316467285156,3
2019,2019-06-14,2155,6,2,21,5,N,A,Y,A,H,D,A,07,W,03,E,,,,,I,Y,N,D,1,0,0,0,22350.0,2,38.15430450439453,-122.42765808105467,4
2019,2019-06-15,730,6,2,7,6,N,B,N,A,H,A,L,04,W,08,E,,Y,,,I,N,N,D,1,0,1,0,22107.0,1,,,3
2019,2019-06-10,639,6,2,6,1,N,A,N,A,H,A,A,01,N,01,A,,,,Y,C,Y,N,D,4,0,0,0,23152.0,2,38.17831039428711,-122.52945709228516,2
2019,2019-06-11,1129,6,2,11,2,N,A,N,A,H,A,D,22,E,01,E,,,,,I,Y,N,D,1,0,0,0,23152.0,1,38.28461837768555,-122.66851806640624,3
2019,2019-06-11,825,6,2,8,2,N,A,Y,A,H,A,D,22,N,03,C,,,,,C,N,N,A,1,0,0,0,22350.0,2,38.34850692749024,-122.7131805419922,4
2019,2019-06-10,1510,6,2,15,1,N,A,N,A,H,A,A,07,N,08,E,,,,,I,Y,N,D,1,0,0,0,22107.0,1,,,4
2019,2019-06-12,1540,6,2,15,3,N,A,Y,A,H,A,A,07,S,07,C,,,,,C,Y,N,D,2,0,0,0,21658.0,2,38.4896354675293,-122.74722290039062,2
2019,2019-06-12,130,6,2,1,3,N,A,N,A,H,D,A,01,S,08,E,,,,,I,Y,N,D,1,0,0,0,22107.0,1,38.410133361816406,-122.70364379882812,4
2019,2019-06-13,1415,6,2,14,4,N,A,N,A,H,A,A,01,W,08,E,,,,,I,Y,N,D,1,0,0,0,22107.0,1,38.38741302490234,-122.58846282958984,3
2019,2019-06-13,1706,6,2,17,4,N,A,Y,A,H,A,A,01,S,04,C,,,,,C,Y,N,D,2,0,0,0,21703.0,2,38.49593353271485,-122.756103515625,3
2020,2020-05-10,1706,5,1,17,7,N,A,N,A,H,A,C,06,E,03,E,,,Y,,I,Y,N,D,1,0,0,1,22350.0,1,,,2
2019,2019-06-16,330,6,2,3,7,N,B,Y,A,H,D,D,22,E,08,E,,,,,I,Y,N,D,2,0,0,0,22107.0,1,38.35115814208984,-122.76451873779295,2
2019,2019-06-16,1730,6,2,17,7,N,A,N,A,H,A,A,01,N,01,C,,,,,C,N,M,D,1,0,0,0,23152.0,2,38.299346923828125,-122.66345977783205,4
2019,2019-06-14,2207,6,2,22,5,Y,B,N,A,H,D,A,01,,03,C,,,,,C,Y,N,D,4,0,0,0,22350.0,2,38.467151641845696,-122.77729034423828,4
2019,2019-06-11,1350,6,2,13,2,N,A,Y,A,H,A,-,- ,N,08,B,,,,,C,Y,N,D,2,0,0,0,22107.0,2,38.6298713684082,-122.87802886962892,4
2019,2019-06-14,1250,6,2,12,5,N,A,N,A,H,A,D,22,N,03,C,,,,,C,Y,N,D,1,0,0,0,22350.0,2,38.38077926635742,-122.71350860595705,4
2019,2019-06-17,1455,6,2,14,1,N,A,Y,A,H,A,A,01,N,03,C,,,,,C,Y,N,D,1,0,0,0,22350.0,2,38.23772430419922,-122.62027740478516,4
2019,2019-06-17,1710,6,2,17,1,N,A,Y,A,H,A,A,08,N,03,C,,,,,C,Y,N,D,1,0,0,0,22350.0,3,,,3
2019,2019-06-14,1730,6,2,17,5,Y,A,N,A,H,A,D,22,,09,D,,,,,C,Y,N,D,2,0,0,0,21801.0,2,38.23604965209961,-122.67034912109376,4
2019,2019-06-17,1915,6,2,19,1,N,A,Y,A,H,A,D,22,N,03,E,,,,,I,Y,N,D,1,0,0,0,22350.0,1,38.49860763549805,-122.7594757080078,3
2019,2019-06-18,1643,6,2,16,2,N,A,Y,A,H,A,A,01,S,07,B,,,Y,,C,Y,N,D,1,0,0,1,21658.0,3,38.41263961791992,-122.71591186523438,3
2019,2019-06-22,1100,6,2,11,6,N,A,Y,A,H,A,A,07,E,03,C,,,,,C,Y,N,D,3,0,0,0,22350.0,2,38.15569305419922,-122.40715789794922,4
2019,2019-06-18,1815,6,2,18,2,N,A,Y,A,H,A,A,01,S,03,C,,,,,C,N,N,D,2,0,0,0,22350.0,2,38.384811401367195,-122.71611785888672,4
2019,2019-06-16,1810,6,2,18,7,N,A,Y,A,H,A,A,01,W,05,A,,,,,C,Y,F,D,5,0,0,0,21460.0,2,38.47565841674805,-123.01943206787108,2
2019,2019-06-14,1545,6,2,15,5,N,A,N,A,H,A,A,01,W,03,C,,,,,C,Y,N,D,5,0,0,0,22350.0,3,38.2729606628418,-122.44130706787108,4
2019,2019-06-16,1905,6,2,19,7,N,A,N,A,H,A,A,07,S,01,E,,,,,I,Y,N,D,2,0,0,0,23152.0,1,38.57678985595703,-122.77396392822266,2
2019,2019-06-22,1517,6,2,15,6,N,A,N,A,H,A,A,01,S,05,D,,,,,C,Y,N,D,4,0,0,0,21460.0,2,38.202857971191406,-122.54775238037108,2
2019,2019-06-13,1245,6,2,12,4,N,A,Y,A,H,A,D,22,E,05,B,,,,,C,Y,N,D,2,0,0,0,21460.0,3,38.24667739868164,-122.50074768066406,3
2019,2019-06-16,1150,6,2,11,7,N,A,Y,A,H,A,D,22,E,08,B,,Y,,,G,N,N,D,1,0,1,0,22107.0,2,38.69588470458984,-122.8582000732422,3
2019,2019-06-19,1750,6,2,17,3,N,A,Y,A,H,A,A,01,N,03,C,,,,,C,Y,N,D,1,0,0,0,22350.0,3,38.49620819091797,-122.75648498535156,2
2019,2019-06-25,1245,6,2,12,2,N,A,N,A,H,A,D,22,N,09,A,,,,,A,Y,N,D,1,0,0,0,21801.0,2,38.13978958129882,-122.4773178100586,4
2019,2019-06-20,1210,6,2,12,4,N,A,N,A,H,A,A,07,E,03,C,,,,,C,Y,N,D,2,0,0,0,22350.0,2,38.3086166381836,-122.496826171875,3
2019,2019-06-21,1800,6,2,18,5,N,A,Y,A,H,A,A,07,N,03,C,,,,,C,N,N,D,1,0,0,0,22350.0,2,38.2504997253418,-122.63497161865234,4
2019,2019-06-26,140,6,2,1,3,N,A,Y,A,H,D,A,07,S,08,E,,,,,I,Y,N,D,2,0,0,0,22107.0,1,38.30248260498047,-122.70735931396484,4
2019,2019-06-22,1440,6,2,14,6,Y,A,Y,A,H,A,A,01,,09,D,,,,,C,Y,N,A,1,0,0,0,21802.0,2,38.312156677246094,-122.48061370849608,4
2019,2019-06-21,1558,6,2,15,5,N,A,Y,A,H,A,D,22,W,03,C,,,Y,,C,Y,N,D,1,0,0,1,22350.0,3,38.7046127319336,-122.87039947509766,3
2019,2019-06-21,1650,6,2,16,5,Y,A,N,A,H,A,D,22,,09,D,,Y,,,G,N,N,D,1,0,1,0,21801.0,2,38.36252975463867,-122.53012847900392,2
2019,2019-06-21,1242,6,2,12,5,N,A,N,A,H,A,-,- ,E,18,E,,,,,I,Y,N,D,1,0,0,0,,1,38.50606155395508,-122.95458221435548,2
2019,2019-06-21,1515,6,2,15,5,Y,A,N,A,H,A,A,01,,09,D,,,,,C,Y,N,D,3,0,0,0,21802.0,3,38.21202850341797,-122.54924774169922,3
2019,2019-06-21,1825,6,2,18,5,Y,A,Y,A,H,A,A,07,,09,A,,,,,C,Y,N,A,1,0,0,0,21802.0,2,38.43706512451172,-123.1044692993164,4
2019,2019-06-22,1024,6,2,10,6,N,A,Y,A,H,A,E,22,S,03,F,,,,,I,Y,N,D,2,0,0,0,22350.0,1,38.23551940917969,-122.61895751953124,3
2019,2019-06-23,1745,6,2,17,7,N,A,Y,A,H,A,A,01,N,03,C,,,,,C,Y,N,D,3,0,0,0,22350.0,3,38.25327301025391,-122.6399383544922,4
2019,2019-06-23,330,6,2,3,7,N,E,Y,B,H,D,A,01,S,01,E,,,,,I,Y,N,D,1,0,0,0,23152.0,1,38.320415496826165,-122.91755676269533,3
2019,2019-06-24,1725,6,2,17,1,N,A,Y,A,H,A,D,22,E,03,C,,,,,C,Y,N,D,1,0,0,0,22350.0,2,38.433876037597656,-122.69693756103516,4
2019,2019-06-23,1215,6,2,12,7,N,A,Y,A,H,A,A,01,N,03,C,,,,,C,Y,N,D,2,0,0,0,22350.0,2,38.22994613647461,-122.45919036865234,4
2019,2019-06-24,1620,6,2,16,1,N,A,N,A,H,A,A,01,N,08,E,,,,,I,Y,N,D,1,0,0,0,22107.0,1,38.51265335083008,-122.65406036376952,3
2019,2019-06-24,1310,6,2,13,1,N,A,N,A,H,A,A,07,E,09,D,,,,,C,Y,N,D,1,0,0,0,21801.0,2,38.51145935058594,-122.77565002441406,4
2019,2019-06-22,1450,6,2,14,6,N,A,N,A,H,A,C,02,S,06,D,,,Y,,C,Y,N,D,2,0,0,2,21750.0,2,38.68675994873047,-122.94583129882812,2
2019,2019-06-24,235,6,2,2,1,N,A,Y,A,H,C,A,01,S,01,E,,,,,I,Y,N,D,1,0,0,0,23152.0,1,38.31853103637695,-122.71422576904295,3
2019,2019-06-23,1530,6,2,15,7,N,A,N,A,H,A,A,01,S,03,C,,,,,C,Y,N,D,1,0,0,0,22350.0,2,,,4
2019,2019-06-25,735,6,2,7,2,N,A,Y,A,H,A,A,01,N,04,C,,,,,C,Y,N,D,1,0,0,0,21703.0,3,38.4398193359375,-122.7199249267578,4
2019,2019-06-27,1250,6,2,12,4,N,A,Y,A,H,A,A,01,N,07,C,,,,Y,C,Y,N,D,1,0,0,0,21658.0,3,38.23988723754882,-122.62143707275392,3
2019,2019-06-29,1445,6,2,14,6,N,A,Y,A,H,A,D,22,N,03,C,,,,,C,Y,N,D,2,0,0,0,22350.0,2,38.222843170166016,-122.61036682128906,4
2019,2019-07-02,2145,7,2,21,2,N,A,N,A,H,D,D,22,S,08,E,,,,,I,Y,N,D,2,0,0,0,22107.0,1,38.50104904174805,-122.86562347412108,4
2019,2019-06-28,1705,6,2,17,5,Y,A,Y,A,H,A,A,01,,09,D,,,,,C,Y,N,A,1,0,0,0,21802.0,2,38.24645614624024,-122.4216766357422,2
2020,2020-04-05,1720,4,1,17,7,Y,A,N,A,H,A,A,01,,22,D,,,,,C,N,N,D,1,0,0,0,,2,38.547260284423835,-122.81606292724608,4
2019,2019-06-27,1620,6,2,16,4,N,A,Y,A,H,A,A,01,S,08,B,,,,,C,Y,N,D,1,0,0,0,22107.0,3,38.40898132324219,-122.71617889404295,4
2019,2019-06-30,5,6,2,0,7,N,A,Y,A,H,C,D,23,S,08,E,,,,,I,N,N,D,1,0,0,0,22107.0,1,38.52035903930664,-122.78523254394533,3
2019,2019-06-28,1237,6,2,12,5,N,A,N,A,H,A,-,- ,E,00,F,,Y,,,I,N,N,D,1,0,1,0,,1,38.18311309814453,-122.62886810302734,3
2019,2019-06-30,215,6,2,2,7,N,A,Y,A,H,D,A,01,E,01,E,,,,,I,Y,M,D,1,0,0,0,23152.0,1,38.390403747558594,-122.5266571044922,3
2019,2019-06-24,1548,6,2,15,1,N,A,N,A,H,A,A,01,W,03,E,,,,,I,Y,N,D,2,0,0,0,22350.0,1,38.71319961547852,-123.00537109375,3
2019,2019-06-29,1035,6,2,10,6,N,A,Y,A,H,A,A,01,S,08,B,,,,,C,Y,N,D,3,0,0,0,22107.0,2,38.38536071777344,-122.71631622314452,4
2019,2019-06-30,140,6,2,1,7,N,A,N,A,H,C,A,01,N,03,C,,,,,C,Y,M,B,1,0,0,0,22350.0,2,38.38718032836913,-122.74156951904295,4
2019,2019-07-04,1640,7,2,16,4,N,A,N,A,H,A,A,01,E,01,F,,,,,I,Y,N,D,1,0,0,0,23152.0,1,38.387786865234375,-122.58985137939452,3
2019,2019-07-04,1455,7,2,14,4,N,A,Y,A,H,A,A,01,N,04,C,,,,,C,N,N,D,1,0,0,0,21703.0,2,,,4
2019,2019-07-05,1025,7,2,10,5,N,A,N,A,H,A,A,01,S,06,B,,,,,C,Y,N,D,2,0,0,0,21750.0,2,38.530517578125,-122.84825897216795,3
2020,2020-04-06,1710,4,1,17,1,Y,B,N,B,H,A,-,- ,,- ,D,,,,,C,Y,N,A,2,0,0,0,,2,38.45494079589844,-122.67215728759766,3
2020,2020-04-06,627,4,1,6,1,N,A,N,A,H,B,C,03,W,08,C,,,Y,,E,N,M,D,1,0,0,1,22107.0,2,38.47315216064453,-122.66274261474608,3
2020,2020-04-04,351,4,1,3,6,N,A,N,A,H,C,A,01,W,08,E,,,,,I,Y,N,D,1,0,0,0,22107.0,1,38.46711730957031,-122.74938201904295,4
2019,2019-07-05,2215,7,2,22,5,N,A,N,A,H,D,A,01,N,01,E,,,,,I,Y,N,D,1,0,0,0,23152.0,1,38.4117317199707,-122.85936737060548,3
2020,2020-04-04,1155,4,1,11,6,N,C,N,B,H,A,A,07,E,09,A,,,,,C,Y,N,D,1,0,0,0,21804.0,2,38.43362808227539,-122.73977661132812,3
2020,2020-04-04,1943,4,1,19,6,N,A,N,A,H,C,L,04,E,09,G,,Y,,,G,N,N,D,1,0,1,0,21804.0,2,38.44552230834961,-122.73744964599608,4
2020,2020-04-21,1414,4,1,14,2,Y,A,N,A,H,A,C,02,,06,B,,,Y,,C,N,N,A,1,0,0,1,21755.0,2,38.45998001098633,-122.73256683349608,3
2019,2019-07-07,1400,7,2,14,7,N,A,Y,A,H,A,A,01,N,03,C,,,,,C,Y,N,D,2,0,0,0,22350.0,3,38.248245239257805,-122.63059997558594,3
2019,2019-06-29,2255,6,2,22,6,N,A,Y,A,H,C,D,22,E,03,C,,,,,C,Y,N,D,4,0,0,0,22350.0,5,38.43172073364258,-122.71768188476562,4
2020,2020-03-02,2110,3,1,21,1,Y,A,Y,A,H,C,A,01,,10,A,,Y,,,G,N,M,A,1,0,1,0,21950.0,2,38.44149398803711,-122.72079467773438,4
2020,2020-03-16,1146,3,1,11,1,N,B,N,A,H,A,A,01,W,03,C,,,,,C,N,N,A,1,0,0,0,22350.0,2,38.41434097290039,-122.72242736816406,4
2020,2020-03-12,2312,3,1,23,4,N,A,N,A,H,C,A,07,N,01,C,,,,,C,N,M,A,3,0,0,0,23152.0,2,38.450679779052734,-122.69734191894533,4
2020,2020-03-11,2156,3,1,21,3,Y,A,N,A,H,C,A,01,,12,D,,,,,C,Y,N,A,1,0,0,0,21453.0,2,38.445659637451165,-122.7177276611328,4
2020,2020-03-16,1220,3,1,12,1,N,A,N,A,H,A,A,01,N,09,D,,,,,C,Y,N,D,1,0,0,0,21804.0,2,38.44178009033203,-122.72899627685548,4
2020,2020-03-09,812,3,1,8,1,Y,A,N,A,H,A,A,01,,17,A,,,,,C,Y,N,A,2,0,0,0,21451.0,2,38.42887878417969,-122.67704010009766,3
2020,2020-03-05,1659,3,1,16,4,Y,A,N,A,H,A,A,01,,10,G,Y,,,,B,N,N,A,1,1,0,0,21950.0,2,38.458938598632805,-122.73256683349608,4
2020,2020-03-05,1309,3,1,13,4,N,A,N,A,H,A,-,- ,E,18,E,,,,,I,Y,N,D,1,0,0,0,,1,38.425975799560554,-122.75279998779295,4
2020,2020-03-03,513,3,1,5,2,N,A,N,A,H,C,A,01,W,03,C,,,,,C,N,N,D,1,0,0,0,22350.0,2,38.459991455078125,-122.73512268066406,4
2020,2020-03-03,817,3,1,8,2,N,A,N,A,H,A,A,01,W,03,C,,,,,C,N,N,A,2,0,0,0,22350.0,3,38.45880126953125,-122.7327880859375,4
2020,2020-03-09,1241,3,1,12,1,Y,A,N,A,H,A,A,01,,17,D,,,,,C,Y,N,A,1,0,0,0,21451.0,3,38.430618286132805,-122.72530364990234,4
2020,2020-03-07,2102,3,1,21,6,N,A,N,A,H,C,L,04,E,03,D,,Y,,,G,N,N,A,1,0,1,0,22350.0,2,38.4269905090332,-122.74063873291016,4
2020,2020-03-08,1613,3,1,16,7,Y,A,N,A,H,A,A,01,,09,D,,,,,C,N,N,A,1,0,0,0,21804.0,2,38.42900848388672,-122.76937866210938,4
2020,2020-03-07,1741,3,1,17,6,Y,A,N,A,H,B,A,07,,09,D,,,,,C,N,N,A,2,0,0,0,21801.0,2,38.43381118774414,-122.71176910400392,4
2020,2020-03-29,1719,3,1,17,7,Y,A,N,A,H,A,A,01,,09,B,,,,,C,Y,N,D,1,0,0,0,21804.0,2,38.445350646972656,-122.7416763305664,4
2020,2020-03-20,2349,3,1,23,5,N,B,N,A,H,C,A,01,N,08,C,,,,,E,Y,N,D,1,0,0,0,22107.0,4,38.424560546875,-122.69760894775392,3
2020,2020-03-15,946,3,1,9,7,N,C,N,B,H,A,-,,E,03,E,,,,,I,Y,N,D,1,0,0,0,22350.0,1,38.42970657348633,-122.71123504638672,3
2020,2020-03-31,1847,3,1,18,2,N,A,N,A,H,A,A,01,W,09,D,,,,,C,N,N,D,1,0,0,0,21804.0,2,38.45975112915039,-122.74355316162108,3
2020,2020-03-06,542,3,1,5,5,Y,A,N,A,H,C,-,99,,09,A,,Y,,,G,N,M,A,1,0,1,0,21804.0,2,38.426319122314446,-122.74836730957033,4
2020,2020-03-03,2226,3,1,22,2,Y,A,N,A,H,C,A,01,,08,D,,,,,C,Y,N,A,1,0,0,0,22101.0,2,38.430618286132805,-122.72530364990234,4
2020,2020-04-28,1308,4,1,13,2,Y,A,N,A,H,A,-,- ,,00,A,,,,Y,C,Y,N,A,1,0,0,0,,2,38.45494079589844,-122.67215728759766,3
2020,2020-03-14,1014,3,1,10,6,N,C,N,B,H,A,D,22,N,03,A,,,,,E,Y,N,D,1,0,0,0,22350.0,2,38.4658317565918,-122.67640686035156,4
2020,2020-03-20,1411,3,1,14,5,N,A,N,A,H,A,D,22,S,09,D,,,,,C,Y,N,D,1,0,0,0,21801.0,2,38.432899475097656,-122.74217224121094,3
2020,2020-03-20,1053,3,1,10,5,Y,A,N,A,H,A,A,07,,12,D,,,,,C,Y,N,A,2,0,0,0,21453.0,2,38.45542907714844,-122.73786926269533,4
2020,2020-05-12,1314,5,1,13,2,Y,B,N,B,H,A,F,26,,12,D,,,,Y,C,Y,N,A,1,0,0,0,21453.0,2,38.4339599609375,-122.69940185546876,4
2020,2020-04-04,1438,4,1,14,6,Y,C,N,B,H,A,D,22,,12,A,,,,,C,Y,N,A,2,0,0,0,21453.0,2,38.413249969482415,-122.7043228149414,4
2019,2019-07-04,1510,7,2,15,4,N,B,Y,A,H,A,A,01,N,05,A,,,,,C,Y,N,D,4,0,0,0,21460.0,2,38.5230712890625,-123.2633056640625,2
2020,2020-03-15,245,3,1,2,7,N,C,N,B,H,C,D,22,S,03,G,Y,,,,B,N,F,D,1,1,0,0,22350.0,2,38.4210205078125,-122.7689208984375,2
2019,2019-07-09,1515,7,2,15,2,N,A,Y,A,H,A,A,01,S,04,C,,,,,C,Y,N,D,1,0,0,0,21703.0,3,38.30331039428711,-122.7077865600586,4
2019,2019-06-30,1030,6,2,10,7,N,A,Y,A,H,A,D,22,W,08,D,,,Y,,C,N,N,D,2,0,0,2,22105.0,3,38.83818054199219,-123.05611419677734,2
2020,2020-05-15,1734,5,1,17,5,Y,A,Y,A,H,A,A,07,,09,D,,,,Y,C,Y,N,A,1,0,0,0,21802.0,2,38.23166275024414,-122.5849609375,4
2020,2020-03-23,838,3,1,8,1,N,A,Y,A,H,A,D,22,N,03,C,,,,,C,N,N,A,2,0,0,0,22350.0,2,38.42975997924805,-122.7448272705078,4
2019,2019-06-30,2228,6,2,22,7,N,A,Y,A,H,C,A,01,E,08,E,,,,,I,Y,N,D,2,0,0,0,22107.0,1,38.1343994140625,-122.4760284423828,4
2020,2020-05-03,1325,5,1,13,7,Y,A,N,A,H,A,D,22,,03,D,,,,,C,N,N,A,1,0,0,0,22350.0,2,38.45914077758789,-122.76963806152344,4
2019,2019-06-29,1145,6,2,11,6,N,A,Y,A,H,A,A,07,W,03,C,,,,,C,Y,N,D,3,0,0,0,22350.0,2,38.14384078979492,-122.45999908447266,4
2019,2019-07-03,1625,7,2,16,3,N,A,N,A,H,A,A,01,N,01,E,,,,,I,Y,N,A,1,0,0,0,23152.0,1,38.38859558105469,-122.74153900146484,4
2019,2019-07-03,1822,7,2,18,3,N,A,Y,A,H,A,A,08,W,21,C,,,,,C,N,N,D,1,0,0,0,22106.0,2,38.1495246887207,-122.45157623291016,4
2019,2019-07-06,2336,7,2,23,6,N,A,N,A,H,C,C,02,E,01,F,,,Y,,A,N,N,D,1,0,0,1,23152.0,1,38.29419708251953,-122.47759246826172,2
2019,2019-07-03,1130,7,2,11,3,N,A,Y,A,H,A,A,08,E,03,C,,,,,C,Y,N,D,1,0,0,0,22350.0,2,38.13808822631836,-122.46952056884766,4
2019,2019-07-07,1215,7,2,12,7,N,A,N,A,H,A,M,57,W,08,F,,,,,A,Y,N,D,1,0,0,0,22107.0,1,38.29719161987305,-122.66583251953124,2
2019,2019-07-07,1240,7,2,12,7,N,A,Y,A,H,A,A,01,E,03,C,,,,,C,Y,N,D,3,0,0,0,22350.0,3,38.14051055908203,-122.46550750732422,4
2019,2019-07-09,1225,7,2,12,2,N,A,Y,A,H,A,D,22,W,04,C,,,,,C,N,N,D,1,0,0,0,21703.0,2,38.15456771850586,-122.4249267578125,4
2019,2019-06-23,1441,6,2,14,7,N,A,Y,A,H,A,A,01,E,03,C,,,,,C,Y,N,D,2,0,0,0,22350.0,4,38.136817932128906,-122.47162628173828,3
2019,2019-07-09,1710,7,2,17,2,N,A,N,A,H,A,A,01,S,08,G,Y,,,,B,N,N,D,1,1,0,0,22107.0,2,38.353981018066406,-122.52418518066406,2
2020,2020-03-02,810,3,1,8,1,N,A,N,A,H,A,A,01,W,08,D,,,,,E,Y,N,D,1,0,0,0,22107.0,3,38.44939422607422,-122.72257232666016,4
2019,2019-07-03,1245,7,2,12,3,N,A,N,A,H,A,A,01,S,08,E,,,,,I,Y,N,D,1,0,0,0,22107.0,1,38.522342681884766,-122.7763671875,3
2019,2019-07-04,1940,7,2,19,4,N,A,Y,A,H,A,C,02,N,01,G,,,Y,,C,Y,N,D,1,0,0,1,23152.0,3,38.39669036865234,-122.71624755859376,2