ACCIDENT_YEAR,COLLISION_DATE,COLLISION_TIME,MONTH,SEASON,24HOURS,DAY_OF_WEEK,INTERSECTION,WEATHER_1,STATE_HWY_IND,ROAD_SURFACE,ROAD_COND_1,LIGHTING,STWD_VEHTYPE_AT_FAULT,CHP_VEHTYPE_AT_FAULT,DIRECTION,PCF_VIOL_CATEGORY,TYPE_OF_COLLISION,PEDESTRIAN_ACCIDENT,BICYCLE_ACCIDENT,MOTORCYCLE_ACCIDENT,TRUCK_ACCIDENT,MVIW,TOW_AWAY,HIT_AND_RUN,CONTROL_DEVICE,NUMBER_INJURED,COUNT_PED_INJURED,COUNT_BICYCLIST_INJURED,COUNT_MC_INJURED,PCF_VIOLATION,PARTY_COUNT,POINT_Y,POINT_X,COLLISION_SEVERITY
2019,2019-07-07,1602,7,2,16,7,N,A,Y,A,H,A,A,01,S,03,C,,,,,C,Y,N,D,2,0,0,0,22350.0,3,38.5363655090332,-122.79963684082033,4
2019,2019-07-07,1600,7,2,16,7,Y,A,N,A,H,A,A,01,,09,D,,,,,C,Y,N,D,2,0,0,0,21802.0,3,38.43581008911133,-122.88191223144533,3
2019,2019-07-09,805,7,2,8,2,Y,A,N,A,H,A,A,01,,09,A,,,,,C,Y,N,D,3,0,0,0,21801.0,2,38.51110076904297,-122.79583740234376,3
2019,2019-07-09,2251,7,2,22,2,N,A,Y,A,H,D,D,22,S,08,E,,,,,I,Y,N,D,1,0,0,0,22107.0,1,38.18320083618164,-122.60041046142578,3
2019,2019-07-10,1910,7,2,19,3,N,A,Y,A,H,A,A,01,S,03,C,,,,,C,Y,N,D,2,0,0,0,22350.0,2,38.442138671875,-122.72157287597656,4
2019,2019-07-05,1740,7,2,17,5,N,A,N,A,H,A,A,01,E,03,G,Y,,,,B,N,N,D,1,1,0,0,22350.0,2,38.368873596191406,-122.82939910888672,3
2019,2019-07-11,449,7,2,4,4,N,A,Y,A,H,D,A,07,E,09,D,,,,,C,Y,N,D,1,0,0,0,21804.0,2,38.45549392700195,-122.62696075439452,3
2019,2019-02-05,30,2,4,0,2,N,B,N,B,H,D,A,07,E,01,E,,,,,I,Y,N,D,1,0,0,0,23152.0,1,38.775238037109375,-122.97349548339844,1
2019,2019-05-10,440,5,1,4,5,Y,B,N,A,H,C,A,01,,01,A,,,,Y,C,Y,N,A,0,0,0,0,23152.0,2,,,1
2019,2019-07-09,430,7,2,4,2,N,A,Y,A,H,C,A,01,S,08,B,,,,,C,N,N,D,1,0,0,0,22107.0,2,38.245391845703125,-122.62503051757812,4
2019,2019-07-13,1839,7,2,18,6,Y,A,N,A,H,A,A,08,,09,B,,,,,C,Y,N,D,1,0,0,0,21801.0,2,38.25531005859375,-122.5850067138672,2
2019,2019-07-15,1620,7,2,16,1,N,A,N,A,H,A,A,07,W,03,C,,,,,C,Y,N,D,1,0,0,0,22350.0,2,38.29342651367188,-122.6527099609375,4
2019,2019-07-16,1720,7,2,17,2,Y,A,Y,A,H,A,A,01,,03,C,,,,,C,Y,N,D,2,0,0,0,22350.0,3,38.335208892822266,-122.66680908203124,4
2019,2019-07-09,1240,7,2,12,2,N,A,Y,A,H,A,A,01,E,08,E,,,,,I,Y,N,D,1,0,0,0,22107.0,1,38.12443923950195,-122.49212646484376,3
2019,2019-07-17,1600,7,2,16,3,N,A,Y,A,H,A,A,01,N,08,E,,,,,I,Y,N,D,1,0,0,0,22107.0,1,38.34930419921875,-122.71320343017578,3
2019,2019-06-14,1940,6,2,19,5,N,A,Y,A,H,A,A,07,E,03,C,,,,,C,Y,N,D,4,0,0,0,22350.0,5,38.154884338378906,-122.42166900634766,3
2019,2019-07-10,1515,7,2,15,3,Y,A,Y,A,H,A,O,05,,05,D,,,Y,,C,N,N,D,1,0,0,1,21650.0,2,38.30963516235352,-122.4792709350586,2
2019,2019-04-20,2318,4,1,23,6,N,A,N,A,H,D,N,60,S,11,G,Y,,,,B,N,F,D,0,0,0,0,21954.0,2,38.5244255065918,-122.7783432006836,1
2019,2019-07-13,1155,7,2,11,6,N,A,Y,A,H,A,D,22,N,08,E,,,,,I,Y,N,D,1,0,0,0,22107.0,1,38.4801139831543,-122.73380279541016,3
2019,2019-07-13,725,7,2,7,6,N,A,N,A,H,A,D,22,N,05,A,,,,,C,Y,N,D,2,0,0,0,21460.0,2,38.53985595703125,-122.64722442626952,2
2019,2019-07-13,825,7,2,8,6,N,A,N,A,A,A,L,04,S,03,F,,Y,,,A,N,N,D,1,0,1,0,22350.0,1,38.29569625854492,-122.41905975341795,2
2019,2019-07-18,1135,7,2,11,4,Y,A,N,A,H,A,L,04,,09,D,,Y,,,G,N,N,A,1,0,1,0,21802.0,2,38.4882698059082,-122.85511016845705,4
2019,2019-07-20,635,7,2,6,6,Y,B,N,B,H,A,A,07,,09,D,,,,,C,Y,N,D,1,0,0,0,21801.0,2,38.326221466064446,-122.66670989990234,3
2019,2019-07-14,1155,7,2,11,7,N,A,Y,A,H,A,D,22,E,08,E,,,,,I,Y,N,D,2,0,0,0,22107.0,1,38.828289031982415,-123.01434326171876,3
2019,2019-07-15,650,7,2,6,1,N,A,N,A,H,A,A,01,N,08,E,,,,,I,Y,N,D,1,0,0,0,22107.0,1,38.401214599609375,-122.63968658447266,3
2019,2019-07-15,625,7,2,6,1,Y,A,N,A,H,A,D,22,,10,B,,Y,,,G,N,N,A,1,0,1,0,21950.0,2,38.38711166381836,-122.71360778808594,3
2019,2019-07-16,920,7,2,9,2,N,A,Y,A,H,A,A,01,N,04,C,,,,,C,N,N,D,1,0,0,0,21703.0,2,38.7628059387207,-122.98685455322266,4
2019,2019-07-19,1125,7,2,11,5,N,A,Y,A,H,A,A,01,W,08,E,,,,,I,Y,N,D,1,0,0,0,22107.0,1,38.47600936889648,-123.02706909179688,4
2019,2019-07-22,1730,7,2,17,1,N,A,Y,A,H,A,A,07,N,03,C,,,,,C,N,N,D,1,0,0,0,22350.0,2,38.41752243041992,-122.71590423583984,4
2019,2019-07-18,745,7,2,7,4,N,A,N,A,H,A,A,07,N,09,D,,,,,C,N,N,D,1,0,0,0,21801.0,2,38.353553771972656,-122.74134063720705,4
2019,2019-07-18,1825,7,2,18,4,Y,A,N,A,H,A,A,01,,09,D,,,,,C,Y,N,A,2,0,0,0,21802.0,2,38.423301696777344,-122.79730987548828,3
2019,2019-07-19,110,7,2,1,5,N,A,N,A,H,D,A,01,W,01,E,,,,,I,Y,N,D,1,0,0,0,23152.0,1,38.55434799194336,-122.66307067871094,3
2019,2019-07-18,1500,7,2,15,4,N,A,Y,A,H,A,A,01,N,08,A,,,,Y,C,Y,N,D,1,0,0,0,22107.0,2,38.25337600708008,-122.39232635498048,4
2019,2019-07-20,31,7,2,0,6,N,A,Y,A,H,D,A,01,N,02,D,,,,,C,Y,N,D,1,0,0,0,22400.0,2,38.238956451416016,-122.62094116210938,3
2019,2019-07-22,1715,7,2,17,1,N,A,N,A,H,A,A,01,W,08,E,,,,,I,Y,N,D,1,0,0,0,22107.0,1,38.28505706787109,-122.64027404785156,4
2020,2020-02-20,1811,2,4,18,4,N,A,Y,A,H,C,A,01,W,03,C,,,,,C,N,N,D,1,0,0,0,22350.0,2,,,4
2020,2020-02-27,2012,2,4,20,4,Y,A,Y,A,H,B,-,- ,,12,D,,,,,C,Y,N,A,2,0,0,0,21453.0,2,38.46488571166992,-122.65464782714844,4
2020,2020-03-11,810,3,1,8,3,Y,A,Y,A,H,A,A,01,,09,A,,,,,C,Y,N,A,2,0,0,0,21801.0,2,38.44449234008789,-122.68770599365234,4
2020,2020-03-14,1931,3,1,19,6,Y,A,N,A,H,C,A,01,,01,A,,,,,C,Y,N,D,3,0,0,0,23152.0,3,38.42116928100586,-122.71354675292967,3
2019,2019-07-23,506,7,2,5,2,N,A,N,A,H,D,A,01,N,08,F,,,,,E,Y,N,D,1,0,0,0,22107.0,3,38.37224578857422,-122.74147033691406,3
2020,2020-04-01,1038,4,1,10,3,Y,A,Y,A,H,A,A,01,,12,D,,,,,C,Y,N,A,2,0,0,0,21453.0,2,38.44401931762695,-122.72257232666016,2
2020,2020-04-16,1234,4,1,12,4,N,A,Y,A,H,A,A,01,W,03,B,,,,,C,Y,N,D,2,0,0,0,22350.0,2,38.463714599609375,-122.6652374267578,3
2019,2019-07-20,1946,7,2,19,6,N,B,N,A,H,A,A,07,N,08,F,,,,,J,Y,N,D,1,0,0,0,22107.0,1,38.27043914794922,-122.61186981201172,3
2019,2019-07-22,1053,7,2,10,1,N,A,N,A,H,A,D,22,E,08,E,,,,,I,Y,N,D,1,0,0,0,22107.0,1,38.37939834594727,-122.70211791992188,3
2019,2019-07-20,6,7,2,0,6,Y,B,N,A,H,C,A,01,,03,E,,,,,I,Y,N,A,1,0,0,0,22350.0,1,38.38711166381836,-122.71858215332033,4
2019,2019-07-22,2137,7,2,21,1,N,A,N,A,H,C,A,01,W,08,E,,,,,I,Y,N,D,2,0,0,0,22107.0,1,38.36951446533203,-122.72696685791016,3
2019,2019-07-23,1950,7,2,19,2,N,A,Y,A,H,A,A,01,W,03,E,,,,,A,Y,N,D,1,0,0,0,22350.0,1,38.64840316772461,-122.71827697753906,2
2019,2019-07-23,1800,7,2,18,2,N,A,Y,A,H,A,A,01,S,07,C,,,Y,,C,Y,N,D,1,0,0,1,21658.0,2,38.58234024047852,-122.83997344970705,2
2019,2019-07-20,1618,7,2,16,6,N,A,Y,A,H,A,J,48,S,08,D,,,,,C,Y,N,D,1,0,0,0,22107.0,2,38.237552642822266,-122.45738220214844,3
2019,2019-07-20,1920,7,2,19,6,Y,B,Y,A,H,A,A,01,,09,A,,,,,C,Y,N,D,1,0,0,0,21801.0,2,38.41181182861328,-123.09848022460938,4
2019,2019-07-23,1335,7,2,13,2,N,A,N,A,H,A,A,07,W,08,E,,,,,I,Y,N,D,1,0,0,0,22107.0,1,38.38192367553711,-122.8940658569336,3
2019,2019-07-26,1840,7,2,18,5,N,A,N,A,H,A,A,07,E,01,E,,,,,I,Y,N,D,1,0,0,0,23152.0,1,38.41951370239258,-122.899658203125,3
2019,2019-07-09,702,7,2,7,2,N,A,N,A,H,A,D,23,W,08,E,,,,,I,Y,N,D,0,0,0,0,22107.0,1,38.432089,-122.859772,1
2019,2019-07-19,1630,7,2,16,5,N,A,Y,A,H,A,D,22,W,03,C,,,,,C,N,N,D,1,0,0,0,22350.0,2,38.150726318359375,-122.44959259033205,4
2019,2019-07-19,1425,7,2,14,5,N,A,Y,A,H,A,A,07,E,03,C,,,,,C,Y,N,D,3,0,0,0,22350.0,2,38.13644409179688,-122.47265625,3
2019,2019-07-19,1709,7,2,17,5,N,A,Y,A,H,A,A,07,E,03,C,,,,,C,N,N,D,1,0,0,0,22350.0,2,38.15555191040039,-122.414794921875,4
2019,2019-07-24,1140,7,2,11,3,N,A,Y,A,H,A,C,02,W,08,F,,,Y,,I,Y,N,D,1,0,0,1,22107.0,1,,,2
2019,2019-07-24,1745,7,2,17,3,N,A,Y,A,H,A,A,01,N,03,C,,,,,C,N,N,D,1,0,0,0,22350.0,2,38.24823760986328,-122.63018798828124,4
2019,2019-07-29,805,7,2,8,1,N,A,Y,A,H,A,-,- ,N,18,E,,,,,I,Y,N,D,1,0,0,0,,1,38.48149871826172,-122.73538970947266,4
2019,2019-07-29,150,7,2,1,1,N,A,N,A,H,D,A,07,N,08,F,,,,,I,Y,N,D,4,0,0,0,22107.0,1,38.543087005615234,-122.64791870117188,3
2019,2019-07-29,1945,7,2,19,1,N,A,N,A,H,A,A,01,S,08,E,,,,,I,Y,N,D,1,0,0,0,22107.0,1,38.378124237060554,-122.679931640625,4
2019,2019-07-30,1805,7,2,18,2,Y,A,N,A,H,A,D,22,,09,D,,Y,,,G,N,N,A,1,0,1,0,21801.0,2,38.39852142333984,-122.63709259033205,3
2019,2019-07-29,1645,7,2,16,1,Y,A,N,A,H,A,A,01,,09,D,,,,,C,Y,N,A,1,0,0,0,21802.0,2,38.30632019042969,-122.49562072753906,3
2019,2019-07-28,810,7,2,8,7,N,A,Y,A,H,A,D,22,W,03,C,,,,,C,Y,N,D,2,0,0,0,22350.0,4,38.154163360595696,-122.42910003662108,4
2019,2019-07-25,520,7,2,5,4,N,A,N,A,H,D,A,01,E,08,E,,,,,I,Y,N,D,1,0,0,0,22107.0,1,38.261738,-122.399143,2
2019,2019-07-23,1250,7,2,12,2,N,A,Y,A,C,A,A,07,N,04,C,,,,,C,Y,M,D,1,0,0,0,21703.0,4,38.2357292175293,-122.61904144287108,3
2019,2019-07-25,1218,7,2,12,4,N,A,Y,A,H,A,D,22,N,07,B,,,,,C,Y,N,D,2,0,0,0,21658.0,2,38.719924926757805,-122.92503356933594,3
2019,2019-07-26,1640,7,2,16,5,N,A,Y,A,H,A,-,99,N,03,C,,,,,C,N,M,D,1,0,0,0,22350.0,2,,,4
2019,2019-07-28,500,7,2,5,7,N,A,Y,A,H,E,D,22,S,01,E,,,,,I,Y,N,D,1,0,0,0,23152.0,1,38.481201171875,-122.73497772216795,4
2019,2019-07-28,1930,7,2,19,7,N,A,N,A,H,A,A,01,N,03,C,,,,,C,Y,N,D,1,0,0,0,22350.0,2,38.25259780883789,-122.58014678955078,4
2019,2019-07-29,1415,7,2,14,1,N,B,N,A,H,A,A,01,S,08,E,,,,,I,Y,N,D,1,0,0,0,22107.0,1,38.458984375,-123.00924682617188,3
2019,2019-07-31,945,7,2,9,3,N,A,Y,A,H,A,A,07,E,03,C,,,,,C,Y,N,D,2,0,0,0,22350.0,3,38.66826629638672,-122.80870819091795,4
2019,2019-08-01,1700,8,2,17,4,N,A,N,A,H,A,A,01,S,03,C,,,,,C,N,N,D,2,0,0,0,22350.0,2,38.28984069824219,-122.48915100097656,4
2019,2019-07-29,35,7,2,0,1,N,A,N,A,H,D,A,07,S,01,E,,,,,I,Y,N,D,1,0,0,0,23152.0,1,38.491077,-122.76063,3
2019,2019-07-29,840,7,2,8,1,N,A,Y,A,H,A,A,01,S,05,A,,,,,C,Y,N,D,2,0,0,0,21460.0,2,38.457984924316406,-123.13876342773438,3
2019,2019-08-01,1150,8,2,11,4,Y,A,N,A,H,A,A,01,,12,D,,,,,C,Y,N,A,1,0,0,0,21453.0,2,38.299781799316406,-122.6664581298828,4
2019,2019-08-04,1310,8,2,13,7,N,B,Y,A,H,A,C,02,E,08,F,,,Y,,A,Y,N,D,1,0,0,1,22107.0,1,38.44426727294922,-123.09900665283205,2
2019,2019-08-04,1330,8,2,13,7,N,A,Y,A,H,A,A,01,N,03,C,,,,,C,Y,N,A,3,0,0,0,22350.0,3,38.36435317993164,-122.71256256103516,4
2019,2019-08-04,2155,8,2,21,7,N,A,Y,A,H,D,A,01,N,01,E,,,,,I,Y,N,D,1,0,0,0,23152.0,1,38.5772590637207,-122.83579254150392,4
2019,2019-08-02,1432,8,2,14,5,N,A,Y,A,H,A,D,22,S,04,C,,,,,C,N,N,D,1,0,0,0,21703.0,2,38.364761352539055,-122.71231079101562,4
2019,2019-08-02,1328,8,2,13,5,Y,A,N,A,H,A,A,01,,09,A,,,,,C,Y,N,D,2,0,0,0,21801.0,2,38.4103889465332,-122.94931030273438,3
2019,2019-07-31,1700,7,2,17,3,N,A,N,A,H,A,D,22,N,01,C,,,,,C,Y,N,A,1,0,0,0,23152.0,2,38.511512756347656,-122.76402282714844,4
2019,2019-08-03,1210,8,2,12,6,N,A,N,A,H,A,D,22,S,01,E,,,,,I,Y,N,D,1,0,0,0,23152.0,1,38.787723541259766,-122.9894790649414,3
2019,2019-08-01,1200,8,2,12,4,N,A,N,A,H,A,C,02,E,03,F,,,Y,,I,Y,N,D,1,0,0,1,22350.0,1,38.316402435302734,-122.89645385742188,3
2019,2019-08-01,1800,8,2,18,4,N,A,Y,A,H,A,A,01,W,08,E,,,,,I,Y,N,D,1,0,0,0,22107.0,1,38.47696304321289,-122.95513153076172,3
2019,2019-08-05,1259,8,2,12,1,N,A,Y,A,H,A,A,01,S,03,C,,,,,C,Y,N,D,5,0,0,0,22350.0,3,38.22667694091797,-122.61461639404295,3
2019,2019-08-02,239,8,2,2,5,N,A,Y,A,H,C,D,22,W,01,E,,,,,I,Y,N,D,1,0,0,0,23152.0,1,38.321044921875,-122.4867706298828,3
2019,2019-08-01,1100,8,2,11,4,N,A,Y,A,H,A,A,07,N,07,B,,,,,C,N,N,D,1,0,0,0,21658.0,2,38.424922943115234,-122.71491241455078,4
2019,2019-08-05,1210,8,2,12,1,N,A,N,A,D,A,A,07,E,08,E,,,,,I,Y,N,A,2,0,0,0,22107.0,1,38.50670623779297,-122.72410583496094,2
2020,2020-05-17,2500,5,1,25,7,N,A,N,A,H,A,A,07,S,03,C,,,,,C,N,F,A,1,0,0,0,22350.0,2,38.24919128417969,-122.62583923339844,4
2020,2020-05-11,1139,5,1,11,1,Y,C,N,B,H,A,A,01,,12,D,,,,,-,N,N,A,2,0,0,0,21453.0,2,38.27434921264648,-122.66702270507812,4
2020,2020-05-05,2017,5,1,20,2,Y,A,N,A,H,D,C,02,,03,C,,,Y,,E,N,N,D,1,0,0,1,22350.0,2,38.45053863525391,-122.70945739746094,3
2020,2020-05-06,1044,5,1,10,3,N,A,N,A,H,A,A,07,,03,C,,,,,C,Y,N,D,2,0,0,0,22350.0,3,38.43954086303711,-122.67162322998048,3
2020,2020-05-08,1855,5,1,18,5,Y,A,N,A,H,A,A,07,,09,D,,,,,C,Y,F,A,1,0,0,0,21803.0,2,38.42293167114258,-122.70764923095705,4
2020,2020-05-11,1251,5,1,12,1,Y,C,N,B,H,A,A,01,,12,D,,,,,C,Y,N,A,2,0,0,0,21453.0,2,38.41209030151367,-122.74137878417967,3
2020,2020-05-17,2057,5,1,20,7,N,B,N,B,H,C,A,01,W,09,A,,,,,C,Y,N,D,3,0,0,0,21801.0,2,,,4
2020,2020-05-16,1606,5,1,16,6,Y,B,N,A,H,A,A,01,,12,D,,,,,C,Y,N,A,1,0,0,0,21453.0,2,38.42076110839844,-122.71734619140624,4
2020,2020-05-15,854,5,1,8,5,Y,A,N,A,H,A,A,01,,09,D,,,,,C,Y,N,D,1,0,0,0,21803.0,2,38.41646957397461,-122.71111297607422,4
2020,2020-05-13,1238,5,1,12,3,Y,C,N,B,H,A,A,01,,08,D,,,,,C,N,N,A,2,0,0,0,22107.0,2,38.47972106933594,-122.73811340332033,4
2020,2020-05-13,2000,5,1,20,3,N,B,N,A,H,B,A,01,S,03,C,,,,,C,N,N,A,1,0,0,0,22350.0,2,38.41424560546875,-122.71744537353516,4
2020,2020-05-14,1210,5,1,12,4,Y,B,N,A,H,A,A,01,,12,D,,,,,C,Y,N,A,2,0,0,0,21453.0,2,38.45458984375,-122.7393798828125,4
2020,2020-05-24,1859,5,1,18,7,Y,A,N,A,H,A,A,01,,12,D,,,,,D,Y,N,A,2,0,0,0,21453.0,3,38.445068359375,-122.6856689453125,3
2020,2020-05-05,1735,5,1,17,2,Y,A,N,A,H,A,A,01,,08,D,,,,,C,Y,M,A,1,0,0,0,22107.0,2,38.40916061401367,-122.70416259765624,3
2020,2020-05-26,2312,5,1,23,2,N,A,N,A,H,C,A,01,S,01,A,,,,,C,Y,M,D,1,0,0,0,23152.0,2,,,4
2020,2020-05-03,1033,5,1,10,7,Y,A,N,A,H,A,A,01,,03,D,,,,,C,N,N,A,2,0,0,0,22350.0,2,38.459999084472656,-122.72676849365234,3
2020,2020-05-02,1925,5,1,19,6,N,A,N,A,H,B,A,01,S,12,D,,,,,C,Y,N,A,2,0,0,0,21453.0,2,38.44508743286133,-122.7045669555664,4
2020,2020-05-05,1126,5,1,11,2,Y,A,N,A,H,A,A,01,,09,D,,,,,C,Y,N,D,3,0,0,0,21801.0,2,38.4834213256836,-122.69133758544922,4
2019,2019-08-04,1930,8,2,19,7,N,A,N,A,H,A,A,07,E,08,E,,,,,I,Y,N,D,2,0,0,0,22107.0,1,38.38783645629882,-122.57703399658205,3
2019,2019-08-01,2215,8,2,22,4,N,A,Y,A,H,D,A,07,S,08,F,,,,,I,Y,N,D,1,0,0,0,22107.0,1,38.33539962768555,-123.0458984375,3
2019,2019-08-03,2200,8,2,22,6,N,A,N,A,H,D,A,01,N,08,E,,,,,I,Y,N,D,1,0,0,0,22107.0,1,38.4074592590332,-122.97320556640624,4
2019,2019-08-05,739,8,2,7,1,N,A,N,A,H,A,A,01,E,01,B,,,,Y,C,Y,N,D,1,0,0,0,23152.0,2,38.25382232666016,-122.57076263427734,3
2019,2019-08-01,1535,8,2,15,4,Y,A,N,A,H,A,A,01,,09,D,,,,Y,C,Y,N,A,1,0,0,0,21801.0,2,38.4882698059082,-122.85511016845705,4
2019,2019-08-10,1335,8,2,13,6,N,A,N,A,H,A,A,07,S,09,A,,,,,C,Y,N,D,4,0,0,0,21804.0,2,38.40886688232422,-122.7023468017578,4
2020,2020-02-28,804,2,4,8,5,Y,A,N,A,H,A,A,01,,08,D,,Y,,,G,N,N,D,1,0,1,0,22107.0,2,38.40182113647461,-122.7197723388672,4
2020,2020-02-20,1812,2,4,18,4,N,B,N,A,H,C,A,07,W,08,E,,,,,I,Y,N,D,1,0,0,0,22107.0,1,38.450775146484375,-122.69507598876952,3
2020,2020-02-13,1919,2,4,19,4,N,B,N,A,H,C,A,07,W,03,C,,,,,C,Y,N,D,2,0,0,0,22350.0,2,38.43307495117188,-122.70140075683594,4
2020,2020-02-24,1805,2,4,18,1,N,A,N,A,H,A,C,02,E,06,D,,,Y,,C,N,N,D,1,0,0,1,21750.0,2,38.43023681640625,-122.72688293457033,3
2019,2019-08-10,2210,8,2,22,6,Y,A,N,A,H,D,A,01,,09,D,,,,,C,Y,N,A,2,0,0,0,21802.0,2,38.31428146362305,-122.66670989990234,4
2020,2020-02-27,1223,2,4,12,4,N,A,N,A,H,A,A,07,N,09,D,,,,,C,Y,N,D,1,0,0,0,21801.0,2,38.477664947509766,-122.73291015625,4
2020,2020-02-08,1348,2,4,13,6,Y,A,N,A,H,A,A,01,,12,D,,,,,C,Y,N,A,1,0,0,0,21453.0,2,38.45458984375,-122.7393798828125,3
2020,2020-02-01,1353,2,4,13,6,N,A,N,A,H,A,A,01,W,01,B,,,,,E,Y,M,D,1,0,0,0,23152.0,4,38.42399597167969,-122.71683502197266,3
2020,2020-02-11,1543,2,4,15,2,N,A,N,A,H,A,A,01,W,03,E,,,,,I,Y,N,D,1,0,0,0,22350.0,1,38.47647857666016,-122.67075347900392,4
2019,2019-08-08,1930,8,2,19,4,Y,A,N,A,H,A,A,01,,03,C,,,,,C,Y,N,D,1,0,0,0,22350.0,2,38.30466079711913,-122.66651153564452,2
2019,2019-08-05,630,8,2,6,1,N,A,Y,A,H,A,A,01,S,07,B,,,,,C,Y,N,D,1,0,0,0,21658.0,3,38.4268684387207,-122.71517944335938,3
2019,2019-08-06,1240,8,2,12,2,N,A,N,A,H,A,A,07,E,05,B,,Y,,,G,N,N,D,1,0,1,0,21650.0,2,38.71094131469727,-122.76272583007812,2
2019,2019-08-12,743,8,2,7,1,N,A,Y,A,H,A,A,01,E,03,C,,,,,C,Y,N,D,1,0,0,0,22350.0,2,38.4329833984375,-122.72591400146484,3
2019,2019-04-05,2130,4,1,21,5,N,B,N,D,H,D,D,22,S,08,F,,,,,A,Y,N,D,1,0,0,0,22107.0,1,,,1
2019,2019-08-12,1828,8,2,18,1,N,A,Y,A,H,A,A,07,W,03,C,,,,,C,Y,N,D,3,0,0,0,22350.0,3,38.15383529663086,-122.4324951171875,3
2019,2019-08-14,700,8,2,7,3,N,A,N,A,H,A,A,08,N,08,F,,,,,I,Y,N,D,1,0,0,0,22107.0,1,38.51187515258789,-122.65347290039062,4
2019,2019-08-11,255,8,2,2,7,N,A,Y,A,H,D,A,01,E,01,E,,,,,I,Y,M,D,1,0,0,0,23152.0,1,38.34113693237305,-122.4956283569336,4
2020,2020-04-16,1259,4,1,12,4,Y,A,N,A,H,A,A,01,,12,D,,,,,A,Y,N,A,1,0,0,0,21453.0,2,38.45542907714844,-122.73786926269533,4
2020,2020-04-15,2235,4,1,22,3,Y,A,N,A,H,C,A,07,,01,D,,,,,C,Y,N,A,1,0,0,0,23152.0,2,38.44654083251953,-122.68804168701172,4
2020,2020-04-25,1035,4,1,10,6,Y,A,N,A,H,A,A,01,,09,D,,,,,C,Y,N,A,2,0,0,0,21800.0,2,38.467109680175774,-122.76970672607422,4
2020,2020-04-17,1354,4,1,13,5,N,B,N,A,H,A,-,- ,N,- ,E,,,,,I,Y,N,D,1,0,0,0,,1,38.43959426879882,-122.68709564208984,4
2020,2020-04-26,1859,4,1,18,7,Y,A,N,-,H,A,-,- ,,00,D,,Y,,,G,N,N,A,1,0,1,0,,2,38.44963,-122.68849,4
2020,2020-04-22,917,4,1,9,3,N,A,N,A,H,A,A,01,S,09,D,,,,,C,Y,N,D,3,0,0,0,21804.0,2,38.4554557800293,-122.70801544189452,3
2020,2020-04-09,1221,4,1,12,4,N,A,N,A,H,A,A,01,S,09,D,,,,,C,Y,N,D,2,0,0,0,21804.0,3,38.405288696289055,-122.71641540527344,3
2020,2020-04-04,1237,4,1,12,6,Y,C,Y,B,H,A,A,07,,12,D,,,,,C,N,N,A,3,0,0,0,21453.0,2,38.44401931762695,-122.72257232666016,4
2019,2019-08-02,1525,8,2,15,5,N,A,N,A,H,A,A,07,S,06,D,,,,,C,Y,N,D,2,0,0,0,21750.0,2,38.6928596496582,-122.94915771484376,3
2019,2019-08-04,10,8,2,0,7,N,A,N,A,H,C,A,01,W,01,E,,,,,I,Y,N,D,2,0,0,0,23152.0,1,38.369510650634766,-122.73479461669922,3
2019,2019-08-12,1640,8,2,16,1,N,A,Y,A,H,A,A,07,S,03,C,,,,,C,Y,N,D,1,0,0,0,22350.0,4,38.42728042602539,-122.71493530273438,3
2019,2019-08-13,1750,8,2,17,2,N,A,N,A,H,A,A,01,N,08,E,,,,,J,Y,N,D,1,0,0,0,22107.0,1,38.48360824584961,-122.76055145263672,3
2019,2019-08-07,1346,8,2,13,3,N,A,Y,A,H,A,A,01,S,08,D,,,,,C,Y,N,D,1,0,0,0,22107.0,2,38.246707916259766,-122.41373443603516,4
2020,2020-05-26,1945,5,1,19,2,Y,A,N,A,H,A,A,01,,03,G,Y,,,,B,N,N,A,1,1,0,0,22350.0,2,38.25188064575195,-122.61076354980467,3
2020,2020-05-26,1519,5,1,15,2,Y,A,N,A,H,A,N,60,,11,G,Y,,,,B,Y,N,A,1,1,0,0,21461.0,2,38.24317169189453,-122.61515045166016,2
2019,2019-08-15,910,8,2,9,4,N,A,N,A,H,A,A,01,N,03,C,,,,,C,Y,N,D,1,0,0,0,22350.0,2,38.55181121826172,-122.65006256103516,4
2019,2019-08-09,1615,8,2,16,5,N,A,N,A,H,A,D,22,E,01,E,,,,,I,Y,N,D,1,0,0,0,23152.0,1,38.72301864624024,-123.37609100341795,2