ACCIDENT_YEAR,COLLISION_DATE,COLLISION_TIME,MONTH,SEASON,24HOURS,DAY_OF_WEEK,INTERSECTION,WEATHER_1,STATE_HWY_IND,ROAD_SURFACE,ROAD_COND_1,LIGHTING,STWD_VEHTYPE_AT_FAULT,CHP_VEHTYPE_AT_FAULT,DIRECTION,PCF_VIOL_CATEGORY,TYPE_OF_COLLISION,PEDESTRIAN_ACCIDENT,BICYCLE_ACCIDENT,MOTORCYCLE_ACCIDENT,TRUCK_ACCIDENT,MVIW,TOW_AWAY,HIT_AND_RUN,CONTROL_DEVICE,NUMBER_INJURED,COUNT_PED_INJURED,COUNT_BICYCLIST_INJURED,COUNT_MC_INJURED,PCF_VIOLATION,PARTY_COUNT,POINT_Y,POINT_X,COLLISION_SEVERITY
2019,2019-08-13,1115,8,2,11,2,Y,A,N,A,H,A,A,01,,12,D,,,,,C,Y,N,A,1,0,0,0,22450.0,2,38.25156021118164,-122.57830047607422,4
2019,2019-08-15,215,8,2,2,4,N,A,N,A,H,D,A,01,W,08,E,,,,,I,Y,N,D,1,0,0,0,22107.0,1,38.387454986572266,-122.58736419677734,4
2019,2019-08-13,1342,8,2,13,2,N,A,N,A,H,A,A,01,E,03,C,,,,,C,Y,N,D,1,0,0,0,22350.0,3,38.253456115722656,-122.57657623291016,4
2019,2019-08-13,2019,8,2,20,2,N,A,N,A,H,D,A,01,W,01,F,,,,,J,Y,N,D,1,0,0,0,23152.0,1,38.41573333740234,-122.88419342041016,2
2019,2019-08-16,1540,8,2,15,5,N,A,Y,A,H,A,D,22,S,07,B,,,Y,,C,Y,N,D,1,0,0,1,21658.0,2,38.4550895690918,-122.72612762451172,2
2019,2019-08-09,705,8,2,7,5,N,A,N,A,H,A,A,01,E,08,E,,,,,I,Y,N,D,1,0,0,0,22107.0,1,,,3
2019,2019-08-16,754,8,2,7,5,N,A,N,A,H,A,A,01,E,08,E,,,,,I,Y,N,D,1,0,0,0,22107.0,1,38.38790512084961,-122.57575988769533,4
2019,2019-08-20,2038,8,2,20,2,N,A,Y,A,H,D,A,01,W,03,C,,,,,C,N,N,D,1,0,0,0,22350.0,2,38.1545524597168,-122.42507934570312,4
2019,2019-08-21,2155,8,2,21,3,N,A,Y,A,H,D,D,22,W,08,E,,,,,I,Y,N,D,1,0,0,0,22107.0,1,38.1508903503418,-122.44962310791016,4
2019,2019-08-15,2145,8,2,21,4,N,A,Y,A,H,D,A,07,W,03,E,,,,,J,Y,N,D,1,0,0,0,22350.0,1,38.26210784912109,-122.4605712890625,4
2019,2019-08-17,1607,8,2,16,6,N,A,Y,A,H,A,A,01,W,03,C,,,,,C,Y,N,D,1,0,0,0,22350.0,2,38.31597137451172,-122.48280334472656,3
2019,2019-08-09,1920,8,2,19,5,N,A,Y,A,H,A,A,01,E,03,C,,,,,C,N,F,A,2,0,0,0,22350.0,2,38.31376647949219,-122.48147583007812,4
2019,2019-08-15,745,8,2,7,4,N,A,Y,A,H,A,A,01,S,04,C,,,,,C,Y,N,D,1,0,0,0,21703.0,3,38.51081085205078,-122.77523040771484,3
2019,2019-08-14,755,8,2,7,3,N,A,Y,A,H,A,A,08,S,07,C,,,Y,,C,Y,N,D,1,0,0,1,21658.0,2,38.26934814453125,-122.66667938232422,4
2019,2019-08-19,1405,8,2,14,1,N,A,Y,A,H,A,C,02,N,01,E,,,Y,,I,Y,N,D,1,0,0,1,23152.0,1,38.34944152832031,-122.71320343017578,2
2019,2019-08-14,2023,8,2,20,3,N,A,Y,A,H,D,D,22,N,05,A,,,,,C,N,N,D,2,0,0,0,21460.0,2,38.1728630065918,-122.45577239990234,2
2019,2019-08-16,1920,8,2,19,5,N,A,N,A,H,B,D,22,E,01,D,,,,,C,Y,N,D,2,0,0,0,23152.0,2,38.50496673583984,-122.91255950927734,3
2019,2019-08-20,1500,8,2,15,2,Y,A,N,A,H,A,A,07,,09,D,,,,,C,Y,N,D,3,0,0,0,21801.0,2,38.39714050292969,-122.78270721435548,4
2019,2019-08-20,2046,8,2,20,2,N,A,N,A,H,D,A,07,E,08,E,,,,,I,Y,N,D,1,0,0,0,22107.0,1,38.25052261352539,-122.56031036376952,3
2019,2019-08-20,1658,8,2,16,2,Y,A,N,A,H,A,A,01,,09,D,,Y,,,G,N,N,A,1,0,1,0,21801.0,2,38.4110107421875,-122.84738159179688,2
2019,2019-08-18,1520,8,2,15,7,N,A,Y,A,H,A,A,07,E,01,C,,,,,C,Y,F,D,3,0,0,0,23152.0,2,38.139915466308594,-122.46649169921876,3
2019,2019-08-22,754,8,2,7,4,N,A,Y,A,H,A,A,07,S,03,C,,,,,C,Y,N,D,1,0,0,0,22350.0,2,38.516407012939446,-122.7812957763672,4
2019,2019-08-21,1830,8,2,18,3,N,A,N,A,H,A,A,07,N,08,E,,,,,I,Y,N,D,2,0,0,0,22107.0,1,38.541133880615234,-122.64825439453124,4
2019,2019-08-21,755,8,2,7,3,N,A,Y,A,H,A,A,01,W,07,C,,,,Y,C,Y,N,D,1,0,0,0,21658.0,3,38.43136596679688,-122.71578216552734,3
2019,2019-08-23,1407,8,2,14,5,N,A,Y,A,H,A,A,07,N,08,E,,,,,I,Y,N,D,1,0,0,0,22107.0,1,38.24900817871094,-122.41024017333984,4
2019,2019-08-21,820,8,2,8,3,N,A,Y,A,H,A,A,01,E,03,C,,,,,C,Y,N,D,1,0,0,0,22350.0,2,38.434616088867195,-122.69449615478516,4
2019,2019-08-21,2125,8,2,21,3,N,A,N,A,H,D,A,01,N,03,C,,,,,C,Y,N,D,2,0,0,0,22350.0,2,38.37239837646485,-122.74147033691406,3
2019,2019-08-22,2121,8,2,21,4,N,A,N,A,H,C,D,22,E,01,E,,,,,I,N,N,D,1,0,0,0,23152.0,1,38.39438629150391,-122.71075439453124,3
2019,2019-08-22,1435,8,2,14,4,N,A,N,A,H,A,C,02,N,06,B,,,Y,,C,Y,N,D,1,0,0,1,21750.0,2,38.38299179077149,-122.77968597412108,2
2019,2019-08-17,1435,8,2,14,6,N,A,N,A,H,A,C,02,N,03,F,,,Y,,A,N,N,D,2,0,0,2,22350.0,2,38.1422,-122.482431,2
2019,2019-08-16,1545,8,2,15,5,N,A,N,A,H,A,A,01,W,05,E,,,,,I,N,M,D,1,0,0,0,21460.0,2,38.36641693115234,-122.84908294677734,4
2019,2019-08-25,1630,8,2,16,7,N,A,Y,A,H,A,A,07,E,03,C,,,,,C,N,N,D,2,0,0,0,22350.0,3,38.15541458129882,-122.41619110107422,4
2019,2019-08-22,735,8,2,7,4,N,A,Y,A,H,A,A,01,N,03,C,,,,,C,Y,N,D,1,0,0,0,22350.0,3,38.52214813232422,-122.78684997558594,4
2019,2019-08-22,1640,8,2,16,4,N,A,N,A,H,A,A,07,S,01,C,,,,,C,Y,N,D,2,0,0,0,23152.0,3,38.4904670715332,-122.73985290527344,3
2019,2019-08-21,1826,8,2,18,3,N,A,Y,A,E,A,A,07,N,03,C,,,,Y,C,Y,N,D,1,0,0,0,22350.0,3,38.532806396484375,-122.796630859375,4
2019,2019-08-20,1655,8,2,16,2,N,A,N,A,H,A,A,01,S,03,C,,,,,C,Y,N,D,2,0,0,0,22350.0,2,38.234375,-122.52850341796876,3
2019,2019-08-25,1545,8,2,15,7,N,A,Y,A,H,A,C,02,N,08,F,,,Y,,A,Y,N,D,1,0,0,1,22107.0,1,38.526126861572266,-123.26361846923828,3
2019,2019-08-24,1245,8,2,12,6,Y,A,N,A,H,A,A,07,,09,D,,,,,C,Y,N,A,1,0,0,0,21802.0,2,38.44503021240234,-122.87191009521484,4
2019,2019-08-25,1644,8,2,16,7,Y,A,N,A,H,A,A,07,,09,D,,,,,C,Y,N,D,3,0,0,0,21802.0,2,38.25775146484375,-122.77143096923828,3
2019,2019-08-24,1323,8,2,13,6,N,A,Y,A,H,A,D,22,N,07,B,,,,,C,Y,N,D,1,0,0,0,21658.0,2,38.77321243286133,-122.99948120117188,2
2019,2019-08-26,2122,8,2,21,1,N,A,N,A,H,D,A,01,N,01,E,,,,,I,Y,N,D,1,0,0,0,23152.0,1,38.54059219360352,-122.64817810058594,3
2019,2019-08-27,1445,8,2,14,2,N,A,Y,A,H,A,A,01,S,07,B,,,,,C,Y,N,D,1,0,0,0,21658.0,4,38.237491607666016,-122.6201629638672,4
2019,2019-08-27,2204,8,2,22,2,N,A,N,A,D,D,D,23,N,01,E,,,,,J,Y,N,D,1,0,0,0,23152.0,1,38.42913055419922,-122.78811645507812,3
2019,2019-08-22,1255,8,2,12,4,N,A,N,A,H,A,A,01,E,08,A,,,,,C,Y,N,D,1,0,0,0,22107.0,2,38.50315856933594,-122.99420928955078,3
2019,2019-08-27,1630,8,2,16,2,N,A,N,A,H,A,A,01,S,01,C,,,,,C,Y,N,D,1,0,0,0,23152.0,2,38.3067741394043,-122.72705078125,3
2019,2019-08-28,623,8,2,6,3,N,B,Y,A,H,A,D,22,N,03,C,,,,,C,Y,N,D,2,0,0,0,22350.0,3,38.24041366577149,-122.62169647216795,4
2019,2019-08-21,1508,8,2,15,3,N,A,N,A,H,A,D,22,E,03,C,,,,,C,Y,N,D,2,0,0,0,22350.0,2,38.3228645324707,-122.49484252929688,4
2019,2019-08-29,1540,8,2,15,4,N,A,N,A,H,A,A,07,N,03,C,,,,,C,Y,N,D,1,0,0,0,22350.0,2,38.37794876098633,-122.71346282958984,4
2019,2019-08-24,1250,8,2,12,6,N,A,Y,A,H,A,C,02,,03,F,,,Y,,C,Y,N,D,1,0,0,1,22350.0,2,38.466751098632805,-123.0415496826172,3
2019,2019-08-30,1745,8,2,17,5,N,A,Y,A,H,A,A,01,S,01,C,,,,,C,N,M,D,1,0,0,0,23152.0,2,38.44294357299805,-122.72211456298828,4
2019,2019-08-24,1455,8,2,14,6,Y,A,Y,A,H,A,A,01,,09,D,,,,,C,Y,N,A,3,0,0,0,21804.0,2,38.26538848876953,-122.46196746826172,2
2019,2019-08-31,1742,8,2,17,6,N,A,Y,A,H,A,A,08,N,08,B,,,,,E,Y,N,D,1,0,0,0,22107.0,3,,,3
2019,2019-09-01,1040,9,3,10,7,N,A,Y,A,H,A,A,07,E,03,C,,,,,C,N,N,D,1,0,0,0,22350.0,2,38.44562911987305,-122.60581970214844,4
2019,2019-08-26,1025,8,2,10,1,N,A,Y,A,H,A,A,01,W,03,C,,,,,C,Y,N,D,1,0,0,0,22350.0,2,38.374786376953125,-122.51358032226562,4
2019,2019-07-19,20,7,2,0,5,N,A,N,A,H,D,N,60,E,11,G,Y,,,,B,Y,N,D,0,0,0,0,21954.0,2,38.41432189941406,-122.92613220214844,1
2019,2019-08-27,1120,8,2,11,2,Y,A,N,A,H,A,A,01,,09,D,,,,,C,Y,N,D,1,0,0,0,21802.0,2,38.25439834594727,-122.70333099365234,3
2019,2019-08-25,1650,8,2,16,7,N,A,N,A,H,A,A,07,N,08,A,,,,,I,Y,N,D,1,0,0,0,22107.0,1,38.41386032104492,-122.79251861572266,3
2019,2019-08-30,1510,8,2,15,5,N,A,Y,A,H,A,A,07,N,07,B,,,,,C,Y,N,D,1,0,0,0,21658.0,2,38.31282043457031,-122.7148666381836,4
2019,2019-08-21,1403,8,2,14,3,Y,A,Y,A,H,A,L,04,,12,D,,Y,,,G,Y,N,D,1,0,1,0,21453.0,2,38.313961029052734,-122.48158264160156,3
2019,2019-09-01,2015,9,3,20,7,N,A,Y,A,H,C,C,02,E,05,D,,,Y,,C,Y,N,D,1,0,0,1,21460.0,2,38.30810546875,-122.47845458984376,4
2019,2019-08-29,1728,8,2,17,4,N,A,Y,A,H,A,A,01,N,03,C,,,,,C,Y,N,D,1,0,0,0,22350.0,2,38.39313125610352,-122.71627044677734,3
2019,2019-08-26,1650,8,2,16,1,N,A,N,A,H,A,A,07,N,05,A,,,,,C,Y,N,D,1,0,0,0,21650.0,2,38.37921524047852,-122.71653747558594,2
2019,2019-08-27,945,8,2,9,2,N,A,N,A,H,A,-,- ,N,18,E,,,Y,,H,N,N,D,1,0,0,1,,1,38.4510498046875,-123.0007095336914,3
2019,2019-08-30,1535,8,2,15,5,N,A,N,A,H,A,C,02,W,03,F,,,Y,,A,N,N,D,1,0,0,1,22350.0,1,,,3
2019,2019-09-01,1215,9,3,12,7,N,A,N,A,H,A,A,08,W,08,F,,,,,I,Y,N,D,1,0,0,0,22107.0,1,38.272003173828125,-122.43171691894533,3
2019,2019-08-29,2130,8,2,21,4,N,A,N,A,H,D,D,22,W,01,A,,,,,C,Y,N,D,2,0,0,0,23152.0,2,38.477588653564446,-122.937744140625,3
2019,2019-08-29,50,8,2,0,4,N,A,N,A,H,D,A,01,W,01,E,,,,,I,Y,N,D,1,0,0,0,23152.0,1,38.54183197021485,-122.72026824951172,3
2019,2019-09-04,1625,9,3,16,3,N,A,N,A,H,A,A,01,N,21,C,,,,,C,N,N,A,1,0,0,0,22106.0,2,38.39852142333984,-122.63709259033205,4
2020,2020-09-02,1803,9,3,18,3,Y,A,Y,A,H,A,A,07,,12,D,,,,,C,N,N,D,1,0,0,0,22450.0,2,38.602447509765625,-122.86598205566406,4
2019,2019-08-31,1755,8,2,17,6,N,A,Y,A,H,A,D,22,E,01,D,,,,,C,Y,N,D,1,0,0,0,23152.0,2,38.42844009399414,-122.76318359375,4
2019,2019-09-02,650,9,3,6,1,N,B,N,A,H,A,A,01,E,08,E,,,,,I,Y,N,D,1,0,0,0,22107.0,1,38.54767227172852,-122.84485626220705,2
2019,2019-09-02,1155,9,3,11,1,Y,A,N,A,H,A,A,07,,09,D,,,Y,,C,Y,N,D,1,0,0,1,21801.0,2,38.27267837524414,-122.67572784423828,4
2019,2019-09-03,1620,9,3,16,2,N,A,Y,A,H,A,A,07,N,07,B,,,Y,,C,N,N,D,1,0,0,1,21658.0,2,38.394878387451165,-122.71601104736328,3
2019,2019-08-29,1750,8,2,17,4,N,A,Y,A,H,A,D,22,W,03,C,,,,,C,N,N,D,2,0,0,0,22350.0,2,38.1316032409668,-122.48023986816406,4
2019,2019-09-04,1150,9,3,11,3,N,A,Y,A,H,A,F,55,N,03,C,,,,Y,C,Y,N,D,2,0,0,0,22350.0,4,38.4156494140625,-122.71614074707033,4
2019,2019-09-05,1615,9,3,16,4,N,A,Y,A,H,A,A,01,E,03,C,,,,,C,Y,N,D,1,0,0,0,22350.0,3,38.40801239013672,-122.8032455444336,4
2019,2019-09-07,1050,9,3,10,6,N,A,Y,A,H,A,A,01,N,03,C,,,,,C,N,N,D,2,0,0,0,22350.0,3,38.18596267700195,-122.60077667236328,4
2019,2019-09-09,805,9,3,8,1,N,A,Y,A,H,A,D,22,N,03,C,,,,,C,N,N,D,1,0,0,0,22350.0,2,38.467079162597656,-122.72801971435548,4
2019,2019-09-04,1705,9,3,17,3,Y,A,Y,A,H,A,A,07,,09,D,,,Y,,C,Y,N,D,1,0,0,1,21801.0,2,38.227935791015625,-122.45848083496094,4
2019,2019-09-05,1850,9,3,18,4,N,A,N,A,H,A,A,07,W,08,E,,,,,I,Y,N,D,1,0,0,0,22107.0,1,38.59511947631836,-122.88243103027344,3
2019,2019-09-10,701,9,3,7,2,N,A,Y,A,H,A,D,22,S,03,C,,,,,C,Y,N,D,2,0,0,0,22350.0,2,38.24492645263672,-122.62474822998048,4
2019,2019-09-03,1550,9,3,15,2,N,A,N,A,H,A,A,07,S,03,C,,,,,C,Y,N,D,1,0,0,0,22350.0,3,38.485515594482415,-122.73519897460938,4
2019,2019-09-05,1630,9,3,16,4,N,A,N,A,A,A,D,22,E,05,A,,,,,C,N,N,D,2,0,0,0,21650.0,2,38.37626647949219,-122.72406768798828,3
2019,2019-09-07,1218,9,3,12,6,N,A,N,A,H,A,A,01,N,09,D,,Y,,,G,N,N,D,1,0,1,0,21801.0,2,38.293262481689446,-122.42465972900392,3
2019,2019-09-05,1700,9,3,17,4,N,A,Y,A,H,A,A,01,S,03,C,,,,,C,Y,N,D,1,0,0,0,22350.0,2,38.42879867553711,-122.71498870849608,4
2019,2019-09-06,1200,9,3,12,5,Y,A,Y,A,H,A,A,01,,09,D,,Y,,,G,N,N,D,1,0,1,0,21802.0,2,38.501968383789055,-123.00035095214844,4
2019,2019-09-06,2346,9,3,23,5,N,A,N,A,H,D,A,01,S,08,E,,,,,I,Y,N,D,1,0,0,0,22107.0,1,38.2695198059082,-122.7007293701172,3
2019,2019-09-07,325,9,3,3,6,N,B,N,A,H,D,D,23,W,01,E,,,,,I,Y,M,D,1,0,0,0,23152.0,1,38.34123992919922,-122.8288345336914,3
2019,2019-09-07,1410,9,3,14,6,N,A,Y,A,H,A,A,07,N,03,C,,,,,C,N,N,D,1,0,0,0,22350.0,3,38.22306060791016,-122.61068725585938,4
2019,2019-09-05,840,9,3,8,4,N,A,Y,A,H,A,A,01,S,03,C,,,,,A,Y,N,D,3,0,0,0,22350.0,3,38.319721221923835,-122.714111328125,4
2019,2019-09-11,1639,9,3,16,3,N,A,Y,A,H,A,A,07,N,03,C,,,,,C,Y,N,D,1,0,0,0,22350.0,2,38.465145111083984,-122.72721099853516,4
2019,2019-09-11,1745,9,3,17,3,N,A,Y,A,H,A,A,07,W,03,C,,,,,C,Y,N,D,2,0,0,0,22350.0,2,38.338691711425774,-122.74884033203124,3
2019,2019-09-06,1745,9,3,17,5,N,A,Y,A,H,A,-,28,N,03,C,,,,,C,N,M,D,1,0,0,0,22350.0,2,38.48246383666992,-122.73712158203124,4
2019,2019-09-01,1420,9,3,14,7,N,A,Y,A,H,A,A,01,W,08,D,,,,,C,Y,N,D,4,0,0,0,22107.0,2,38.25006103515625,-122.495849609375,3
2019,2019-09-08,1230,9,3,12,7,Y,A,Y,A,H,A,A,01,,08,D,,,Y,,C,Y,N,D,2,0,0,1,22107.0,2,38.41179656982422,-123.09847259521484,2
2019,2019-09-09,1730,9,3,17,1,N,A,Y,A,H,A,E,22,W,03,C,,,,,C,N,N,A,1,0,0,0,22350.0,2,38.41059494018555,-122.7968521118164,3
2019,2019-09-11,800,9,3,8,3,N,A,N,A,H,A,A,01,S,03,C,,,,,C,Y,N,D,1,0,0,0,22350.0,2,38.28215408325195,-122.66452026367188,4
2019,2019-09-11,918,9,3,9,3,N,A,Y,A,H,A,A,01,E,04,C,,,,,C,Y,N,D,2,0,0,0,21703.0,3,38.43310928344727,-122.7250518798828,4
2019,2019-09-12,1838,9,3,18,4,N,A,N,A,H,A,A,07,W,08,F,,,,,I,Y,N,D,1,0,0,0,22107.0,1,38.53100204467773,-122.72584533691406,3
2019,2019-09-11,1835,9,3,18,3,N,A,N,A,H,A,D,22,W,01,E,,,,,I,Y,N,D,1,0,0,0,23152.0,1,38.49827194213867,-122.86666870117188,3
2019,2019-09-12,1555,9,3,15,4,N,A,Y,A,H,A,A,01,S,03,C,,,,,C,Y,N,D,1,0,0,0,22350.0,2,38.22468948364258,-122.61285400390624,4
2019,2019-09-12,1535,9,3,15,4,N,A,N,A,H,A,A,01,W,05,A,,,,,C,Y,N,D,3,0,0,0,21460.0,4,38.55598449707031,-122.680908203125,3
2019,2019-09-13,1654,9,3,16,5,Y,A,Y,A,H,A,A,07,,09,D,,,,,C,N,N,D,1,0,0,0,21802.0,2,,,4
2019,2019-09-13,1645,9,3,16,5,N,A,Y,A,H,A,A,07,S,08,E,,,,,I,Y,N,D,1,0,0,0,22107.0,2,38.594921112060554,-122.85279846191406,4
2019,2019-09-12,1955,9,3,19,4,N,A,N,A,H,D,A,01,N,03,C,,,,,C,Y,N,D,2,0,0,0,22350.0,3,38.30211639404297,-122.6664810180664,4
2019,2019-09-08,1820,9,3,18,7,N,A,N,A,H,B,A,01,S,08,E,,,,,I,Y,N,D,1,0,0,0,22107.0,1,38.3794059753418,-122.6816864013672,3
2019,2019-09-12,1325,9,3,13,4,N,A,N,A,H,A,A,07,W,03,C,,,,,C,Y,N,D,1,0,0,0,22350.0,2,38.531116485595696,-122.7258758544922,4
2019,2019-09-11,1240,9,3,12,3,N,A,Y,A,H,A,C,02,W,03,F,,,Y,,J,Y,N,D,1,0,0,1,22350.0,1,38.841899871826165,-123.0614776611328,2
2019,2019-09-14,1800,9,3,18,6,N,A,Y,A,H,A,A,01,N,08,B,,,,,C,Y,N,D,1,0,0,0,22107.0,2,,,4
2019,2019-09-14,1845,9,3,18,6,N,A,Y,A,H,A,D,22,W,08,E,,,,,I,Y,N,D,1,0,0,0,22107.0,1,,,4
2020,2020-03-20,1705,3,1,17,5,Y,A,Y,A,H,A,A,01,,09,D,,,,,C,Y,N,A,2,0,0,0,21806.0,3,38.42768096923828,-122.76921844482422,4
2019,2019-09-18,1655,9,3,16,3,N,A,Y,A,H,A,A,01,W,03,C,,,,,C,N,N,D,1,0,0,0,22350.0,2,38.1463279724121,-122.45595550537108,4
2019,2019-09-14,1330,9,3,13,6,N,A,Y,A,H,A,A,01,S,03,C,,,,,C,N,N,D,1,0,0,0,22350.0,2,38.245502471923835,-122.44216918945312,4
2019,2019-09-18,1330,9,3,13,3,N,B,Y,A,D,A,A,07,S,03,C,,,,,C,N,N,D,1,0,0,0,22350.0,2,38.2163314819336,-122.60318756103516,4
2019,2019-09-09,540,9,3,5,1,N,A,N,A,H,D,-,- ,S,18,F,,Y,,,A,N,N,D,1,0,1,0,,1,38.520992279052734,-122.77509307861328,3
2019,2019-07-23,11,7,2,0,2,N,A,N,A,H,D,L,04,S,17,C,,Y,,,G,Y,N,D,1,0,0,0,21208.0,2,38.40190887451172,-122.69692230224608,1
2019,2019-09-10,1005,9,3,10,2,N,A,N,A,H,A,A,01,E,21,D,,,,,C,N,N,D,1,0,0,0,22106.0,3,38.309437,-122.477415,4
2019,2019-09-07,931,9,3,9,6,Y,A,Y,A,H,A,A,01,,08,D,,,,,C,Y,N,D,1,0,0,0,22107.0,2,38.251758575439446,-122.38745880126952,4
2019,2019-09-10,938,9,3,9,2,N,A,N,A,G,A,A,01,E,03,C,,,,,C,Y,N,D,2,0,0,0,22350.0,3,38.27328872680664,-122.48609924316406,3
2019,2019-09-10,745,9,3,7,2,N,A,Y,A,H,A,A,01,E,06,B,,Y,,,G,N,N,D,1,0,1,0,21750.0,2,38.447486877441406,-122.86709594726562,3
2019,2019-09-15,1500,9,3,15,7,N,A,N,A,H,A,D,22,N,01,F,,,,,I,Y,N,D,1,0,0,0,23152.0,1,38.712646484375,-122.78595733642578,3
2019,2019-09-16,1750,9,3,17,1,N,A,Y,A,H,A,D,22,W,09,D,,,,,C,Y,N,D,2,0,0,0,21801.0,2,38.41124725341797,-122.79572296142578,4
2019,2019-09-13,1920,9,3,19,5,N,B,N,A,H,D,A,01,N,01,E,,,,,I,Y,N,D,1,0,0,0,23152.0,1,38.48991394042969,-122.74794769287108,2
2019,2019-09-13,630,9,3,6,5,N,A,N,A,H,B,E,22,W,08,D,,,,,C,N,N,D,1,0,0,0,22107.0,2,38.45241165161133,-122.82063293457033,4
2019,2019-09-16,750,9,3,7,1,N,B,N,B,H,A,A,01,E,08,E,,,,,J,Y,N,D,1,0,0,0,22107.0,1,38.38254165649414,-122.59844970703124,4
2019,2019-09-15,2028,9,3,20,7,N,A,N,A,H,D,A,01,E,05,B,,,,,C,Y,N,D,1,0,0,0,21460.0,2,38.35166931152344,-122.9548110961914,4
2019,2019-09-17,1840,9,3,18,2,N,A,N,A,H,A,C,02,W,03,F,,,Y,,A,N,N,D,1,0,0,1,22350.0,1,38.40350341796875,-122.74700927734376,3
2019,2019-09-17,2005,9,3,20,2,N,A,Y,A,H,D,L,04,E,08,H,,Y,,,G,N,N,D,1,0,1,0,22107.0,1,38.252735137939446,-122.45193481445312,4
2019,2019-09-16,700,9,3,7,1,N,B,N,B,H,A,A,08,E,08,E,,,,,I,Y,N,D,1,0,0,0,22107.0,1,38.40349197387695,-122.91390991210938,4
2019,2019-09-19,1530,9,3,15,4,N,A,Y,A,H,A,A,01,N,01,C,,,,,C,Y,N,D,3,0,0,0,23152.0,2,38.4342155456543,-122.71646118164062,2
2019,2019-09-16,855,9,3,8,1,N,B,Y,B,H,A,A,01,N,03,C,,,,,C,Y,N,D,1,0,0,0,22350.0,2,38.3489990234375,-122.71347808837892,3
2019,2019-09-19,1225,9,3,12,4,N,A,Y,A,H,A,A,01,N,03,C,,,,,C,Y,N,D,3,0,0,0,22350.0,4,38.23813247680664,-122.6204833984375,4
2019,2019-09-20,1625,9,3,16,5,N,A,N,A,H,A,D,22,S,08,F,,,Y,,A,Y,N,D,1,0,0,1,22103.0,2,38.3823356628418,-122.71353912353516,2
2019,2019-09-18,810,9,3,8,3,N,B,N,A,H,A,A,01,E,06,B,,,,,C,Y,N,D,1,0,0,0,21750.0,2,38.42817306518555,-122.89420318603516,4
2019,2019-09-18,915,9,3,9,3,N,A,Y,A,H,A,A,01,W,08,E,,,,,I,Y,N,D,1,0,0,0,22107.0,1,38.482318878173835,-123.01071166992188,4
2019,2019-09-20,130,9,3,1,5,N,A,N,A,H,D,A,01,W,01,E,,,,,I,Y,N,D,1,0,0,0,23152.0,1,38.36343002319336,-122.91429901123048,4
2019,2019-09-06,1520,9,3,15,5,N,A,Y,A,H,A,A,01,S,09,B,,,,,C,N,N,D,1,0,0,0,21804.0,2,38.42523193359375,-122.84819793701172,4
2019,2019-09-19,2210,9,3,22,4,N,A,Y,A,H,D,A,07,S,01,E,,,,,I,Y,N,D,1,0,0,0,23152.0,1,38.73754119873047,-122.94598388671876,2
2019,2019-09-19,1438,9,3,14,4,N,A,Y,A,H,A,A,01,N,03,C,,,,,C,Y,N,D,2,0,0,0,22350.0,4,38.793251037597656,-123.01154327392578,3
2019,2019-09-20,1900,9,3,19,5,N,A,Y,A,H,B,C,02,N,08,C,,,Y,,C,Y,N,D,1,0,0,1,22107.0,2,38.51247787475586,-122.77696228027344,2
2019,2019-09-23,1545,9,3,15,1,Y,A,Y,A,H,A,D,22,,09,D,,,,,C,Y,N,D,3,0,0,0,21802.0,2,38.49340057373047,-122.89531707763672,3
2019,2019-09-23,148,9,3,1,1,N,A,Y,A,H,C,A,01,S,08,E,,,,,I,Y,N,D,1,0,0,0,22107.0,1,38.442428588867195,-122.72148895263672,3
2019,2019-09-21,1339,9,3,13,6,N,A,Y,A,H,A,A,01,W,03,B,,,,,C,Y,N,D,1,0,0,0,22350.0,3,38.13386917114258,-122.47650146484376,4
2019,2019-09-08,1431,9,3,14,7,N,A,N,A,H,A,D,22,S,08,E,,,,,I,Y,N,D,1,0,0,0,22107.0,1,38.593128204345696,-122.88107299804688,2
2019,2019-09-21,1351,9,3,13,6,N,A,Y,A,H,A,C,02,N,03,C,,,Y,,C,Y,N,D,1,0,0,1,22350.0,2,38.36518096923828,-122.71285247802734,3
2019,2019-09-19,1210,9,3,12,4,Y,A,Y,A,H,A,A,01,,12,D,,,,,C,Y,N,A,1,0,0,0,22450.0,2,38.44606018066406,-122.86676788330078,3