ACCIDENT_YEAR,COLLISION_DATE,COLLISION_TIME,MONTH,SEASON,24HOURS,DAY_OF_WEEK,INTERSECTION,WEATHER_1,STATE_HWY_IND,ROAD_SURFACE,ROAD_COND_1,LIGHTING,STWD_VEHTYPE_AT_FAULT,CHP_VEHTYPE_AT_FAULT,DIRECTION,PCF_VIOL_CATEGORY,TYPE_OF_COLLISION,PEDESTRIAN_ACCIDENT,BICYCLE_ACCIDENT,MOTORCYCLE_ACCIDENT,TRUCK_ACCIDENT,MVIW,TOW_AWAY,HIT_AND_RUN,CONTROL_DEVICE,NUMBER_INJURED,COUNT_PED_INJURED,COUNT_BICYCLIST_INJURED,COUNT_MC_INJURED,PCF_VIOLATION,PARTY_COUNT,POINT_Y,POINT_X,COLLISION_SEVERITY
2020,2020-09-12,720,9,3,7,6,N,A,N,A,H,A,A,01,N,05,A,,,,,C,Y,N,D,1,0,0,0,21460.0,2,38.50753784179688,-122.86044311523438,4
2020,2020-09-11,1230,9,3,12,5,N,B,N,A,H,A,N,60,N,11,G,Y,,,,B,N,N,D,1,1,0,0,21954.0,2,38.51645278930664,-122.77024841308594,3
2020,2020-09-14,910,9,3,9,1,N,B,Y,A,H,A,A,01,E,01,E,,,,,I,Y,N,D,1,0,0,0,23152.0,1,38.43096923828125,-122.71401977539062,3
2020,2020-09-06,1210,9,3,12,7,Y,A,N,A,H,A,L,04,,05,D,,Y,,,G,N,N,A,1,0,1,0,21650.0,2,38.30646133422852,-122.49568939208984,2
2020,2020-09-17,1815,9,3,18,4,Y,A,N,A,H,A,A,01,,01,D,,,,,C,Y,N,A,1,0,0,0,23152.0,2,38.36949920654297,-122.74138641357422,4
2020,2020-09-17,1210,9,3,12,4,N,A,Y,A,H,A,A,01,S,03,E,,,,,I,Y,N,D,1,0,0,0,22350.0,1,38.33757400512695,-123.04803466796876,2
2020,2020-09-11,1330,9,3,13,5,N,B,N,A,H,A,D,22,E,03,C,,,,,C,N,N,A,1,0,0,0,22350.0,2,38.27227020263672,-122.49121856689452,4
2020,2020-09-14,2100,9,3,21,1,Y,A,N,A,H,C,A,01,,08,B,,,,,C,Y,N,D,1,0,0,0,22107.0,2,38.3143310546875,-122.6943817138672,3
2020,2020-09-19,952,9,3,9,6,N,A,N,A,H,A,N,60,S,11,G,Y,,,,B,N,N,D,1,1,0,0,21950.0,2,38.501819610595696,-122.76006317138672,2
2020,2020-09-18,2015,9,3,20,5,N,A,Y,A,H,D,D,22,N,01,E,,,,,I,Y,N,D,1,0,0,0,23152.0,1,38.52798080444336,-122.79190826416016,2
2020,2020-07-29,1740,7,2,17,3,Y,A,N,A,H,A,A,07,,08,H,,Y,,,G,N,N,A,1,0,1,0,22100.0,2,38.615848541259766,-122.87196350097656,3
2020,2020-07-15,1707,7,2,17,3,N,A,N,A,H,A,A,01,W,08,B,,,Y,,C,N,N,A,1,0,0,1,22107.0,2,,,3
2020,2020-08-15,2215,8,2,22,6,N,A,N,A,H,D,N,60,N,11,G,Y,,,,B,Y,N,D,0,0,0,0,21954.0,2,38.411766052246094,-122.95044708251952,1
2020,2020-09-12,810,9,3,8,6,N,E,Y,A,H,A,D,22,E,03,C,,,,,C,Y,N,A,1,0,0,0,22350.0,2,38.134380340576165,-122.47605895996094,4
2020,2020-09-18,1110,9,3,11,5,N,A,Y,A,H,A,A,01,S,08,E,,,,,I,Y,N,D,1,0,0,0,22107.0,1,,,4
2020,2020-09-18,1303,9,3,13,5,N,A,Y,A,H,A,D,22,W,04,C,,,,,C,Y,N,D,1,0,0,0,21703.0,2,38.154727935791016,-122.4232940673828,3
2020,2020-09-19,1215,9,3,12,6,N,A,Y,A,H,A,A,07,W,03,C,,,,,C,Y,N,D,2,0,0,0,22350.0,4,38.14903259277344,-122.45221710205078,3
2020,2020-09-14,620,9,3,6,1,N,B,N,A,H,D,N,60,W,11,G,Y,,,,B,N,F,D,1,1,0,0,21954.0,2,38.302730560302734,-122.48217010498048,3
2020,2020-09-20,1650,9,3,16,7,N,A,Y,A,H,A,A,07,W,03,C,,,,,C,Y,N,D,2,0,0,0,22350.0,2,38.133655548095696,-122.47686004638672,4
2020,2020-09-10,828,9,3,8,4,N,A,N,A,H,A,A,01,E,06,A,,,,,C,Y,N,A,2,0,0,0,21750.0,2,38.50587844848633,-122.96143341064452,3
2020,2020-09-11,1600,9,3,16,5,N,A,Y,A,H,A,A,01,N,03,C,,,,,C,Y,N,D,1,0,0,0,22350.0,3,,,4
2020,2020-09-17,2030,9,3,20,4,N,A,N,A,H,D,-,- ,N,18,G,Y,,,,B,Y,N,D,1,1,0,0,,2,38.50302505493164,-123.00545501708984,3
2020,2020-09-20,2109,9,3,21,7,Y,A,N,A,H,D,A,01,,01,D,,,,,C,Y,N,D,1,0,0,0,23152.0,2,38.28385162353516,-122.66751098632812,3
2020,2020-09-21,320,9,3,3,1,N,A,Y,A,H,C,-,- ,S,18,E,,,,,H,Y,N,D,1,0,0,0,,1,38.242691040039055,-122.44863128662108,4
2020,2020-09-16,1235,9,3,12,3,N,A,Y,A,H,A,C,02,S,08,E,,,Y,,I,Y,N,D,1,0,0,1,22107.0,1,,,3
2020,2020-09-16,2000,9,3,20,3,N,A,Y,A,H,D,A,01,E,08,E,,,,,I,Y,N,D,1,0,0,0,22107.0,1,38.427593231201165,-122.55971527099608,4
2020,2020-09-22,1955,9,3,19,2,N,A,Y,A,H,C,-,99,E,03,C,,,,,C,N,F,A,1,0,0,0,22350.0,2,38.313789367675774,-122.4814910888672,4
2020,2020-08-24,615,8,2,6,1,Y,A,Y,A,H,B,G,27,,12,D,,,,Y,C,Y,N,A,2,0,0,0,21453.0,3,38.15094757080078,-122.44947052001952,1
2020,2020-09-25,1649,9,3,16,5,N,A,Y,A,H,A,-,- ,E,18,B,,,Y,,C,Y,N,D,1,0,0,1,,3,38.13878631591797,-122.46836853027344,3
2020,2020-09-19,1815,9,3,18,6,N,A,Y,A,H,A,A,01,E,07,C,,,,,C,Y,N,D,2,0,0,0,21658.0,2,38.43124008178711,-122.71044921875,4
2020,2020-09-22,1535,9,3,15,2,N,A,Y,A,H,A,A,01,N,08,G,Y,,,,B,N,N,D,1,1,0,0,22107.0,2,38.83103561401367,-123.01480102539062,2
2020,2020-09-22,1343,9,3,13,2,N,A,N,A,H,A,L,04,E,05,B,,Y,,,G,N,N,D,1,0,1,0,21202.0,2,38.48303985595703,-122.82861328125,3
2020,2020-09-22,1005,9,3,10,2,N,A,N,A,H,A,A,07,S,09,B,,,,,C,Y,F,D,2,0,0,0,21801.0,2,38.65438079833984,-122.92166137695312,4
2020,2020-09-29,1830,9,3,18,2,N,A,Y,A,H,A,A,07,W,03,C,,,,,C,Y,N,D,1,0,0,0,22350.0,2,38.154544830322266,-122.42514801025392,3
2020,2020-09-22,1640,9,3,16,2,N,A,Y,A,H,A,D,22,S,08,E,,,,,I,Y,N,D,1,0,0,0,22107.0,2,38.38240814208984,-122.71609497070312,4
2020,2020-09-23,1622,9,3,16,3,N,A,Y,A,H,A,A,01,E,03,C,,,,,C,Y,N,D,2,0,0,0,22350.0,3,38.4361457824707,-122.85736846923828,4
2020,2020-09-23,610,9,3,6,3,N,A,N,A,H,B,A,07,W,03,C,,,,,C,Y,N,A,1,0,0,0,22350.0,2,38.49653244018555,-122.77031707763672,3
2020,2020-09-12,315,9,3,3,6,Y,E,N,A,H,D,A,01,,03,E,,,,,I,Y,N,D,3,0,0,0,22350.0,1,38.28385162353516,-122.66751098632812,2
2020,2020-09-21,417,9,3,4,1,N,A,Y,A,H,C,A,07,N,08,E,,,,,A,Y,N,D,1,0,0,0,22107.0,1,38.46274185180664,-122.72654724121094,3
2020,2020-09-27,2255,9,3,22,7,N,A,Y,A,H,D,A,01,E,08,E,,,,,I,Y,N,D,1,0,0,0,22107.0,1,,,2
2020,2020-09-27,1540,9,3,15,7,N,A,Y,A,H,A,A,01,N,08,E,,,,,I,Y,N,D,2,0,0,0,22107.0,1,38.59904479980469,-123.34966278076172,2
2020,2020-09-28,11,9,3,0,1,N,A,N,A,H,D,A,01,E,08,E,,,,,I,Y,N,D,2,0,0,0,22107.0,1,38.26129913330078,-122.4812469482422,4
2020,2020-09-23,1705,9,3,17,3,Y,A,Y,A,H,A,A,01,,10,G,Y,,,,B,Y,N,A,1,1,0,0,21950.0,2,38.50249481201172,-122.99537658691406,2
2020,2020-09-25,1345,9,3,13,5,N,A,N,A,H,A,L,04,N,03,F,,Y,,,A,N,N,D,1,0,1,0,22350.0,1,38.4322624206543,-122.9302978515625,2
2020,2020-09-26,1555,9,3,15,6,N,A,Y,A,H,A,A,01,E,01,E,,,,,J,Y,N,D,2,0,0,0,23152.0,1,38.65034866333008,-122.73629760742188,2
2020,2020-09-26,2210,9,3,22,6,N,A,N,A,H,D,F,26,N,01,F,,,,Y,A,Y,N,D,1,0,0,0,23152.0,1,38.61460876464844,-122.77088928222656,3
2020,2020-09-27,1330,9,3,13,7,N,A,N,A,H,A,C,02,S,03,F,,,Y,,A,Y,N,D,1,0,0,1,22350.0,1,,,2
2020,2020-08-18,619,8,2,6,2,Y,A,N,A,H,A,A,07,,09,D,,,,Y,C,Y,N,D,0,0,0,0,21802.0,2,38.25775146484375,-122.77143096923828,1
2020,2020-09-28,35,9,3,0,1,N,F,Y,A,H,C,A,01,S,08,B,,,,,C,Y,N,D,1,0,0,0,22107.0,2,38.49563980102539,-122.7553253173828,3
2020,2020-09-29,1030,9,3,10,2,N,B,Y,A,H,A,A,01,S,08,F,,,,,I,Y,N,D,1,0,0,0,22107.0,1,38.69249725341797,-122.88380432128906,4
2020,2020-09-30,1630,9,3,16,3,N,A,Y,A,H,A,A,01,N,08,B,,,,,C,N,N,D,2,0,0,0,22107.0,2,,,4
2020,2020-09-30,1745,9,3,17,3,N,A,Y,A,H,A,D,22,N,03,C,,,,,C,Y,N,D,3,0,0,0,22350.0,5,38.2778434753418,-122.67732238769533,4
2020,2020-09-30,700,9,3,7,3,Y,B,N,B,H,B,D,22,,12,A,,,,,C,Y,N,A,1,0,0,0,22450.0,2,38.65475845336913,-122.922119140625,4
2020,2020-09-29,2220,9,3,22,2,N,A,N,A,H,C,A,01,S,01,F,,,,,A,Y,N,A,1,0,0,0,23152.0,1,38.486377716064446,-122.73542022705078,3
2020,2020-10-03,1910,10,3,19,6,N,A,Y,A,H,D,A,01,N,08,E,,,,,I,Y,N,A,1,0,0,0,22107.0,1,38.26433563232422,-122.65987396240234,4
2020,2020-10-04,1730,10,3,17,7,N,A,N,A,H,A,D,22,E,01,E,,,,,I,Y,N,D,1,0,0,0,23152.0,1,38.198936,-122.600609,4
2020,2020-10-02,620,10,3,6,5,N,B,Y,A,H,A,A,01,N,07,B,,,,,C,N,N,D,1,0,0,0,21658.0,2,,,4
2020,2020-10-05,540,10,3,5,1,Y,E,N,B,H,E,D,22,,09,D,,,,,C,Y,N,D,1,0,0,0,21802.0,2,38.39925003051758,-122.74141693115234,4
2020,2020-09-27,1220,9,3,12,7,N,A,N,A,H,A,A,01,W,01,F,,,,,A,Y,N,D,1,0,0,0,23152.0,1,38.36882400512695,-122.64667510986328,3
2020,2020-10-10,2000,10,3,20,6,N,A,N,A,H,D,A,01,W,01,A,,,,,C,Y,N,D,2,0,0,0,23152.0,2,38.2604866027832,-122.4837646484375,2
2020,2020-10-09,145,10,3,1,5,N,A,N,A,H,D,D,22,E,01,E,,,,,I,Y,N,D,1,0,0,0,23152.0,1,,,4
2020,2020-10-06,820,10,3,8,2,N,A,N,A,H,A,A,01,S,03,C,,,,,C,Y,N,D,1,0,0,0,22350.0,2,38.47004699707031,-122.81610107421876,4
2020,2020-07-24,1426,7,2,14,5,Y,A,N,A,H,A,A,01,,09,D,,,,,C,Y,N,A,1,0,0,0,21802.0,2,38.230918884277344,-122.63784790039062,4
2020,2020-10-07,1225,10,3,12,3,N,A,N,A,H,A,C,02,N,05,D,,,Y,,C,Y,N,D,1,0,0,1,21460.0,2,38.54742813110352,-122.87090301513672,3
2020,2020-10-08,725,10,3,7,4,N,B,Y,A,H,A,A,01,S,03,C,,,,,C,Y,N,D,2,0,0,0,22350.0,2,38.502979278564446,-122.76506042480467,4
2020,2020-10-06,1703,10,3,17,2,Y,A,N,A,H,A,A,07,,09,D,,,,,C,Y,N,A,1,0,0,0,21801.0,2,38.49066162109375,-122.8835220336914,4
2020,2020-10-08,1620,10,3,16,4,N,A,Y,A,D,A,A,07,N,08,E,,,,,I,Y,N,D,1,0,0,0,22107.0,1,38.24826431274414,-122.6306381225586,4
2020,2020-10-07,1110,10,3,11,3,N,A,N,A,H,A,C,02,W,06,D,,,Y,,C,Y,N,D,1,0,0,1,21755.0,2,38.36702346801758,-122.80885314941406,2
2020,2020-10-08,1612,10,3,16,4,N,A,Y,A,H,A,A,01,S,03,C,,,,,C,Y,N,D,2,0,0,0,22350.0,4,38.37845993041992,-122.71611785888672,4
2020,2020-10-08,1605,10,3,16,4,N,A,Y,A,H,A,A,01,E,03,B,,,,Y,C,Y,N,D,1,0,0,0,22350.0,2,38.121036529541016,-122.49776458740234,4
2020,2020-10-08,755,10,3,7,4,N,B,Y,A,H,A,E,22,E,03,C,,,,,C,N,N,D,1,0,0,0,22350.0,3,38.445018768310554,-122.60458374023438,4
2020,2020-10-09,40,10,3,0,5,N,B,Y,A,H,D,A,01,N,01,F,,,,,A,Y,N,D,1,0,0,0,23152.0,1,38.2943229675293,-122.70016479492188,2
2020,2020-10-09,1640,10,3,16,5,N,A,N,A,H,A,A,07,S,09,D,,Y,,,G,N,N,D,1,0,1,0,21801.0,2,38.38037490844727,-122.86312103271484,4
2020,2020-10-10,1405,10,3,14,6,Y,B,N,B,H,A,A,07,,03,C,,,,,C,Y,N,D,2,0,0,0,22350.0,2,38.25054168701172,-122.56037139892578,4
2020,2020-10-11,1455,10,3,14,7,N,A,Y,A,H,A,A,01,W,03,C,,,,,C,Y,N,D,1,0,0,0,22350.0,2,38.450733184814446,-122.61671447753906,4
2020,2020-10-11,2135,10,3,21,7,N,A,N,A,H,C,A,01,E,01,E,,,,,I,Y,N,D,1,0,0,0,23152.0,1,38.51575469970703,-122.98280334472656,3
2020,2020-09-14,1944,9,3,19,1,N,A,N,A,H,D,C,02,E,05,F,,,Y,,A,Y,N,A,1,0,0,1,21460.0,1,38.3664436340332,-122.79835510253906,3
2020,2020-10-02,1800,10,3,18,5,N,F,Y,A,H,A,A,01,W,05,B,,,,,C,Y,N,D,1,0,0,0,21460.0,3,38.25043487548828,-122.38037109375,3
2020,2020-09-27,1300,9,3,13,7,N,A,Y,A,H,A,A,07,N,08,E,,,,,I,Y,N,D,1,0,0,0,22107.0,1,38.56800079345703,-122.82904815673828,2
2020,2020-10-05,1710,10,3,17,1,N,A,N,A,D,A,D,23,E,03,E,,,,,I,Y,N,A,1,0,0,0,22350.0,1,,,4
2020,2020-10-08,1804,10,3,18,4,N,A,Y,A,H,A,A,01,S,03,C,,,,,C,Y,N,D,1,0,0,0,22350.0,2,38.22893142700195,-122.61560821533205,4
2020,2020-10-08,2125,10,3,21,4,N,A,N,A,H,D,A,01,S,01,E,,,,,I,N,N,D,1,0,0,0,23152.0,1,38.18844604492188,-122.54154205322266,4
2020,2020-10-09,1510,10,3,15,5,N,A,Y,A,H,A,-,- ,W,18,H,,,Y,,A,N,N,D,1,0,0,1,,1,38.639896392822266,-122.77223205566406,2
2020,2020-10-10,1720,10,3,17,6,N,B,Y,A,H,A,A,07,S,08,E,,,,,I,Y,N,C,1,0,0,0,22107.0,1,38.520389556884766,-122.78523254394533,4
2020,2020-10-11,32,10,3,0,7,N,A,N,A,H,D,A,01,S,01,C,,,,Y,C,N,N,D,1,0,0,0,23152.0,2,38.32239532470703,-122.73512268066406,3
2020,2020-10-13,950,10,3,9,2,N,A,Y,A,H,A,A,01,N,07,E,,,,,I,Y,F,D,1,0,0,0,21658.0,2,,,3
2020,2020-10-14,120,10,3,1,3,N,A,N,A,H,D,A,07,E,01,E,,,,,I,Y,N,D,1,0,0,0,23152.0,1,38.423301696777344,-122.79678344726562,2
2020,2020-10-10,1105,10,3,11,6,N,B,Y,A,H,A,D,22,N,08,D,,,,,C,Y,N,A,2,0,0,0,22107.0,2,38.38637161254882,-122.71630096435548,3
2020,2020-10-11,1200,10,3,12,7,N,A,N,A,H,A,A,01,W,08,E,,,,,I,Y,N,D,1,0,0,0,22107.0,1,,,3
2020,2020-10-10,1408,10,3,14,6,N,B,Y,A,H,A,A,08,S,03,C,,,,,C,N,N,D,2,0,0,0,22350.0,2,38.41184997558594,-122.71617126464844,4
2020,2020-10-10,1745,10,3,17,6,N,B,Y,A,H,A,A,01,S,08,E,,,,,I,Y,N,D,2,0,0,0,22107.0,1,38.48943328857422,-122.74694061279295,4
2020,2020-10-11,1400,10,3,14,7,Y,A,N,A,H,A,A,08,,09,D,,,,,C,Y,N,A,2,0,0,0,21802.0,2,38.3843994140625,-122.68733978271484,3
2020,2020-10-11,1532,10,3,15,7,N,A,Y,A,H,A,A,01,N,01,F,,,,,A,Y,N,D,1,0,0,0,23152.0,1,38.77182388305664,-122.99863433837892,3
2020,2020-10-16,1735,10,3,17,5,Y,A,Y,A,H,A,A,01,,08,D,,,Y,,C,Y,N,D,1,0,0,1,22107.0,2,38.424346923828125,-122.55625915527344,3
2020,2020-10-16,1826,10,3,18,5,N,A,Y,A,H,B,D,22,E,08,D,,,,,C,Y,N,D,2,0,0,0,22107.0,2,38.43399810791016,-122.5747528076172,4
2020,2020-10-15,1925,10,3,19,4,N,A,N,A,H,D,A,01,E,08,E,,,,,I,Y,N,D,1,0,0,0,22107.0,1,38.549758911132805,-122.71824645996094,4
2020,2020-10-18,1032,10,3,10,7,N,A,Y,A,H,A,A,01,S,03,B,,,Y,,C,N,N,D,1,0,0,1,22350.0,2,38.32836532592773,-122.7126693725586,3
2020,2020-10-16,1100,10,3,11,5,N,A,N,A,H,A,D,22,E,03,C,,,,,C,Y,N,D,1,0,0,0,22350.0,2,38.49567413330078,-122.89923095703124,4
2020,2020-10-16,1425,10,3,14,5,N,A,Y,A,H,A,A,07,N,08,E,,,,,I,Y,N,D,1,0,0,0,22107.0,1,38.56448745727539,-122.82572174072266,4
2020,2020-10-12,1720,10,3,17,1,N,A,N,A,H,A,C,02,E,08,D,,,Y,,C,N,N,D,1,0,0,1,22107.0,2,38.49797058105469,-123.00597381591795,2
2020,2020-10-10,645,10,3,6,6,Y,B,N,A,H,D,A,01,,09,D,,,,,C,Y,N,D,2,0,0,0,21802.0,2,38.49571990966797,-122.89929962158205,4
2020,2020-10-13,1320,10,3,13,2,N,A,N,A,H,A,A,01,E,08,E,,,,,I,Y,N,D,1,0,0,0,22107.0,1,38.49655532836913,-122.77294921875,3
2020,2020-10-15,730,10,3,7,4,N,A,Y,A,H,A,A,01,S,03,C,,,,,C,Y,N,D,1,0,0,0,22350.0,2,38.2578353881836,-122.64868927001952,4
2020,2020-10-15,1242,10,3,12,4,N,A,Y,A,H,A,A,01,N,03,C,,,,,C,Y,N,D,1,0,0,0,22350.0,2,38.23854446411133,-122.62049102783205,4
2020,2020-10-16,1310,10,3,13,5,N,A,N,A,H,A,-,99,N,03,B,,Y,,,G,N,M,D,2,0,2,0,22350.0,3,38.500789642333984,-122.82583618164062,4
2020,2020-08-01,2319,8,2,23,6,N,A,N,A,H,C,L,04,S,08,E,,Y,,,I,N,N,A,1,0,1,0,22107.0,1,38.43391418457031,-122.72653198242188,3
2020,2020-10-13,1555,10,3,15,2,N,A,N,A,H,A,A,01,E,05,A,,,,,C,Y,N,D,1,0,0,0,21460.0,2,38.38787841796875,-122.5759735107422,2
2020,2020-10-19,2037,10,3,20,1,N,A,Y,A,H,C,A,01,S,03,C,,,,,C,Y,N,D,2,0,0,0,22350.0,3,38.348339080810554,-122.71298217773438,3
2020,2020-05-11,1137,5,1,11,1,N,C,Y,B,H,A,D,22,W,12,C,,,,,C,Y,N,A,3,0,0,0,21453.0,2,38.454692840576165,-122.68070220947266,3
2020,2020-08-07,1752,8,2,17,5,Y,A,Y,A,H,A,A,01,,09,A,,,,,C,Y,N,A,2,0,0,0,21453.0,2,38.27579498291016,-122.46034240722656,2
2020,2020-06-17,1418,6,2,14,3,Y,A,Y,A,H,A,A,01,,09,D,,Y,,,G,N,N,A,1,0,1,0,21453.0,2,38.42975997924805,-122.7448272705078,4
2020,2020-06-10,1118,6,2,11,3,Y,A,Y,A,H,A,A,01,,12,D,,,,,C,Y,N,A,1,0,0,0,21453.0,2,38.46269226074219,-122.66830444335938,4
2020,2020-10-14,1145,10,3,11,3,N,A,Y,A,H,A,A,07,S,09,D,,,,,C,N,N,D,1,0,0,0,21804.0,2,38.30787658691406,-122.47835540771484,4
2020,2020-10-20,1458,10,3,14,2,N,A,Y,A,H,A,A,01,S,08,E,,,,,I,Y,N,D,1,0,0,0,22107.0,1,38.60328674316406,-122.86722564697266,4
2020,2020-10-10,1220,10,3,12,6,N,B,Y,B,H,A,D,22,S,03,C,,,,,C,Y,N,D,1,0,0,0,22350.0,3,38.41999053955078,-122.71582794189452,4
2020,2020-10-20,1350,10,3,13,2,N,A,N,A,H,A,M,47,N,08,E,,,,,I,Y,N,D,1,0,0,0,22107.0,1,38.53504180908203,-123.125732421875,3
2020,2020-07-30,641,7,2,6,4,N,B,Y,B,H,A,D,22,S,03,B,,,Y,,C,Y,N,D,1,0,0,1,22350.0,2,38.43140411376953,-122.73854064941406,3
2020,2020-07-13,2020,7,2,20,1,Y,A,Y,A,H,A,A,01,,12,D,,,,,C,Y,N,A,2,0,0,0,21453.0,2,38.4274787902832,-122.7691650390625,4
2020,2020-10-08,1500,10,3,15,4,Y,A,N,A,H,A,D,22,,09,D,,,,,C,Y,N,D,2,0,0,0,21802.0,2,38.24300384521485,-122.50537109375,3
2020,2020-10-20,2130,10,3,21,2,N,A,Y,A,H,C,A,01,N,01,E,,,,,I,Y,N,D,1,0,0,0,23152.0,1,38.47063064575195,-122.72930908203124,4
2020,2020-10-16,2235,10,3,22,5,N,A,Y,A,H,D,D,22,S,08,F,,,,,I,Y,N,D,1,0,0,0,22107.0,1,38.775405883789055,-123.00206756591795,4
2020,2020-10-15,1012,10,3,10,4,N,A,Y,A,H,A,D,22,N,09,D,,,,,C,Y,N,D,1,0,0,0,21804.0,2,38.23668670654297,-122.45999145507812,4
2020,2020-10-19,1540,10,3,15,1,N,A,Y,A,H,A,E,22,S,03,C,,,,,C,Y,N,D,1,0,0,0,22350.0,2,38.41352081298828,-122.71593475341795,4
2020,2020-10-20,1434,10,3,14,2,Y,A,N,A,H,A,A,07,,09,D,,,,,C,Y,N,D,1,0,0,0,21801.0,2,38.25682067871094,-122.7071533203125,4
2020,2020-07-05,2359,7,2,23,7,N,A,Y,A,H,C,A,01,E,01,A,,,,,C,Y,N,A,1,0,0,0,23152.0,2,38.42076110839844,-122.71543884277344,3
2020,2020-10-03,1557,10,3,15,6,N,A,Y,A,H,A,A,01,N,01,A,,,,,C,Y,N,D,1,0,0,0,23152.0,2,38.252742767333984,-122.40293121337892,2
2020,2020-07-08,1055,7,2,10,3,Y,A,N,A,H,A,A,01,,01,A,,,,,C,Y,N,A,2,0,0,0,23153.0,2,38.42900848388672,-122.76937866210938,2
2020,2020-07-18,1828,7,2,18,6,Y,A,Y,A,H,A,-,- ,,00,D,,Y,,,G,N,N,A,1,0,1,0,,2,38.29196166992188,-122.45787048339844,3
2020,2020-10-17,1130,10,3,11,6,Y,A,N,A,H,A,C,02,,05,C,,,Y,,C,Y,N,D,1,0,0,1,21460.0,2,38.3774299621582,-122.9013214111328,2
2020,2020-10-19,1305,10,3,13,1,N,A,Y,A,H,A,A,07,N,03,C,,,,,C,Y,N,D,2,0,0,0,22350.0,3,,,3
2020,2020-10-20,140,10,3,1,2,N,A,N,A,H,D,A,01,S,08,E,,,,,I,Y,N,D,2,0,0,0,22107.0,1,38.36814880371094,-122.74136352539062,3
2020,2020-10-21,2120,10,3,21,3,Y,A,N,A,H,C,A,07,,01,D,,,,,C,Y,N,A,1,0,0,0,23152.0,2,38.38711166381836,-122.71858215332033,4
2020,2020-10-12,1715,10,3,17,1,N,A,Y,A,H,A,A,01,E,03,C,,,,,C,N,N,D,1,0,0,0,22350.0,2,38.31625747680664,-122.48307800292967,4
2020,2020-10-17,1738,10,3,17,6,N,A,Y,A,H,A,C,02,S,06,B,,,Y,,C,Y,N,A,1,0,0,1,21755.0,2,,,2
2020,2020-10-20,442,10,3,4,2,N,B,N,A,H,D,A,07,E,01,E,,,,,I,Y,N,D,1,0,0,0,23152.0,1,38.505855560302734,-122.95689392089844,3
2020,2020-10-22,1252,10,3,12,4,N,A,N,A,H,A,-,- ,S,00,B,,Y,,,G,N,N,D,1,0,1,0,,2,38.495906829833984,-122.76060485839844,2
2020,2020-10-19,1620,10,3,16,1,N,A,Y,A,H,A,D,22,W,03,C,,,,,C,Y,N,D,2,0,0,0,22350.0,2,38.1461181640625,-122.456298828125,4
2020,2020-10-22,1625,10,3,16,4,N,A,Y,A,H,A,D,22,W,01,C,,,,,C,Y,N,A,2,0,0,0,23152.0,4,,,3
2020,2020-10-18,2500,10,3,25,7,N,A,Y,A,H,C,D,22,S,01,F,,,,,J,Y,N,D,1,0,0,0,23152.0,1,38.26925659179688,-122.66657257080078,3
2020,2020-07-22,515,7,2,5,3,N,A,N,A,H,D,-,- ,W,18,E,,,,,I,Y,N,D,0,0,0,0,,1,,,1
2020,2020-10-22,2200,10,3,22,4,N,A,Y,A,H,D,A,01,S,01,E,,,,,I,Y,N,D,1,0,0,0,23152.0,1,38.37853240966797,-122.71611785888672,3
2020,2020-10-26,2319,10,3,23,1,N,A,N,A,H,D,A,01,E,01,F,,,,,A,Y,N,D,1,0,0,0,23152.0,1,38.4072151184082,-122.93284606933594,4
2020,2020-10-18,2315,10,3,23,7,N,A,N,A,H,D,A,01,N,01,E,,,,,I,Y,N,D,2,0,0,0,23152.0,1,,,2
2020,2020-10-28,155,10,3,1,3,N,A,N,A,H,D,D,22,N,01,E,,,,,I,Y,N,D,2,0,0,0,23152.0,1,38.39215850830078,-122.69229125976562,2
2020,2020-10-19,2045,10,3,20,1,N,A,Y,A,H,D,A,01,S,03,C,,,,Y,C,Y,N,D,1,0,0,0,22350.0,3,38.46946716308594,-122.72901916503906,3
2020,2020-07-20,2049,7,2,20,1,Y,A,N,A,H,C,A,01,,08,D,,,,,C,N,N,A,3,0,0,0,22107.0,2,38.24468994140625,-122.61784362792967,4
2020,2020-10-22,1200,10,3,12,4,N,A,N,A,H,A,L,04,E,03,H,,Y,,,A,N,N,D,1,0,1,0,22350.0,1,,,2
2020,2020-05-30,2313,5,1,23,6,N,A,N,A,H,C,C,02,S,08,F,,,Y,,A,N,N,D,1,0,0,1,22107.0,1,38.435352325439446,-122.66844177246094,3
2020,2020-05-26,1538,5,1,15,2,Y,A,N,A,H,A,-,- ,,18,E,,,,,J,Y,N,D,1,0,0,0,,1,38.47452926635742,-122.74700927734376,4